stage_history_id,opportunity_id,stage_name,entered_at
SH0000001,OPP000001,Prospecting,2024-08-13
SH0000002,OPP000001,Discovery,2024-08-26
SH0000003,OPP000001,Demo,2024-09-08
SH0000004,OPP000001,Proposal,2024-09-21
SH0000005,OPP000001,Negotiation,2024-10-04
SH0000006,OPP000001,Closed Won,2024-10-17
SH0000007,OPP000002,Prospecting,2025-03-24
SH0000008,OPP000002,Discovery,2025-04-12
SH0000009,OPP000002,Demo,2025-05-01
SH0000010,OPP000002,Proposal,2025-05-20
SH0000011,OPP000002,Negotiation,2025-06-08
SH0000012,OPP000002,Closed Lost,2025-06-27
SH0000013,OPP000003,Prospecting,2026-06-27
SH0000014,OPP000003,Discovery,2026-07-16
SH0000015,OPP000003,Demo,2026-08-04
SH0000016,OPP000004,Prospecting,2023-12-16
SH0000017,OPP000004,Discovery,2023-12-20
SH0000018,OPP000004,Demo,2023-12-24
SH0000019,OPP000004,Proposal,2023-12-28
SH0000020,OPP000004,Negotiation,2024-01-01
SH0000021,OPP000004,Closed Lost,2024-01-05
SH0000022,OPP000005,Prospecting,2024-07-22
SH0000023,OPP000005,Discovery,2024-08-01
SH0000024,OPP000005,Demo,2024-08-11
SH0000025,OPP000005,Proposal,2024-08-21
SH0000026,OPP000005,Negotiation,2024-08-31
SH0000027,OPP000005,Closed Won,2024-09-10
SH0000028,OPP000006,Prospecting,2026-06-22
SH0000029,OPP000006,Discovery,2026-07-21
SH0000030,OPP000006,Demo,2026-08-19
SH0000031,OPP000007,Prospecting,2025-02-23
SH0000032,OPP000007,Discovery,2025-03-06
SH0000033,OPP000007,Demo,2025-03-17
SH0000034,OPP000007,Proposal,2025-03-28
SH0000035,OPP000007,Negotiation,2025-04-08
SH0000036,OPP000007,Closed Won,2025-04-19
SH0000037,OPP000008,Prospecting,2025-01-20
SH0000038,OPP000008,Discovery,2025-01-24
SH0000039,OPP000008,Demo,2025-01-28
SH0000040,OPP000008,Proposal,2025-02-01
SH0000041,OPP000008,Negotiation,2025-02-05
SH0000042,OPP000008,Closed Lost,2025-02-09
SH0000043,OPP000009,Prospecting,2024-01-05
SH0000044,OPP000009,Discovery,2024-01-17
SH0000045,OPP000009,Demo,2024-01-29
SH0000046,OPP000009,Proposal,2024-02-10
SH0000047,OPP000009,Negotiation,2024-02-22
SH0000048,OPP000009,Closed Lost,2024-03-05
SH0000049,OPP000010,Prospecting,2024-10-12
SH0000050,OPP000010,Discovery,2024-10-18
SH0000051,OPP000010,Demo,2024-10-24
SH0000052,OPP000010,Proposal,2024-10-30
SH0000053,OPP000010,Negotiation,2024-11-05
SH0000054,OPP000010,Closed Lost,2024-11-11
SH0000055,OPP000011,Prospecting,2025-07-17
SH0000056,OPP000011,Discovery,2025-07-26
SH0000057,OPP000011,Demo,2025-08-04
SH0000058,OPP000011,Proposal,2025-08-13
SH0000059,OPP000011,Negotiation,2025-08-22
SH0000060,OPP000011,Closed Lost,2025-08-31
SH0000061,OPP000012,Prospecting,2023-10-29
SH0000062,OPP000012,Discovery,2023-10-31
SH0000063,OPP000012,Demo,2023-11-02
SH0000064,OPP000012,Proposal,2023-11-04
SH0000065,OPP000012,Negotiation,2023-11-06
SH0000066,OPP000012,Closed Lost,2023-11-08
SH0000067,OPP000013,Prospecting,2023-10-17
SH0000068,OPP000013,Discovery,2023-11-03
SH0000069,OPP000013,Demo,2023-11-20
SH0000070,OPP000013,Proposal,2023-12-07
SH0000071,OPP000013,Negotiation,2023-12-24
SH0000072,OPP000013,Closed Won,2024-01-10
SH0000073,OPP000014,Prospecting,2025-02-25
SH0000074,OPP000014,Discovery,2025-03-05
SH0000075,OPP000014,Demo,2025-03-13
SH0000076,OPP000014,Proposal,2025-03-21
SH0000077,OPP000014,Negotiation,2025-03-29
SH0000078,OPP000014,Closed Lost,2025-04-06
SH0000079,OPP000015,Prospecting,2023-12-26
SH0000080,OPP000015,Discovery,2024-01-10
SH0000081,OPP000015,Demo,2024-01-25
SH0000082,OPP000015,Proposal,2024-02-09
SH0000083,OPP000015,Negotiation,2024-02-24
SH0000084,OPP000015,Closed Lost,2024-03-10
SH0000085,OPP000016,Prospecting,2025-11-24
SH0000086,OPP000016,Demo,2025-12-30
SH0000087,OPP000016,Closed Won,2026-02-04
SH0000088,OPP000017,Prospecting,2025-02-15
SH0000089,OPP000017,Demo,2025-03-17
SH0000090,OPP000017,Closed Won,2025-04-16
SH0000091,OPP000018,Prospecting,2023-10-29
SH0000092,OPP000018,Discovery,2023-11-14
SH0000093,OPP000018,Demo,2023-11-30
SH0000094,OPP000018,Proposal,2023-12-16
SH0000095,OPP000018,Negotiation,2024-01-01
SH0000096,OPP000018,Closed Won,2024-01-17
SH0000097,OPP000019,Prospecting,2024-06-14
SH0000098,OPP000019,Discovery,2024-06-17
SH0000099,OPP000019,Demo,2024-06-20
SH0000100,OPP000019,Proposal,2024-06-23
SH0000101,OPP000019,Negotiation,2024-06-26
SH0000102,OPP000019,Closed Won,2024-06-29
SH0000103,OPP000020,Prospecting,2025-04-22
SH0000104,OPP000020,Discovery,2025-04-30
SH0000105,OPP000020,Demo,2025-05-08
SH0000106,OPP000020,Proposal,2025-05-16
SH0000107,OPP000020,Negotiation,2025-05-24
SH0000108,OPP000020,Closed Lost,2025-06-01
SH0000109,OPP000021,Prospecting,2024-04-24
SH0000110,OPP000021,Discovery,2024-04-26
SH0000111,OPP000021,Demo,2024-04-28
SH0000112,OPP000021,Proposal,2024-04-30
SH0000113,OPP000021,Negotiation,2024-05-02
SH0000114,OPP000021,Closed Lost,2024-05-04
SH0000115,OPP000022,Prospecting,2024-08-26
SH0000116,OPP000022,Discovery,2024-08-29
SH0000117,OPP000022,Demo,2024-09-01
SH0000118,OPP000022,Proposal,2024-09-04
SH0000119,OPP000022,Negotiation,2024-09-07
SH0000120,OPP000022,Closed Lost,2024-09-10
SH0000121,OPP000023,Prospecting,2025-06-15
SH0000122,OPP000023,Discovery,2025-06-22
SH0000123,OPP000023,Demo,2025-06-29
SH0000124,OPP000023,Proposal,2025-07-06
SH0000125,OPP000023,Negotiation,2025-07-13
SH0000126,OPP000023,Closed Lost,2025-07-20
SH0000127,OPP000024,Prospecting,2024-02-13
SH0000128,OPP000024,Discovery,2024-02-25
SH0000129,OPP000024,Demo,2024-03-08
SH0000130,OPP000024,Proposal,2024-03-20
SH0000131,OPP000024,Negotiation,2024-04-01
SH0000132,OPP000024,Closed Won,2024-04-13
SH0000133,OPP000025,Prospecting,2024-10-17
SH0000134,OPP000025,Discovery,2024-10-27
SH0000135,OPP000025,Demo,2024-11-06
SH0000136,OPP000025,Proposal,2024-11-16
SH0000137,OPP000025,Negotiation,2024-11-26
SH0000138,OPP000025,Closed Won,2024-12-06
SH0000139,OPP000026,Prospecting,2026-02-23
SH0000140,OPP000026,Discovery,2026-03-09
SH0000141,OPP000026,Demo,2026-03-23
SH0000142,OPP000026,Proposal,2026-04-06
SH0000143,OPP000026,Negotiation,2026-04-20
SH0000144,OPP000026,Closed Lost,2026-05-04
SH0000145,OPP000027,Prospecting,2023-01-15
SH0000146,OPP000027,Discovery,2023-01-18
SH0000147,OPP000027,Demo,2023-01-21
SH0000148,OPP000027,Proposal,2023-01-24
SH0000149,OPP000027,Negotiation,2023-01-27
SH0000150,OPP000027,Closed Lost,2023-01-30
SH0000151,OPP000028,Prospecting,2026-04-25
SH0000152,OPP000028,Discovery,2026-05-24
SH0000153,OPP000028,Demo,2026-06-22
SH0000154,OPP000028,Proposal,2026-07-21
SH0000155,OPP000029,Prospecting,2023-07-03
SH0000156,OPP000029,Discovery,2023-07-13
SH0000157,OPP000029,Demo,2023-07-23
SH0000158,OPP000029,Proposal,2023-08-02
SH0000159,OPP000029,Negotiation,2023-08-12
SH0000160,OPP000029,Closed Lost,2023-08-22
SH0000161,OPP000030,Prospecting,2024-02-16
SH0000162,OPP000030,Discovery,2024-03-05
SH0000163,OPP000030,Demo,2024-03-23
SH0000164,OPP000030,Proposal,2024-04-10
SH0000165,OPP000030,Negotiation,2024-04-28
SH0000166,OPP000030,Closed Lost,2024-05-16
SH0000167,OPP000031,Prospecting,2024-07-11
SH0000168,OPP000031,Discovery,2024-07-15
SH0000169,OPP000031,Demo,2024-07-19
SH0000170,OPP000031,Proposal,2024-07-23
SH0000171,OPP000031,Negotiation,2024-07-27
SH0000172,OPP000031,Closed Lost,2024-07-31
SH0000173,OPP000032,Prospecting,2025-03-05
SH0000174,OPP000032,Discovery,2025-03-22
SH0000175,OPP000032,Demo,2025-04-08
SH0000176,OPP000032,Proposal,2025-04-25
SH0000177,OPP000032,Negotiation,2025-05-12
SH0000178,OPP000032,Closed Won,2025-05-29
SH0000179,OPP000033,Prospecting,2023-06-27
SH0000180,OPP000033,Discovery,2023-07-09
SH0000181,OPP000033,Demo,2023-07-21
SH0000182,OPP000033,Proposal,2023-08-02
SH0000183,OPP000033,Negotiation,2023-08-14
SH0000184,OPP000033,Closed Lost,2023-08-26
SH0000185,OPP000034,Prospecting,2024-05-23
SH0000186,OPP000034,Discovery,2024-06-04
SH0000187,OPP000034,Demo,2024-06-16
SH0000188,OPP000034,Proposal,2024-06-28
SH0000189,OPP000034,Negotiation,2024-07-10
SH0000190,OPP000034,Closed Won,2024-07-22
SH0000191,OPP000035,Prospecting,2023-11-12
SH0000192,OPP000035,Discovery,2023-11-26
SH0000193,OPP000035,Demo,2023-12-10
SH0000194,OPP000035,Proposal,2023-12-24
SH0000195,OPP000035,Negotiation,2024-01-07
SH0000196,OPP000035,Closed Won,2024-01-21
SH0000197,OPP000036,Prospecting,2024-07-05
SH0000198,OPP000036,Discovery,2024-07-16
SH0000199,OPP000036,Demo,2024-07-27
SH0000200,OPP000036,Proposal,2024-08-07
SH0000201,OPP000036,Negotiation,2024-08-18
SH0000202,OPP000036,Closed Won,2024-08-29
SH0000203,OPP000037,Prospecting,2024-07-16
SH0000204,OPP000037,Discovery,2024-07-18
SH0000205,OPP000037,Demo,2024-07-20
SH0000206,OPP000037,Proposal,2024-07-22
SH0000207,OPP000037,Negotiation,2024-07-24
SH0000208,OPP000037,Closed Lost,2024-07-26
SH0000209,OPP000038,Prospecting,2025-02-17
SH0000210,OPP000038,Discovery,2025-03-04
SH0000211,OPP000038,Demo,2025-03-19
SH0000212,OPP000038,Proposal,2025-04-03
SH0000213,OPP000038,Negotiation,2025-04-18
SH0000214,OPP000038,Closed Lost,2025-05-03
SH0000215,OPP000039,Prospecting,2025-09-26
SH0000216,OPP000039,Discovery,2025-10-09
SH0000217,OPP000039,Demo,2025-10-22
SH0000218,OPP000039,Proposal,2025-11-04
SH0000219,OPP000039,Negotiation,2025-11-17
SH0000220,OPP000039,Closed Won,2025-11-30
SH0000221,OPP000040,Prospecting,2025-01-06
SH0000222,OPP000040,Discovery,2025-01-25
SH0000223,OPP000040,Demo,2025-02-13
SH0000224,OPP000040,Proposal,2025-03-04
SH0000225,OPP000040,Negotiation,2025-03-23
SH0000226,OPP000040,Closed Won,2025-04-11
SH0000227,OPP000041,Prospecting,2024-12-23
SH0000228,OPP000041,Discovery,2025-01-05
SH0000229,OPP000041,Demo,2025-01-18
SH0000230,OPP000041,Proposal,2025-01-31
SH0000231,OPP000041,Negotiation,2025-02-13
SH0000232,OPP000041,Closed Lost,2025-02-26
SH0000233,OPP000042,Prospecting,2024-03-31
SH0000234,OPP000042,Discovery,2024-04-07
SH0000235,OPP000042,Demo,2024-04-14
SH0000236,OPP000042,Proposal,2024-04-21
SH0000237,OPP000042,Negotiation,2024-04-28
SH0000238,OPP000042,Closed Won,2024-05-05
SH0000239,OPP000043,Prospecting,2024-08-29
SH0000240,OPP000043,Discovery,2024-08-31
SH0000241,OPP000043,Demo,2024-09-02
SH0000242,OPP000043,Proposal,2024-09-04
SH0000243,OPP000043,Negotiation,2024-09-06
SH0000244,OPP000043,Closed Won,2024-09-08
SH0000245,OPP000044,Prospecting,2025-04-16
SH0000246,OPP000044,Discovery,2025-05-04
SH0000247,OPP000044,Demo,2025-05-22
SH0000248,OPP000044,Proposal,2025-06-09
SH0000249,OPP000044,Negotiation,2025-06-27
SH0000250,OPP000044,Closed Lost,2025-07-15
SH0000251,OPP000045,Prospecting,2024-07-16
SH0000252,OPP000045,Discovery,2024-07-25
SH0000253,OPP000045,Demo,2024-08-03
SH0000254,OPP000045,Proposal,2024-08-12
SH0000255,OPP000045,Negotiation,2024-08-21
SH0000256,OPP000045,Closed Lost,2024-08-30
SH0000257,OPP000046,Prospecting,2025-03-16
SH0000258,OPP000046,Demo,2025-04-18
SH0000259,OPP000046,Closed Lost,2025-05-21
SH0000260,OPP000047,Prospecting,2024-01-28
SH0000261,OPP000047,Discovery,2024-02-09
SH0000262,OPP000047,Demo,2024-02-21
SH0000263,OPP000047,Proposal,2024-03-04
SH0000264,OPP000047,Negotiation,2024-03-16
SH0000265,OPP000047,Closed Lost,2024-03-28
SH0000266,OPP000048,Prospecting,2023-10-21
SH0000267,OPP000048,Discovery,2023-11-08
SH0000268,OPP000048,Demo,2023-11-26
SH0000269,OPP000048,Proposal,2023-12-14
SH0000270,OPP000048,Negotiation,2024-01-01
SH0000271,OPP000048,Closed Lost,2024-01-19
SH0000272,OPP000049,Prospecting,2024-05-22
SH0000273,OPP000049,Discovery,2024-05-30
SH0000274,OPP000049,Demo,2024-06-07
SH0000275,OPP000049,Proposal,2024-06-15
SH0000276,OPP000049,Negotiation,2024-06-23
SH0000277,OPP000049,Closed Lost,2024-07-01
SH0000278,OPP000050,Prospecting,2025-03-13
SH0000279,OPP000050,Discovery,2025-03-30
SH0000280,OPP000050,Demo,2025-04-16
SH0000281,OPP000050,Proposal,2025-05-03
SH0000282,OPP000050,Negotiation,2025-05-20
SH0000283,OPP000050,Closed Won,2025-06-06
SH0000284,OPP000051,Prospecting,2024-10-25
SH0000285,OPP000051,Discovery,2024-11-11
SH0000286,OPP000051,Demo,2024-11-28
SH0000287,OPP000051,Proposal,2024-12-15
SH0000288,OPP000051,Negotiation,2025-01-01
SH0000289,OPP000051,Closed Lost,2025-01-18
SH0000290,OPP000052,Prospecting,2024-12-23
SH0000291,OPP000052,Discovery,2025-01-08
SH0000292,OPP000052,Demo,2025-01-24
SH0000293,OPP000052,Proposal,2025-02-09
SH0000294,OPP000052,Negotiation,2025-02-25
SH0000295,OPP000052,Closed Lost,2025-03-13
SH0000296,OPP000053,Prospecting,2025-09-17
SH0000297,OPP000053,Discovery,2025-10-02
SH0000298,OPP000053,Demo,2025-10-17
SH0000299,OPP000053,Proposal,2025-11-01
SH0000300,OPP000053,Negotiation,2025-11-16
SH0000301,OPP000053,Closed Lost,2025-12-01
SH0000302,OPP000054,Prospecting,2023-02-21
SH0000303,OPP000054,Discovery,2023-03-10
SH0000304,OPP000054,Demo,2023-03-27
SH0000305,OPP000054,Proposal,2023-04-13
SH0000306,OPP000054,Negotiation,2023-04-30
SH0000307,OPP000054,Closed Won,2023-05-17
SH0000308,OPP000055,Prospecting,2023-10-07
SH0000309,OPP000055,Discovery,2023-10-17
SH0000310,OPP000055,Demo,2023-10-27
SH0000311,OPP000055,Proposal,2023-11-06
SH0000312,OPP000055,Negotiation,2023-11-16
SH0000313,OPP000055,Closed Won,2023-11-26
SH0000314,OPP000056,Prospecting,2025-08-30
SH0000315,OPP000056,Discovery,2025-09-10
SH0000316,OPP000056,Demo,2025-09-21
SH0000317,OPP000056,Proposal,2025-10-02
SH0000318,OPP000056,Negotiation,2025-10-13
SH0000319,OPP000056,Closed Won,2025-10-24
SH0000320,OPP000057,Prospecting,2025-10-03
SH0000321,OPP000057,Discovery,2025-10-22
SH0000322,OPP000057,Demo,2025-11-10
SH0000323,OPP000057,Proposal,2025-11-29
SH0000324,OPP000057,Negotiation,2025-12-18
SH0000325,OPP000057,Closed Lost,2026-01-06
SH0000326,OPP000058,Prospecting,2026-06-11
SH0000327,OPP000059,Prospecting,2024-08-11
SH0000328,OPP000059,Discovery,2024-08-19
SH0000329,OPP000059,Demo,2024-08-27
SH0000330,OPP000059,Proposal,2024-09-04
SH0000331,OPP000059,Negotiation,2024-09-12
SH0000332,OPP000059,Closed Lost,2024-09-20
SH0000333,OPP000060,Prospecting,2023-05-27
SH0000334,OPP000060,Discovery,2023-06-11
SH0000335,OPP000060,Demo,2023-06-26
SH0000336,OPP000060,Proposal,2023-07-11
SH0000337,OPP000060,Negotiation,2023-07-26
SH0000338,OPP000060,Closed Lost,2023-08-10
SH0000339,OPP000061,Prospecting,2024-01-20
SH0000340,OPP000061,Demo,2024-02-01
SH0000341,OPP000061,Closed Lost,2024-02-13
SH0000342,OPP000062,Prospecting,2023-02-11
SH0000343,OPP000062,Discovery,2023-02-17
SH0000344,OPP000062,Demo,2023-02-23
SH0000345,OPP000062,Proposal,2023-03-01
SH0000346,OPP000062,Negotiation,2023-03-07
SH0000347,OPP000062,Closed Won,2023-03-13
SH0000348,OPP000063,Prospecting,2024-08-03
SH0000349,OPP000063,Discovery,2024-08-21
SH0000350,OPP000063,Demo,2024-09-08
SH0000351,OPP000063,Proposal,2024-09-26
SH0000352,OPP000063,Negotiation,2024-10-14
SH0000353,OPP000063,Closed Won,2024-11-01
SH0000354,OPP000064,Prospecting,2025-03-23
SH0000355,OPP000064,Discovery,2025-04-06
SH0000356,OPP000064,Demo,2025-04-20
SH0000357,OPP000064,Proposal,2025-05-04
SH0000358,OPP000064,Negotiation,2025-05-18
SH0000359,OPP000064,Closed Won,2025-06-01
SH0000360,OPP000065,Prospecting,2025-04-27
SH0000361,OPP000065,Discovery,2025-05-16
SH0000362,OPP000065,Demo,2025-06-04
SH0000363,OPP000065,Proposal,2025-06-23
SH0000364,OPP000065,Negotiation,2025-07-12
SH0000365,OPP000065,Closed Lost,2025-07-31
SH0000366,OPP000066,Prospecting,2024-11-02
SH0000367,OPP000066,Discovery,2024-11-17
SH0000368,OPP000066,Demo,2024-12-02
SH0000369,OPP000066,Proposal,2024-12-17
SH0000370,OPP000066,Negotiation,2025-01-01
SH0000371,OPP000066,Closed Won,2025-01-16
SH0000372,OPP000067,Prospecting,2025-07-24
SH0000373,OPP000067,Discovery,2025-08-10
SH0000374,OPP000067,Demo,2025-08-27
SH0000375,OPP000067,Proposal,2025-09-13
SH0000376,OPP000067,Negotiation,2025-09-30
SH0000377,OPP000067,Closed Lost,2025-10-17
SH0000378,OPP000068,Prospecting,2023-04-17
SH0000379,OPP000068,Discovery,2023-04-20
SH0000380,OPP000068,Demo,2023-04-23
SH0000381,OPP000068,Proposal,2023-04-26
SH0000382,OPP000068,Negotiation,2023-04-29
SH0000383,OPP000068,Closed Lost,2023-05-02
SH0000384,OPP000069,Prospecting,2023-10-26
SH0000385,OPP000069,Discovery,2023-11-14
SH0000386,OPP000069,Demo,2023-12-03
SH0000387,OPP000069,Proposal,2023-12-22
SH0000388,OPP000069,Negotiation,2024-01-10
SH0000389,OPP000069,Closed Lost,2024-01-29
SH0000390,OPP000070,Prospecting,2023-09-20
SH0000391,OPP000070,Discovery,2023-10-02
SH0000392,OPP000070,Demo,2023-10-14
SH0000393,OPP000070,Proposal,2023-10-26
SH0000394,OPP000070,Negotiation,2023-11-07
SH0000395,OPP000070,Closed Won,2023-11-19
SH0000396,OPP000071,Prospecting,2024-04-21
SH0000397,OPP000071,Discovery,2024-05-01
SH0000398,OPP000071,Demo,2024-05-11
SH0000399,OPP000071,Proposal,2024-05-21
SH0000400,OPP000071,Negotiation,2024-05-31
SH0000401,OPP000071,Closed Lost,2024-06-10
SH0000402,OPP000072,Prospecting,2024-02-15
SH0000403,OPP000072,Discovery,2024-03-03
SH0000404,OPP000072,Demo,2024-03-20
SH0000405,OPP000072,Proposal,2024-04-06
SH0000406,OPP000072,Negotiation,2024-04-23
SH0000407,OPP000072,Closed Lost,2024-05-10
SH0000408,OPP000073,Prospecting,2026-04-11
SH0000409,OPP000073,Demo,2026-04-30
SH0000410,OPP000073,Closed Lost,2026-05-19
SH0000411,OPP000074,Prospecting,2025-10-17
SH0000412,OPP000074,Discovery,2025-10-28
SH0000413,OPP000074,Demo,2025-11-08
SH0000414,OPP000074,Proposal,2025-11-19
SH0000415,OPP000074,Negotiation,2025-11-30
SH0000416,OPP000074,Closed Lost,2025-12-11
SH0000417,OPP000075,Prospecting,2026-06-12
SH0000418,OPP000075,Discovery,2026-08-04
SH0000419,OPP000076,Prospecting,2026-01-18
SH0000420,OPP000076,Discovery,2026-01-22
SH0000421,OPP000076,Demo,2026-01-26
SH0000422,OPP000076,Proposal,2026-01-30
SH0000423,OPP000076,Negotiation,2026-02-03
SH0000424,OPP000076,Closed Lost,2026-02-07
SH0000425,OPP000077,Prospecting,2024-06-27
SH0000426,OPP000077,Discovery,2024-07-03
SH0000427,OPP000077,Demo,2024-07-09
SH0000428,OPP000077,Proposal,2024-07-15
SH0000429,OPP000077,Negotiation,2024-07-21
SH0000430,OPP000077,Closed Lost,2024-07-27
SH0000431,OPP000078,Prospecting,2025-02-08
SH0000432,OPP000078,Discovery,2025-02-10
SH0000433,OPP000078,Demo,2025-02-12
SH0000434,OPP000078,Proposal,2025-02-14
SH0000435,OPP000078,Negotiation,2025-02-16
SH0000436,OPP000078,Closed Lost,2025-02-18
SH0000437,OPP000079,Prospecting,2024-06-26
SH0000438,OPP000079,Discovery,2024-07-13
SH0000439,OPP000079,Demo,2024-07-30
SH0000440,OPP000079,Proposal,2024-08-16
SH0000441,OPP000079,Negotiation,2024-09-02
SH0000442,OPP000079,Closed Won,2024-09-19
SH0000443,OPP000080,Prospecting,2025-10-11
SH0000444,OPP000080,Discovery,2025-10-23
SH0000445,OPP000080,Demo,2025-11-04
SH0000446,OPP000080,Proposal,2025-11-16
SH0000447,OPP000080,Negotiation,2025-11-28
SH0000448,OPP000080,Closed Lost,2025-12-10
SH0000449,OPP000081,Prospecting,2024-06-06
SH0000450,OPP000081,Discovery,2024-06-19
SH0000451,OPP000081,Demo,2024-07-02
SH0000452,OPP000081,Proposal,2024-07-15
SH0000453,OPP000081,Negotiation,2024-07-28
SH0000454,OPP000081,Closed Won,2024-08-10
SH0000455,OPP000082,Prospecting,2024-07-26
SH0000456,OPP000082,Discovery,2024-07-31
SH0000457,OPP000082,Demo,2024-08-05
SH0000458,OPP000082,Proposal,2024-08-10
SH0000459,OPP000082,Negotiation,2024-08-15
SH0000460,OPP000082,Closed Lost,2024-08-20
SH0000461,OPP000083,Prospecting,2025-09-20
SH0000462,OPP000083,Discovery,2025-10-01
SH0000463,OPP000083,Demo,2025-10-12
SH0000464,OPP000083,Proposal,2025-10-23
SH0000465,OPP000083,Negotiation,2025-11-03
SH0000466,OPP000083,Closed Lost,2025-11-14
SH0000467,OPP000084,Prospecting,2024-10-03
SH0000468,OPP000084,Discovery,2024-10-19
SH0000469,OPP000084,Demo,2024-11-04
SH0000470,OPP000084,Proposal,2024-11-20
SH0000471,OPP000084,Negotiation,2024-12-06
SH0000472,OPP000084,Closed Lost,2024-12-22
SH0000473,OPP000085,Prospecting,2025-10-07
SH0000474,OPP000085,Discovery,2025-10-21
SH0000475,OPP000085,Demo,2025-11-04
SH0000476,OPP000085,Proposal,2025-11-18
SH0000477,OPP000085,Negotiation,2025-12-02
SH0000478,OPP000085,Closed Won,2025-12-16
SH0000479,OPP000086,Prospecting,2025-10-09
SH0000480,OPP000086,Discovery,2025-10-25
SH0000481,OPP000086,Demo,2025-11-10
SH0000482,OPP000086,Proposal,2025-11-26
SH0000483,OPP000086,Negotiation,2025-12-12
SH0000484,OPP000086,Closed Lost,2025-12-28
SH0000485,OPP000087,Prospecting,2026-05-28
SH0000486,OPP000087,Discovery,2026-07-07
SH0000487,OPP000088,Prospecting,2024-06-22
SH0000488,OPP000088,Discovery,2024-06-29
SH0000489,OPP000088,Demo,2024-07-06
SH0000490,OPP000088,Proposal,2024-07-13
SH0000491,OPP000088,Negotiation,2024-07-20
SH0000492,OPP000088,Closed Won,2024-07-27
SH0000493,OPP000089,Prospecting,2024-09-30
SH0000494,OPP000089,Discovery,2024-10-11
SH0000495,OPP000089,Demo,2024-10-22
SH0000496,OPP000089,Proposal,2024-11-02
SH0000497,OPP000089,Negotiation,2024-11-13
SH0000498,OPP000089,Closed Won,2024-11-24
SH0000499,OPP000090,Prospecting,2023-07-28
SH0000500,OPP000090,Discovery,2023-07-30
SH0000501,OPP000090,Demo,2023-08-01
SH0000502,OPP000090,Proposal,2023-08-03
SH0000503,OPP000090,Negotiation,2023-08-05
SH0000504,OPP000090,Closed Won,2023-08-07
SH0000505,OPP000091,Prospecting,2023-03-19
SH0000506,OPP000091,Discovery,2023-04-02
SH0000507,OPP000091,Demo,2023-04-16
SH0000508,OPP000091,Proposal,2023-04-30
SH0000509,OPP000091,Negotiation,2023-05-14
SH0000510,OPP000091,Closed Lost,2023-05-28
SH0000511,OPP000092,Prospecting,2024-03-13
SH0000512,OPP000092,Discovery,2024-03-29
SH0000513,OPP000092,Demo,2024-04-14
SH0000514,OPP000092,Proposal,2024-04-30
SH0000515,OPP000092,Negotiation,2024-05-16
SH0000516,OPP000092,Closed Lost,2024-06-01
SH0000517,OPP000093,Prospecting,2024-10-02
SH0000518,OPP000093,Discovery,2024-10-11
SH0000519,OPP000093,Demo,2024-10-20
SH0000520,OPP000093,Proposal,2024-10-29
SH0000521,OPP000093,Negotiation,2024-11-07
SH0000522,OPP000093,Closed Lost,2024-11-16
SH0000523,OPP000094,Prospecting,2026-06-12
SH0000524,OPP000095,Prospecting,2023-03-05
SH0000525,OPP000095,Discovery,2023-03-22
SH0000526,OPP000095,Demo,2023-04-08
SH0000527,OPP000095,Proposal,2023-04-25
SH0000528,OPP000095,Negotiation,2023-05-12
SH0000529,OPP000095,Closed Lost,2023-05-29
SH0000530,OPP000096,Prospecting,2025-10-12
SH0000531,OPP000096,Discovery,2025-10-15
SH0000532,OPP000096,Demo,2025-10-18
SH0000533,OPP000096,Proposal,2025-10-21
SH0000534,OPP000096,Negotiation,2025-10-24
SH0000535,OPP000096,Closed Lost,2025-10-27
SH0000536,OPP000097,Prospecting,2024-09-23
SH0000537,OPP000097,Discovery,2024-10-08
SH0000538,OPP000097,Demo,2024-10-23
SH0000539,OPP000097,Proposal,2024-11-07
SH0000540,OPP000097,Negotiation,2024-11-22
SH0000541,OPP000097,Closed Won,2024-12-07
SH0000542,OPP000098,Prospecting,2025-05-04
SH0000543,OPP000098,Discovery,2025-05-08
SH0000544,OPP000098,Demo,2025-05-12
SH0000545,OPP000098,Proposal,2025-05-16
SH0000546,OPP000098,Negotiation,2025-05-20
SH0000547,OPP000098,Closed Lost,2025-05-24
SH0000548,OPP000099,Prospecting,2025-06-30
SH0000549,OPP000099,Discovery,2025-07-19
SH0000550,OPP000099,Demo,2025-08-07
SH0000551,OPP000099,Proposal,2025-08-26
SH0000552,OPP000099,Negotiation,2025-09-14
SH0000553,OPP000099,Closed Lost,2025-10-03
SH0000554,OPP000100,Prospecting,2026-06-02
SH0000555,OPP000100,Discovery,2026-07-11
SH0000556,OPP000100,Demo,2026-08-19
SH0000557,OPP000101,Prospecting,2023-12-01
SH0000558,OPP000101,Discovery,2023-12-06
SH0000559,OPP000101,Demo,2023-12-11
SH0000560,OPP000101,Proposal,2023-12-16
SH0000561,OPP000101,Negotiation,2023-12-21
SH0000562,OPP000101,Closed Won,2023-12-26
SH0000563,OPP000102,Prospecting,2024-07-30
SH0000564,OPP000102,Discovery,2024-08-17
SH0000565,OPP000102,Demo,2024-09-04
SH0000566,OPP000102,Proposal,2024-09-22
SH0000567,OPP000102,Negotiation,2024-10-10
SH0000568,OPP000102,Closed Lost,2024-10-28
SH0000569,OPP000103,Prospecting,2023-11-05
SH0000570,OPP000103,Demo,2023-11-14
SH0000571,OPP000103,Closed Lost,2023-11-23
SH0000572,OPP000104,Prospecting,2023-01-16
SH0000573,OPP000104,Discovery,2023-01-28
SH0000574,OPP000104,Demo,2023-02-09
SH0000575,OPP000104,Proposal,2023-02-21
SH0000576,OPP000104,Negotiation,2023-03-05
SH0000577,OPP000104,Closed Lost,2023-03-17
SH0000578,OPP000105,Prospecting,2026-01-20
SH0000579,OPP000105,Demo,2026-02-25
SH0000580,OPP000105,Closed Won,2026-04-02
SH0000581,OPP000106,Prospecting,2025-03-25
SH0000582,OPP000106,Discovery,2025-04-10
SH0000583,OPP000106,Demo,2025-04-26
SH0000584,OPP000106,Proposal,2025-05-12
SH0000585,OPP000106,Negotiation,2025-05-28
SH0000586,OPP000106,Closed Won,2025-06-13
SH0000587,OPP000107,Prospecting,2025-07-05
SH0000588,OPP000107,Discovery,2025-07-21
SH0000589,OPP000107,Demo,2025-08-06
SH0000590,OPP000107,Proposal,2025-08-22
SH0000591,OPP000107,Negotiation,2025-09-07
SH0000592,OPP000107,Closed Won,2025-09-23
SH0000593,OPP000108,Prospecting,2024-07-08
SH0000594,OPP000108,Discovery,2024-07-24
SH0000595,OPP000108,Demo,2024-08-09
SH0000596,OPP000108,Proposal,2024-08-25
SH0000597,OPP000108,Negotiation,2024-09-10
SH0000598,OPP000108,Closed Lost,2024-09-26
SH0000599,OPP000109,Prospecting,2025-10-22
SH0000600,OPP000109,Discovery,2025-11-10
SH0000601,OPP000109,Demo,2025-11-29
SH0000602,OPP000109,Proposal,2025-12-18
SH0000603,OPP000109,Negotiation,2026-01-06
SH0000604,OPP000109,Closed Lost,2026-01-25
SH0000605,OPP000110,Prospecting,2023-08-26
SH0000606,OPP000110,Discovery,2023-09-08
SH0000607,OPP000110,Demo,2023-09-21
SH0000608,OPP000110,Proposal,2023-10-04
SH0000609,OPP000110,Negotiation,2023-10-17
SH0000610,OPP000110,Closed Won,2023-10-30
SH0000611,OPP000111,Prospecting,2023-11-03
SH0000612,OPP000111,Discovery,2023-11-22
SH0000613,OPP000111,Demo,2023-12-11
SH0000614,OPP000111,Proposal,2023-12-30
SH0000615,OPP000111,Negotiation,2024-01-18
SH0000616,OPP000111,Closed Lost,2024-02-06
SH0000617,OPP000112,Prospecting,2024-05-17
SH0000618,OPP000112,Discovery,2024-06-02
SH0000619,OPP000112,Demo,2024-06-18
SH0000620,OPP000112,Proposal,2024-07-04
SH0000621,OPP000112,Negotiation,2024-07-20
SH0000622,OPP000112,Closed Won,2024-08-05
SH0000623,OPP000113,Prospecting,2025-09-04
SH0000624,OPP000113,Discovery,2025-09-17
SH0000625,OPP000113,Demo,2025-09-30
SH0000626,OPP000113,Proposal,2025-10-13
SH0000627,OPP000113,Negotiation,2025-10-26
SH0000628,OPP000113,Closed Won,2025-11-08
SH0000629,OPP000114,Prospecting,2025-08-31
SH0000630,OPP000114,Discovery,2025-09-10
SH0000631,OPP000114,Demo,2025-09-20
SH0000632,OPP000114,Proposal,2025-09-30
SH0000633,OPP000114,Negotiation,2025-10-10
SH0000634,OPP000114,Closed Lost,2025-10-20
SH0000635,OPP000115,Prospecting,2024-08-30
SH0000636,OPP000115,Discovery,2024-09-04
SH0000637,OPP000115,Demo,2024-09-09
SH0000638,OPP000115,Proposal,2024-09-14
SH0000639,OPP000115,Negotiation,2024-09-19
SH0000640,OPP000115,Closed Lost,2024-09-24
SH0000641,OPP000116,Prospecting,2024-09-10
SH0000642,OPP000116,Discovery,2024-09-24
SH0000643,OPP000116,Demo,2024-10-08
SH0000644,OPP000116,Proposal,2024-10-22
SH0000645,OPP000116,Negotiation,2024-11-05
SH0000646,OPP000116,Closed Lost,2024-11-19
SH0000647,OPP000117,Prospecting,2023-04-10
SH0000648,OPP000117,Discovery,2023-04-17
SH0000649,OPP000117,Demo,2023-04-24
SH0000650,OPP000117,Proposal,2023-05-01
SH0000651,OPP000117,Negotiation,2023-05-08
SH0000652,OPP000117,Closed Won,2023-05-15
SH0000653,OPP000118,Prospecting,2023-11-25
SH0000654,OPP000118,Discovery,2023-12-01
SH0000655,OPP000118,Demo,2023-12-07
SH0000656,OPP000118,Proposal,2023-12-13
SH0000657,OPP000118,Negotiation,2023-12-19
SH0000658,OPP000118,Closed Won,2023-12-25
SH0000659,OPP000119,Prospecting,2023-11-04
SH0000660,OPP000119,Discovery,2023-11-20
SH0000661,OPP000119,Demo,2023-12-06
SH0000662,OPP000119,Proposal,2023-12-22
SH0000663,OPP000119,Negotiation,2024-01-07
SH0000664,OPP000119,Closed Won,2024-01-23
SH0000665,OPP000120,Prospecting,2023-06-25
SH0000666,OPP000120,Demo,2023-07-05
SH0000667,OPP000120,Closed Lost,2023-07-15
SH0000668,OPP000121,Prospecting,2025-08-06
SH0000669,OPP000121,Discovery,2025-08-14
SH0000670,OPP000121,Demo,2025-08-22
SH0000671,OPP000121,Proposal,2025-08-30
SH0000672,OPP000121,Negotiation,2025-09-07
SH0000673,OPP000121,Closed Lost,2025-09-15
SH0000674,OPP000122,Prospecting,2025-09-06
SH0000675,OPP000122,Discovery,2025-09-08
SH0000676,OPP000122,Demo,2025-09-10
SH0000677,OPP000122,Proposal,2025-09-12
SH0000678,OPP000122,Negotiation,2025-09-14
SH0000679,OPP000122,Closed Lost,2025-09-16
SH0000680,OPP000123,Prospecting,2026-05-20
SH0000681,OPP000123,Discovery,2026-07-14
SH0000682,OPP000124,Prospecting,2023-09-26
SH0000683,OPP000124,Discovery,2023-10-14
SH0000684,OPP000124,Demo,2023-11-01
SH0000685,OPP000124,Proposal,2023-11-19
SH0000686,OPP000124,Negotiation,2023-12-07
SH0000687,OPP000124,Closed Lost,2023-12-25
SH0000688,OPP000125,Prospecting,2025-02-27
SH0000689,OPP000125,Discovery,2025-03-12
SH0000690,OPP000125,Demo,2025-03-25
SH0000691,OPP000125,Proposal,2025-04-07
SH0000692,OPP000125,Negotiation,2025-04-20
SH0000693,OPP000125,Closed Won,2025-05-03
SH0000694,OPP000126,Prospecting,2025-09-30
SH0000695,OPP000126,Discovery,2025-10-06
SH0000696,OPP000126,Demo,2025-10-12
SH0000697,OPP000126,Proposal,2025-10-18
SH0000698,OPP000126,Negotiation,2025-10-24
SH0000699,OPP000126,Closed Won,2025-10-30
SH0000700,OPP000127,Prospecting,2024-08-17
SH0000701,OPP000127,Discovery,2024-08-24
SH0000702,OPP000127,Demo,2024-08-31
SH0000703,OPP000127,Proposal,2024-09-07
SH0000704,OPP000127,Negotiation,2024-09-14
SH0000705,OPP000127,Closed Lost,2024-09-21
SH0000706,OPP000128,Prospecting,2025-01-26
SH0000707,OPP000128,Discovery,2025-02-08
SH0000708,OPP000128,Demo,2025-02-21
SH0000709,OPP000128,Proposal,2025-03-06
SH0000710,OPP000128,Negotiation,2025-03-19
SH0000711,OPP000128,Closed Won,2025-04-01
SH0000712,OPP000129,Prospecting,2025-09-18
SH0000713,OPP000129,Discovery,2025-10-03
SH0000714,OPP000129,Demo,2025-10-18
SH0000715,OPP000129,Proposal,2025-11-02
SH0000716,OPP000129,Negotiation,2025-11-17
SH0000717,OPP000129,Closed Won,2025-12-02
SH0000718,OPP000130,Prospecting,2023-04-22
SH0000719,OPP000130,Discovery,2023-04-26
SH0000720,OPP000130,Demo,2023-04-30
SH0000721,OPP000130,Proposal,2023-05-04
SH0000722,OPP000130,Negotiation,2023-05-08
SH0000723,OPP000130,Closed Won,2023-05-12
SH0000724,OPP000131,Prospecting,2024-01-11
SH0000725,OPP000131,Demo,2024-02-16
SH0000726,OPP000131,Closed Lost,2024-03-23
SH0000727,OPP000132,Prospecting,2024-05-09
SH0000728,OPP000132,Discovery,2024-05-27
SH0000729,OPP000132,Demo,2024-06-14
SH0000730,OPP000132,Proposal,2024-07-02
SH0000731,OPP000132,Negotiation,2024-07-20
SH0000732,OPP000132,Closed Lost,2024-08-07
SH0000733,OPP000133,Prospecting,2023-02-25
SH0000734,OPP000133,Discovery,2023-03-17
SH0000735,OPP000133,Demo,2023-04-06
SH0000736,OPP000133,Proposal,2023-04-26
SH0000737,OPP000133,Negotiation,2023-05-16
SH0000738,OPP000133,Closed Lost,2023-06-05
SH0000739,OPP000134,Prospecting,2026-01-23
SH0000740,OPP000134,Discovery,2026-01-31
SH0000741,OPP000134,Demo,2026-02-08
SH0000742,OPP000134,Proposal,2026-02-16
SH0000743,OPP000134,Negotiation,2026-02-24
SH0000744,OPP000134,Closed Won,2026-03-04
SH0000745,OPP000135,Prospecting,2026-01-02
SH0000746,OPP000135,Discovery,2026-01-17
SH0000747,OPP000135,Demo,2026-02-01
SH0000748,OPP000135,Proposal,2026-02-16
SH0000749,OPP000135,Negotiation,2026-03-03
SH0000750,OPP000135,Closed Lost,2026-03-18
SH0000751,OPP000136,Prospecting,2025-08-10
SH0000752,OPP000136,Discovery,2025-08-29
SH0000753,OPP000136,Demo,2025-09-17
SH0000754,OPP000136,Proposal,2025-10-06
SH0000755,OPP000136,Negotiation,2025-10-25
SH0000756,OPP000136,Closed Lost,2025-11-13
SH0000757,OPP000137,Prospecting,2026-02-24
SH0000758,OPP000137,Discovery,2026-03-15
SH0000759,OPP000137,Demo,2026-04-03
SH0000760,OPP000137,Proposal,2026-04-22
SH0000761,OPP000137,Negotiation,2026-05-11
SH0000762,OPP000137,Closed Won,2026-05-30
SH0000763,OPP000138,Prospecting,2024-12-02
SH0000764,OPP000138,Discovery,2024-12-13
SH0000765,OPP000138,Demo,2024-12-24
SH0000766,OPP000138,Proposal,2025-01-04
SH0000767,OPP000138,Negotiation,2025-01-15
SH0000768,OPP000138,Closed Lost,2025-01-26
SH0000769,OPP000139,Prospecting,2024-03-16
SH0000770,OPP000139,Discovery,2024-03-18
SH0000771,OPP000139,Demo,2024-03-20
SH0000772,OPP000139,Proposal,2024-03-22
SH0000773,OPP000139,Negotiation,2024-03-24
SH0000774,OPP000139,Closed Won,2024-03-26
SH0000775,OPP000140,Prospecting,2024-12-13
SH0000776,OPP000140,Discovery,2024-12-19
SH0000777,OPP000140,Demo,2024-12-25
SH0000778,OPP000140,Proposal,2024-12-31
SH0000779,OPP000140,Negotiation,2025-01-06
SH0000780,OPP000140,Closed Lost,2025-01-12
SH0000781,OPP000141,Prospecting,2024-06-17
SH0000782,OPP000141,Discovery,2024-06-20
SH0000783,OPP000141,Demo,2024-06-23
SH0000784,OPP000141,Proposal,2024-06-26
SH0000785,OPP000141,Negotiation,2024-06-29
SH0000786,OPP000141,Closed Lost,2024-07-02
SH0000787,OPP000142,Prospecting,2025-02-01
SH0000788,OPP000142,Discovery,2025-02-12
SH0000789,OPP000142,Demo,2025-02-23
SH0000790,OPP000142,Proposal,2025-03-06
SH0000791,OPP000142,Negotiation,2025-03-17
SH0000792,OPP000142,Closed Lost,2025-03-28
SH0000793,OPP000143,Prospecting,2025-02-03
SH0000794,OPP000143,Discovery,2025-02-14
SH0000795,OPP000143,Demo,2025-02-25
SH0000796,OPP000143,Proposal,2025-03-08
SH0000797,OPP000143,Negotiation,2025-03-19
SH0000798,OPP000143,Closed Lost,2025-03-30
SH0000799,OPP000144,Prospecting,2025-06-04
SH0000800,OPP000144,Discovery,2025-06-16
SH0000801,OPP000144,Demo,2025-06-28
SH0000802,OPP000144,Proposal,2025-07-10
SH0000803,OPP000144,Negotiation,2025-07-22
SH0000804,OPP000144,Closed Won,2025-08-03
SH0000805,OPP000145,Prospecting,2024-05-13
SH0000806,OPP000145,Discovery,2024-05-30
SH0000807,OPP000145,Demo,2024-06-16
SH0000808,OPP000145,Proposal,2024-07-03
SH0000809,OPP000145,Negotiation,2024-07-20
SH0000810,OPP000145,Closed Lost,2024-08-06
SH0000811,OPP000146,Prospecting,2026-03-03
SH0000812,OPP000146,Discovery,2026-03-19
SH0000813,OPP000146,Demo,2026-04-04
SH0000814,OPP000146,Proposal,2026-04-20
SH0000815,OPP000146,Negotiation,2026-05-06
SH0000816,OPP000146,Closed Lost,2026-05-22
SH0000817,OPP000147,Prospecting,2025-01-09
SH0000818,OPP000147,Discovery,2025-01-15
SH0000819,OPP000147,Demo,2025-01-21
SH0000820,OPP000147,Proposal,2025-01-27
SH0000821,OPP000147,Negotiation,2025-02-02
SH0000822,OPP000147,Closed Won,2025-02-08
SH0000823,OPP000148,Prospecting,2025-09-17
SH0000824,OPP000148,Discovery,2025-09-19
SH0000825,OPP000148,Demo,2025-09-21
SH0000826,OPP000148,Proposal,2025-09-23
SH0000827,OPP000148,Negotiation,2025-09-25
SH0000828,OPP000148,Closed Won,2025-09-27
SH0000829,OPP000149,Prospecting,2024-04-07
SH0000830,OPP000149,Discovery,2024-04-25
SH0000831,OPP000149,Demo,2024-05-13
SH0000832,OPP000149,Proposal,2024-05-31
SH0000833,OPP000149,Negotiation,2024-06-18
SH0000834,OPP000149,Closed Won,2024-07-06
SH0000835,OPP000150,Prospecting,2023-05-12
SH0000836,OPP000150,Discovery,2023-05-15
SH0000837,OPP000150,Demo,2023-05-18
SH0000838,OPP000150,Proposal,2023-05-21
SH0000839,OPP000150,Negotiation,2023-05-24
SH0000840,OPP000150,Closed Lost,2023-05-27
SH0000841,OPP000151,Prospecting,2025-05-26
SH0000842,OPP000151,Discovery,2025-05-28
SH0000843,OPP000151,Demo,2025-05-30
SH0000844,OPP000151,Proposal,2025-06-01
SH0000845,OPP000151,Negotiation,2025-06-03
SH0000846,OPP000151,Closed Lost,2025-06-05
SH0000847,OPP000152,Prospecting,2024-10-22
SH0000848,OPP000152,Discovery,2024-11-05
SH0000849,OPP000152,Demo,2024-11-19
SH0000850,OPP000152,Proposal,2024-12-03
SH0000851,OPP000152,Negotiation,2024-12-17
SH0000852,OPP000152,Closed Lost,2024-12-31
SH0000853,OPP000153,Prospecting,2025-06-21
SH0000854,OPP000153,Discovery,2025-07-01
SH0000855,OPP000153,Demo,2025-07-11
SH0000856,OPP000153,Proposal,2025-07-21
SH0000857,OPP000153,Negotiation,2025-07-31
SH0000858,OPP000153,Closed Won,2025-08-10
SH0000859,OPP000154,Prospecting,2023-10-05
SH0000860,OPP000154,Discovery,2023-10-22
SH0000861,OPP000154,Demo,2023-11-08
SH0000862,OPP000154,Proposal,2023-11-25
SH0000863,OPP000154,Negotiation,2023-12-12
SH0000864,OPP000154,Closed Lost,2023-12-29
SH0000865,OPP000155,Prospecting,2025-01-02
SH0000866,OPP000155,Discovery,2025-01-09
SH0000867,OPP000155,Demo,2025-01-16
SH0000868,OPP000155,Proposal,2025-01-23
SH0000869,OPP000155,Negotiation,2025-01-30
SH0000870,OPP000155,Closed Lost,2025-02-06
SH0000871,OPP000156,Prospecting,2025-04-29
SH0000872,OPP000156,Discovery,2025-05-18
SH0000873,OPP000156,Demo,2025-06-06
SH0000874,OPP000156,Proposal,2025-06-25
SH0000875,OPP000156,Negotiation,2025-07-14
SH0000876,OPP000156,Closed Lost,2025-08-02
SH0000877,OPP000157,Prospecting,2023-08-08
SH0000878,OPP000157,Discovery,2023-08-25
SH0000879,OPP000157,Demo,2023-09-11
SH0000880,OPP000157,Proposal,2023-09-28
SH0000881,OPP000157,Negotiation,2023-10-15
SH0000882,OPP000157,Closed Lost,2023-11-01
SH0000883,OPP000158,Prospecting,2024-01-22
SH0000884,OPP000158,Discovery,2024-02-02
SH0000885,OPP000158,Demo,2024-02-13
SH0000886,OPP000158,Proposal,2024-02-24
SH0000887,OPP000158,Negotiation,2024-03-06
SH0000888,OPP000158,Closed Lost,2024-03-17
SH0000889,OPP000159,Prospecting,2024-07-05
SH0000890,OPP000159,Discovery,2024-07-15
SH0000891,OPP000159,Demo,2024-07-25
SH0000892,OPP000159,Proposal,2024-08-04
SH0000893,OPP000159,Negotiation,2024-08-14
SH0000894,OPP000159,Closed Lost,2024-08-24
SH0000895,OPP000160,Prospecting,2026-05-13
SH0000896,OPP000160,Discovery,2026-05-20
SH0000897,OPP000160,Demo,2026-05-27
SH0000898,OPP000160,Proposal,2026-06-03
SH0000899,OPP000160,Negotiation,2026-06-10
SH0000900,OPP000160,Closed Lost,2026-06-17
SH0000901,OPP000161,Prospecting,2025-09-19
SH0000902,OPP000161,Demo,2025-09-24
SH0000903,OPP000161,Closed Won,2025-09-29
SH0000904,OPP000162,Prospecting,2026-05-29
SH0000905,OPP000162,Discovery,2026-06-15
SH0000906,OPP000162,Demo,2026-07-02
SH0000907,OPP000162,Proposal,2026-07-19
SH0000908,OPP000163,Prospecting,2023-04-28
SH0000909,OPP000163,Discovery,2023-05-05
SH0000910,OPP000163,Demo,2023-05-12
SH0000911,OPP000163,Proposal,2023-05-19
SH0000912,OPP000163,Negotiation,2023-05-26
SH0000913,OPP000163,Closed Lost,2023-06-02
SH0000914,OPP000164,Prospecting,2026-04-27
SH0000915,OPP000164,Discovery,2026-05-22
SH0000916,OPP000164,Demo,2026-06-16
SH0000917,OPP000164,Proposal,2026-07-11
SH0000918,OPP000165,Prospecting,2023-12-29
SH0000919,OPP000165,Demo,2024-01-11
SH0000920,OPP000165,Closed Lost,2024-01-24
SH0000921,OPP000166,Prospecting,2026-05-16
SH0000922,OPP000166,Discovery,2026-05-29
SH0000923,OPP000166,Demo,2026-06-11
SH0000924,OPP000166,Proposal,2026-06-24
SH0000925,OPP000166,Negotiation,2026-07-07
SH0000926,OPP000167,Prospecting,2026-05-21
SH0000927,OPP000167,Discovery,2026-05-24
SH0000928,OPP000167,Demo,2026-05-27
SH0000929,OPP000167,Proposal,2026-05-30
SH0000930,OPP000167,Negotiation,2026-06-02
SH0000931,OPP000167,Closed Won,2026-06-05
SH0000932,OPP000168,Prospecting,2023-06-30
SH0000933,OPP000168,Discovery,2023-07-10
SH0000934,OPP000168,Demo,2023-07-20
SH0000935,OPP000168,Proposal,2023-07-30
SH0000936,OPP000168,Negotiation,2023-08-09
SH0000937,OPP000168,Closed Won,2023-08-19
SH0000938,OPP000169,Prospecting,2025-02-20
SH0000939,OPP000169,Discovery,2025-02-26
SH0000940,OPP000169,Demo,2025-03-04
SH0000941,OPP000169,Proposal,2025-03-10
SH0000942,OPP000169,Negotiation,2025-03-16
SH0000943,OPP000169,Closed Lost,2025-03-22
SH0000944,OPP000170,Prospecting,2023-08-04
SH0000945,OPP000170,Discovery,2023-08-18
SH0000946,OPP000170,Demo,2023-09-01
SH0000947,OPP000170,Proposal,2023-09-15
SH0000948,OPP000170,Negotiation,2023-09-29
SH0000949,OPP000170,Closed Lost,2023-10-13
SH0000950,OPP000171,Prospecting,2023-12-26
SH0000951,OPP000171,Demo,2024-01-14
SH0000952,OPP000171,Closed Lost,2024-02-02
SH0000953,OPP000172,Prospecting,2024-08-03
SH0000954,OPP000172,Discovery,2024-08-21
SH0000955,OPP000172,Demo,2024-09-08
SH0000956,OPP000172,Proposal,2024-09-26
SH0000957,OPP000172,Negotiation,2024-10-14
SH0000958,OPP000172,Closed Won,2024-11-01
SH0000959,OPP000173,Prospecting,2024-10-27
SH0000960,OPP000173,Discovery,2024-11-03
SH0000961,OPP000173,Demo,2024-11-10
SH0000962,OPP000173,Proposal,2024-11-17
SH0000963,OPP000173,Negotiation,2024-11-24
SH0000964,OPP000173,Closed Lost,2024-12-01
SH0000965,OPP000174,Prospecting,2025-06-23
SH0000966,OPP000174,Discovery,2025-07-01
SH0000967,OPP000174,Demo,2025-07-09
SH0000968,OPP000174,Proposal,2025-07-17
SH0000969,OPP000174,Negotiation,2025-07-25
SH0000970,OPP000174,Closed Won,2025-08-02
SH0000971,OPP000175,Prospecting,2023-12-04
SH0000972,OPP000175,Discovery,2023-12-19
SH0000973,OPP000175,Demo,2024-01-03
SH0000974,OPP000175,Proposal,2024-01-18
SH0000975,OPP000175,Negotiation,2024-02-02
SH0000976,OPP000175,Closed Lost,2024-02-17
SH0000977,OPP000176,Prospecting,2026-01-04
SH0000978,OPP000176,Discovery,2026-01-08
SH0000979,OPP000176,Demo,2026-01-12
SH0000980,OPP000176,Proposal,2026-01-16
SH0000981,OPP000176,Negotiation,2026-01-20
SH0000982,OPP000176,Closed Lost,2026-01-24
SH0000983,OPP000177,Prospecting,2025-01-10
SH0000984,OPP000177,Discovery,2025-01-19
SH0000985,OPP000177,Demo,2025-01-28
SH0000986,OPP000177,Proposal,2025-02-06
SH0000987,OPP000177,Negotiation,2025-02-15
SH0000988,OPP000177,Closed Lost,2025-02-24
SH0000989,OPP000178,Prospecting,2025-09-10
SH0000990,OPP000178,Discovery,2025-09-22
SH0000991,OPP000178,Demo,2025-10-04
SH0000992,OPP000178,Proposal,2025-10-16
SH0000993,OPP000178,Negotiation,2025-10-28
SH0000994,OPP000178,Closed Lost,2025-11-09
SH0000995,OPP000179,Prospecting,2023-07-24
SH0000996,OPP000179,Demo,2023-08-31
SH0000997,OPP000179,Closed Lost,2023-10-08
SH0000998,OPP000180,Prospecting,2024-04-17
SH0000999,OPP000180,Discovery,2024-04-20
SH0001000,OPP000180,Demo,2024-04-23
SH0001001,OPP000180,Proposal,2024-04-26
SH0001002,OPP000180,Negotiation,2024-04-29
SH0001003,OPP000180,Closed Lost,2024-05-02
SH0001004,OPP000181,Prospecting,2023-02-09
SH0001005,OPP000181,Discovery,2023-02-27
SH0001006,OPP000181,Demo,2023-03-17
SH0001007,OPP000181,Proposal,2023-04-04
SH0001008,OPP000181,Negotiation,2023-04-22
SH0001009,OPP000181,Closed Lost,2023-05-10
SH0001010,OPP000182,Prospecting,2024-05-30
SH0001011,OPP000182,Discovery,2024-06-07
SH0001012,OPP000182,Demo,2024-06-15
SH0001013,OPP000182,Proposal,2024-06-23
SH0001014,OPP000182,Negotiation,2024-07-01
SH0001015,OPP000182,Closed Won,2024-07-09
SH0001016,OPP000183,Prospecting,2025-12-14
SH0001017,OPP000183,Discovery,2025-12-18
SH0001018,OPP000183,Demo,2025-12-22
SH0001019,OPP000183,Proposal,2025-12-26
SH0001020,OPP000183,Negotiation,2025-12-30
SH0001021,OPP000183,Closed Won,2026-01-03
SH0001022,OPP000184,Prospecting,2023-06-30
SH0001023,OPP000184,Discovery,2023-07-12
SH0001024,OPP000184,Demo,2023-07-24
SH0001025,OPP000184,Proposal,2023-08-05
SH0001026,OPP000184,Negotiation,2023-08-17
SH0001027,OPP000184,Closed Won,2023-08-29
SH0001028,OPP000185,Prospecting,2024-06-18
SH0001029,OPP000185,Discovery,2024-06-30
SH0001030,OPP000185,Demo,2024-07-12
SH0001031,OPP000185,Proposal,2024-07-24
SH0001032,OPP000185,Negotiation,2024-08-05
SH0001033,OPP000185,Closed Won,2024-08-17
SH0001034,OPP000186,Prospecting,2026-02-08
SH0001035,OPP000186,Discovery,2026-02-13
SH0001036,OPP000186,Demo,2026-02-18
SH0001037,OPP000186,Proposal,2026-02-23
SH0001038,OPP000186,Negotiation,2026-02-28
SH0001039,OPP000186,Closed Lost,2026-03-05
SH0001040,OPP000187,Prospecting,2025-08-20
SH0001041,OPP000187,Discovery,2025-09-01
SH0001042,OPP000187,Demo,2025-09-13
SH0001043,OPP000187,Proposal,2025-09-25
SH0001044,OPP000187,Negotiation,2025-10-07
SH0001045,OPP000187,Closed Won,2025-10-19
SH0001046,OPP000188,Prospecting,2023-04-05
SH0001047,OPP000188,Discovery,2023-04-24
SH0001048,OPP000188,Demo,2023-05-13
SH0001049,OPP000188,Proposal,2023-06-01
SH0001050,OPP000188,Negotiation,2023-06-20
SH0001051,OPP000188,Closed Lost,2023-07-09
SH0001052,OPP000189,Prospecting,2023-12-24
SH0001053,OPP000189,Discovery,2024-01-12
SH0001054,OPP000189,Demo,2024-01-31
SH0001055,OPP000189,Proposal,2024-02-19
SH0001056,OPP000189,Negotiation,2024-03-09
SH0001057,OPP000189,Closed Lost,2024-03-28
SH0001058,OPP000190,Prospecting,2025-03-23
SH0001059,OPP000190,Discovery,2025-04-05
SH0001060,OPP000190,Demo,2025-04-18
SH0001061,OPP000190,Proposal,2025-05-01
SH0001062,OPP000190,Negotiation,2025-05-14
SH0001063,OPP000190,Closed Lost,2025-05-27
SH0001064,OPP000191,Prospecting,2023-07-15
SH0001065,OPP000191,Discovery,2023-08-01
SH0001066,OPP000191,Demo,2023-08-18
SH0001067,OPP000191,Proposal,2023-09-04
SH0001068,OPP000191,Negotiation,2023-09-21
SH0001069,OPP000191,Closed Lost,2023-10-08
SH0001070,OPP000192,Prospecting,2026-06-03
SH0001071,OPP000193,Prospecting,2023-05-16
SH0001072,OPP000193,Discovery,2023-05-29
SH0001073,OPP000193,Demo,2023-06-11
SH0001074,OPP000193,Proposal,2023-06-24
SH0001075,OPP000193,Negotiation,2023-07-07
SH0001076,OPP000193,Closed Won,2023-07-20
SH0001077,OPP000194,Prospecting,2023-05-29
SH0001078,OPP000194,Discovery,2023-06-03
SH0001079,OPP000194,Demo,2023-06-08
SH0001080,OPP000194,Proposal,2023-06-13
SH0001081,OPP000194,Negotiation,2023-06-18
SH0001082,OPP000194,Closed Lost,2023-06-23
SH0001083,OPP000195,Prospecting,2025-02-13
SH0001084,OPP000195,Discovery,2025-02-25
SH0001085,OPP000195,Demo,2025-03-09
SH0001086,OPP000195,Proposal,2025-03-21
SH0001087,OPP000195,Negotiation,2025-04-02
SH0001088,OPP000195,Closed Lost,2025-04-14
SH0001089,OPP000196,Prospecting,2023-09-22
SH0001090,OPP000196,Demo,2023-10-20
SH0001091,OPP000196,Closed Won,2023-11-17
SH0001092,OPP000197,Prospecting,2024-05-18
SH0001093,OPP000197,Demo,2024-05-22
SH0001094,OPP000197,Closed Won,2024-05-26
SH0001095,OPP000198,Prospecting,2024-08-21
SH0001096,OPP000198,Discovery,2024-09-02
SH0001097,OPP000198,Demo,2024-09-14
SH0001098,OPP000198,Proposal,2024-09-26
SH0001099,OPP000198,Negotiation,2024-10-08
SH0001100,OPP000198,Closed Won,2024-10-20
SH0001101,OPP000199,Prospecting,2023-06-22
SH0001102,OPP000199,Demo,2023-07-18
SH0001103,OPP000199,Closed Won,2023-08-13
SH0001104,OPP000200,Prospecting,2024-01-11
SH0001105,OPP000200,Discovery,2024-01-30
SH0001106,OPP000200,Demo,2024-02-18
SH0001107,OPP000200,Proposal,2024-03-08
SH0001108,OPP000200,Negotiation,2024-03-27
SH0001109,OPP000200,Closed Won,2024-04-15
SH0001110,OPP000201,Prospecting,2024-05-09
SH0001111,OPP000201,Discovery,2024-05-17
SH0001112,OPP000201,Demo,2024-05-25
SH0001113,OPP000201,Proposal,2024-06-02
SH0001114,OPP000201,Negotiation,2024-06-10
SH0001115,OPP000201,Closed Lost,2024-06-18
SH0001116,OPP000202,Prospecting,2023-05-20
SH0001117,OPP000202,Discovery,2023-05-27
SH0001118,OPP000202,Demo,2023-06-03
SH0001119,OPP000202,Proposal,2023-06-10
SH0001120,OPP000202,Negotiation,2023-06-17
SH0001121,OPP000202,Closed Lost,2023-06-24
SH0001122,OPP000203,Prospecting,2024-01-16
SH0001123,OPP000203,Discovery,2024-02-02
SH0001124,OPP000203,Demo,2024-02-19
SH0001125,OPP000203,Proposal,2024-03-07
SH0001126,OPP000203,Negotiation,2024-03-24
SH0001127,OPP000203,Closed Lost,2024-04-10
SH0001128,OPP000204,Prospecting,2024-10-20
SH0001129,OPP000204,Discovery,2024-10-27
SH0001130,OPP000204,Demo,2024-11-03
SH0001131,OPP000204,Proposal,2024-11-10
SH0001132,OPP000204,Negotiation,2024-11-17
SH0001133,OPP000204,Closed Lost,2024-11-24
SH0001134,OPP000205,Prospecting,2023-09-26
SH0001135,OPP000205,Discovery,2023-10-14
SH0001136,OPP000205,Demo,2023-11-01
SH0001137,OPP000205,Proposal,2023-11-19
SH0001138,OPP000205,Negotiation,2023-12-07
SH0001139,OPP000205,Closed Lost,2023-12-25
SH0001140,OPP000206,Prospecting,2024-04-29
SH0001141,OPP000206,Discovery,2024-05-14
SH0001142,OPP000206,Demo,2024-05-29
SH0001143,OPP000206,Proposal,2024-06-13
SH0001144,OPP000206,Negotiation,2024-06-28
SH0001145,OPP000206,Closed Lost,2024-07-13
SH0001146,OPP000207,Prospecting,2024-10-03
SH0001147,OPP000207,Discovery,2024-10-14
SH0001148,OPP000207,Demo,2024-10-25
SH0001149,OPP000207,Proposal,2024-11-05
SH0001150,OPP000207,Negotiation,2024-11-16
SH0001151,OPP000207,Closed Won,2024-11-27
SH0001152,OPP000208,Prospecting,2026-04-06
SH0001153,OPP000208,Discovery,2026-04-19
SH0001154,OPP000208,Demo,2026-05-02
SH0001155,OPP000208,Proposal,2026-05-15
SH0001156,OPP000208,Negotiation,2026-05-28
SH0001157,OPP000208,Closed Lost,2026-06-10
SH0001158,OPP000209,Prospecting,2023-04-16
SH0001159,OPP000209,Discovery,2023-04-18
SH0001160,OPP000209,Demo,2023-04-20
SH0001161,OPP000209,Proposal,2023-04-22
SH0001162,OPP000209,Negotiation,2023-04-24
SH0001163,OPP000209,Closed Lost,2023-04-26
SH0001164,OPP000210,Prospecting,2023-12-02
SH0001165,OPP000210,Discovery,2023-12-12
SH0001166,OPP000210,Demo,2023-12-22
SH0001167,OPP000210,Proposal,2024-01-01
SH0001168,OPP000210,Negotiation,2024-01-11
SH0001169,OPP000210,Closed Won,2024-01-21
SH0001170,OPP000211,Prospecting,2023-06-09
SH0001171,OPP000211,Discovery,2023-06-12
SH0001172,OPP000211,Demo,2023-06-15
SH0001173,OPP000211,Proposal,2023-06-18
SH0001174,OPP000211,Negotiation,2023-06-21
SH0001175,OPP000211,Closed Won,2023-06-24
SH0001176,OPP000212,Prospecting,2025-01-01
SH0001177,OPP000212,Discovery,2025-01-15
SH0001178,OPP000212,Demo,2025-01-29
SH0001179,OPP000212,Proposal,2025-02-12
SH0001180,OPP000212,Negotiation,2025-02-26
SH0001181,OPP000212,Closed Lost,2025-03-12
SH0001182,OPP000213,Prospecting,2024-06-19
SH0001183,OPP000213,Discovery,2024-07-05
SH0001184,OPP000213,Demo,2024-07-21
SH0001185,OPP000213,Proposal,2024-08-06
SH0001186,OPP000213,Negotiation,2024-08-22
SH0001187,OPP000213,Closed Lost,2024-09-07
SH0001188,OPP000214,Prospecting,2024-02-15
SH0001189,OPP000214,Discovery,2024-03-05
SH0001190,OPP000214,Demo,2024-03-24
SH0001191,OPP000214,Proposal,2024-04-12
SH0001192,OPP000214,Negotiation,2024-05-01
SH0001193,OPP000214,Closed Won,2024-05-20
SH0001194,OPP000215,Prospecting,2024-06-05
SH0001195,OPP000215,Discovery,2024-06-14
SH0001196,OPP000215,Demo,2024-06-23
SH0001197,OPP000215,Proposal,2024-07-02
SH0001198,OPP000215,Negotiation,2024-07-11
SH0001199,OPP000215,Closed Lost,2024-07-20
SH0001200,OPP000216,Prospecting,2023-03-02
SH0001201,OPP000216,Discovery,2023-03-21
SH0001202,OPP000216,Demo,2023-04-09
SH0001203,OPP000216,Proposal,2023-04-28
SH0001204,OPP000216,Negotiation,2023-05-17
SH0001205,OPP000216,Closed Lost,2023-06-05
SH0001206,OPP000217,Prospecting,2024-02-29
SH0001207,OPP000217,Discovery,2024-03-06
SH0001208,OPP000217,Demo,2024-03-12
SH0001209,OPP000217,Proposal,2024-03-18
SH0001210,OPP000217,Negotiation,2024-03-24
SH0001211,OPP000217,Closed Lost,2024-03-30
SH0001212,OPP000218,Prospecting,2023-08-01
SH0001213,OPP000218,Demo,2023-08-17
SH0001214,OPP000218,Closed Lost,2023-09-02
SH0001215,OPP000219,Prospecting,2023-04-14
SH0001216,OPP000219,Discovery,2023-04-28
SH0001217,OPP000219,Demo,2023-05-12
SH0001218,OPP000219,Proposal,2023-05-26
SH0001219,OPP000219,Negotiation,2023-06-09
SH0001220,OPP000219,Closed Lost,2023-06-23
SH0001221,OPP000220,Prospecting,2024-11-24
SH0001222,OPP000220,Discovery,2024-12-04
SH0001223,OPP000220,Demo,2024-12-14
SH0001224,OPP000220,Proposal,2024-12-24
SH0001225,OPP000220,Negotiation,2025-01-03
SH0001226,OPP000220,Closed Won,2025-01-13
SH0001227,OPP000221,Prospecting,2024-09-14
SH0001228,OPP000221,Discovery,2024-09-26
SH0001229,OPP000221,Demo,2024-10-08
SH0001230,OPP000221,Proposal,2024-10-20
SH0001231,OPP000221,Negotiation,2024-11-01
SH0001232,OPP000221,Closed Lost,2024-11-13
SH0001233,OPP000222,Prospecting,2024-06-27
SH0001234,OPP000222,Discovery,2024-07-10
SH0001235,OPP000222,Demo,2024-07-23
SH0001236,OPP000222,Proposal,2024-08-05
SH0001237,OPP000222,Negotiation,2024-08-18
SH0001238,OPP000222,Closed Lost,2024-08-31
SH0001239,OPP000223,Prospecting,2025-04-03
SH0001240,OPP000223,Discovery,2025-04-08
SH0001241,OPP000223,Demo,2025-04-13
SH0001242,OPP000223,Proposal,2025-04-18
SH0001243,OPP000223,Negotiation,2025-04-23
SH0001244,OPP000223,Closed Lost,2025-04-28
SH0001245,OPP000224,Prospecting,2023-09-05
SH0001246,OPP000224,Discovery,2023-09-23
SH0001247,OPP000224,Demo,2023-10-11
SH0001248,OPP000224,Proposal,2023-10-29
SH0001249,OPP000224,Negotiation,2023-11-16
SH0001250,OPP000224,Closed Lost,2023-12-04
SH0001251,OPP000225,Prospecting,2025-09-24
SH0001252,OPP000225,Discovery,2025-09-30
SH0001253,OPP000225,Demo,2025-10-06
SH0001254,OPP000225,Proposal,2025-10-12
SH0001255,OPP000225,Negotiation,2025-10-18
SH0001256,OPP000225,Closed Lost,2025-10-24
SH0001257,OPP000226,Prospecting,2026-05-27
SH0001258,OPP000227,Prospecting,2024-01-31
SH0001259,OPP000227,Discovery,2024-02-18
SH0001260,OPP000227,Demo,2024-03-07
SH0001261,OPP000227,Proposal,2024-03-25
SH0001262,OPP000227,Negotiation,2024-04-12
SH0001263,OPP000227,Closed Won,2024-04-30
SH0001264,OPP000228,Prospecting,2024-10-04
SH0001265,OPP000228,Discovery,2024-10-16
SH0001266,OPP000228,Demo,2024-10-28
SH0001267,OPP000228,Proposal,2024-11-09
SH0001268,OPP000228,Negotiation,2024-11-21
SH0001269,OPP000228,Closed Won,2024-12-03
SH0001270,OPP000229,Prospecting,2025-06-04
SH0001271,OPP000229,Discovery,2025-06-08
SH0001272,OPP000229,Demo,2025-06-12
SH0001273,OPP000229,Proposal,2025-06-16
SH0001274,OPP000229,Negotiation,2025-06-20
SH0001275,OPP000229,Closed Lost,2025-06-24
SH0001276,OPP000230,Prospecting,2024-08-23
SH0001277,OPP000230,Discovery,2024-09-06
SH0001278,OPP000230,Demo,2024-09-20
SH0001279,OPP000230,Proposal,2024-10-04
SH0001280,OPP000230,Negotiation,2024-10-18
SH0001281,OPP000230,Closed Lost,2024-11-01
SH0001282,OPP000231,Prospecting,2023-06-14
SH0001283,OPP000231,Discovery,2023-06-21
SH0001284,OPP000231,Demo,2023-06-28
SH0001285,OPP000231,Proposal,2023-07-05
SH0001286,OPP000231,Negotiation,2023-07-12
SH0001287,OPP000231,Closed Won,2023-07-19
SH0001288,OPP000232,Prospecting,2023-11-03
SH0001289,OPP000232,Discovery,2023-11-09
SH0001290,OPP000232,Demo,2023-11-15
SH0001291,OPP000232,Proposal,2023-11-21
SH0001292,OPP000232,Negotiation,2023-11-27
SH0001293,OPP000232,Closed Won,2023-12-03
SH0001294,OPP000233,Prospecting,2025-05-27
SH0001295,OPP000233,Discovery,2025-06-13
SH0001296,OPP000233,Demo,2025-06-30
SH0001297,OPP000233,Proposal,2025-07-17
SH0001298,OPP000233,Negotiation,2025-08-03
SH0001299,OPP000233,Closed Won,2025-08-20
SH0001300,OPP000234,Prospecting,2024-03-11
SH0001301,OPP000234,Discovery,2024-03-14
SH0001302,OPP000234,Demo,2024-03-17
SH0001303,OPP000234,Proposal,2024-03-20
SH0001304,OPP000234,Negotiation,2024-03-23
SH0001305,OPP000234,Closed Lost,2024-03-26
SH0001306,OPP000235,Prospecting,2024-01-03
SH0001307,OPP000235,Discovery,2024-01-22
SH0001308,OPP000235,Demo,2024-02-10
SH0001309,OPP000235,Proposal,2024-02-29
SH0001310,OPP000235,Negotiation,2024-03-19
SH0001311,OPP000235,Closed Won,2024-04-07
SH0001312,OPP000236,Prospecting,2024-09-02
SH0001313,OPP000236,Discovery,2024-09-21
SH0001314,OPP000236,Demo,2024-10-10
SH0001315,OPP000236,Proposal,2024-10-29
SH0001316,OPP000236,Negotiation,2024-11-17
SH0001317,OPP000236,Closed Won,2024-12-06
SH0001318,OPP000237,Prospecting,2024-11-18
SH0001319,OPP000237,Discovery,2024-11-22
SH0001320,OPP000237,Demo,2024-11-26
SH0001321,OPP000237,Proposal,2024-11-30
SH0001322,OPP000237,Negotiation,2024-12-04
SH0001323,OPP000237,Closed Won,2024-12-08
SH0001324,OPP000238,Prospecting,2023-09-08
SH0001325,OPP000238,Discovery,2023-09-16
SH0001326,OPP000238,Demo,2023-09-24
SH0001327,OPP000238,Proposal,2023-10-02
SH0001328,OPP000238,Negotiation,2023-10-10
SH0001329,OPP000238,Closed Lost,2023-10-18
SH0001330,OPP000239,Prospecting,2024-02-18
SH0001331,OPP000239,Demo,2024-03-14
SH0001332,OPP000239,Closed Lost,2024-04-08
SH0001333,OPP000240,Prospecting,2023-11-06
SH0001334,OPP000240,Discovery,2023-11-15
SH0001335,OPP000240,Demo,2023-11-24
SH0001336,OPP000240,Proposal,2023-12-03
SH0001337,OPP000240,Negotiation,2023-12-12
SH0001338,OPP000240,Closed Won,2023-12-21
SH0001339,OPP000241,Prospecting,2026-04-09
SH0001340,OPP000241,Discovery,2026-04-12
SH0001341,OPP000241,Demo,2026-04-15
SH0001342,OPP000241,Proposal,2026-04-18
SH0001343,OPP000241,Negotiation,2026-04-21
SH0001344,OPP000241,Closed Lost,2026-04-24
SH0001345,OPP000242,Prospecting,2025-11-17
SH0001346,OPP000242,Discovery,2025-11-27
SH0001347,OPP000242,Demo,2025-12-07
SH0001348,OPP000242,Proposal,2025-12-17
SH0001349,OPP000242,Negotiation,2025-12-27
SH0001350,OPP000242,Closed Won,2026-01-06
SH0001351,OPP000243,Prospecting,2026-06-20
SH0001352,OPP000244,Prospecting,2025-01-30
SH0001353,OPP000244,Demo,2025-03-09
SH0001354,OPP000244,Closed Won,2025-04-16
SH0001355,OPP000245,Prospecting,2025-10-13
SH0001356,OPP000245,Discovery,2025-10-23
SH0001357,OPP000245,Demo,2025-11-02
SH0001358,OPP000245,Proposal,2025-11-12
SH0001359,OPP000245,Negotiation,2025-11-22
SH0001360,OPP000245,Closed Won,2025-12-02
SH0001361,OPP000246,Prospecting,2025-12-28
SH0001362,OPP000246,Discovery,2026-01-12
SH0001363,OPP000246,Demo,2026-01-27
SH0001364,OPP000246,Proposal,2026-02-11
SH0001365,OPP000246,Negotiation,2026-02-26
SH0001366,OPP000246,Closed Lost,2026-03-13
SH0001367,OPP000247,Prospecting,2025-05-13
SH0001368,OPP000247,Discovery,2025-05-21
SH0001369,OPP000247,Demo,2025-05-29
SH0001370,OPP000247,Proposal,2025-06-06
SH0001371,OPP000247,Negotiation,2025-06-14
SH0001372,OPP000247,Closed Lost,2025-06-22
SH0001373,OPP000248,Prospecting,2026-01-12
SH0001374,OPP000248,Discovery,2026-01-30
SH0001375,OPP000248,Demo,2026-02-17
SH0001376,OPP000248,Proposal,2026-03-07
SH0001377,OPP000248,Negotiation,2026-03-25
SH0001378,OPP000248,Closed Lost,2026-04-12
SH0001379,OPP000249,Prospecting,2023-04-04
SH0001380,OPP000249,Discovery,2023-04-20
SH0001381,OPP000249,Demo,2023-05-06
SH0001382,OPP000249,Proposal,2023-05-22
SH0001383,OPP000249,Negotiation,2023-06-07
SH0001384,OPP000249,Closed Won,2023-06-23
SH0001385,OPP000250,Prospecting,2023-11-07
SH0001386,OPP000250,Discovery,2023-11-17
SH0001387,OPP000250,Demo,2023-11-27
SH0001388,OPP000250,Proposal,2023-12-07
SH0001389,OPP000250,Negotiation,2023-12-17
SH0001390,OPP000250,Closed Lost,2023-12-27
SH0001391,OPP000251,Prospecting,2024-06-17
SH0001392,OPP000251,Discovery,2024-06-21
SH0001393,OPP000251,Demo,2024-06-25
SH0001394,OPP000251,Proposal,2024-06-29
SH0001395,OPP000251,Negotiation,2024-07-03
SH0001396,OPP000251,Closed Lost,2024-07-07
SH0001397,OPP000252,Prospecting,2024-12-15
SH0001398,OPP000252,Discovery,2024-12-31
SH0001399,OPP000252,Demo,2025-01-16
SH0001400,OPP000252,Proposal,2025-02-01
SH0001401,OPP000252,Negotiation,2025-02-17
SH0001402,OPP000252,Closed Lost,2025-03-05
SH0001403,OPP000253,Prospecting,2025-08-27
SH0001404,OPP000253,Demo,2025-09-22
SH0001405,OPP000253,Closed Won,2025-10-18
SH0001406,OPP000254,Prospecting,2025-08-12
SH0001407,OPP000254,Discovery,2025-08-17
SH0001408,OPP000254,Demo,2025-08-22
SH0001409,OPP000254,Proposal,2025-08-27
SH0001410,OPP000254,Negotiation,2025-09-01
SH0001411,OPP000254,Closed Lost,2025-09-06
SH0001412,OPP000255,Prospecting,2025-06-01
SH0001413,OPP000255,Discovery,2025-06-08
SH0001414,OPP000255,Demo,2025-06-15
SH0001415,OPP000255,Proposal,2025-06-22
SH0001416,OPP000255,Negotiation,2025-06-29
SH0001417,OPP000255,Closed Lost,2025-07-06
SH0001418,OPP000256,Prospecting,2026-01-18
SH0001419,OPP000256,Discovery,2026-01-23
SH0001420,OPP000256,Demo,2026-01-28
SH0001421,OPP000256,Proposal,2026-02-02
SH0001422,OPP000256,Negotiation,2026-02-07
SH0001423,OPP000256,Closed Won,2026-02-12
SH0001424,OPP000257,Prospecting,2023-04-24
SH0001425,OPP000257,Discovery,2023-05-13
SH0001426,OPP000257,Demo,2023-06-01
SH0001427,OPP000257,Proposal,2023-06-20
SH0001428,OPP000257,Negotiation,2023-07-09
SH0001429,OPP000257,Closed Won,2023-07-28
SH0001430,OPP000258,Prospecting,2026-06-23
SH0001431,OPP000258,Discovery,2026-08-05
SH0001432,OPP000259,Prospecting,2026-05-09
SH0001433,OPP000259,Discovery,2026-05-11
SH0001434,OPP000259,Demo,2026-05-13
SH0001435,OPP000259,Proposal,2026-05-15
SH0001436,OPP000259,Negotiation,2026-05-17
SH0001437,OPP000259,Closed Lost,2026-05-19
SH0001438,OPP000260,Prospecting,2024-10-27
SH0001439,OPP000260,Discovery,2024-11-12
SH0001440,OPP000260,Demo,2024-11-28
SH0001441,OPP000260,Proposal,2024-12-14
SH0001442,OPP000260,Negotiation,2024-12-30
SH0001443,OPP000260,Closed Lost,2025-01-15
SH0001444,OPP000261,Prospecting,2025-07-12
SH0001445,OPP000261,Discovery,2025-07-22
SH0001446,OPP000261,Demo,2025-08-01
SH0001447,OPP000261,Proposal,2025-08-11
SH0001448,OPP000261,Negotiation,2025-08-21
SH0001449,OPP000261,Closed Won,2025-08-31
SH0001450,OPP000262,Prospecting,2023-05-04
SH0001451,OPP000262,Discovery,2023-05-09
SH0001452,OPP000262,Demo,2023-05-14
SH0001453,OPP000262,Proposal,2023-05-19
SH0001454,OPP000262,Negotiation,2023-05-24
SH0001455,OPP000262,Closed Lost,2023-05-29
SH0001456,OPP000263,Prospecting,2025-08-24
SH0001457,OPP000263,Discovery,2025-08-28
SH0001458,OPP000263,Demo,2025-09-01
SH0001459,OPP000263,Proposal,2025-09-05
SH0001460,OPP000263,Negotiation,2025-09-09
SH0001461,OPP000263,Closed Won,2025-09-13
SH0001462,OPP000264,Prospecting,2026-03-30
SH0001463,OPP000264,Discovery,2026-04-25
SH0001464,OPP000264,Demo,2026-05-21
SH0001465,OPP000264,Proposal,2026-06-16
SH0001466,OPP000265,Prospecting,2023-06-21
SH0001467,OPP000265,Discovery,2023-07-06
SH0001468,OPP000265,Demo,2023-07-21
SH0001469,OPP000265,Proposal,2023-08-05
SH0001470,OPP000265,Negotiation,2023-08-20
SH0001471,OPP000265,Closed Won,2023-09-04
SH0001472,OPP000266,Prospecting,2023-02-02
SH0001473,OPP000266,Discovery,2023-02-06
SH0001474,OPP000266,Demo,2023-02-10
SH0001475,OPP000266,Proposal,2023-02-14
SH0001476,OPP000266,Negotiation,2023-02-18
SH0001477,OPP000266,Closed Won,2023-02-22
SH0001478,OPP000267,Prospecting,2024-06-01
SH0001479,OPP000267,Demo,2024-06-28
SH0001480,OPP000267,Closed Lost,2024-07-25
SH0001481,OPP000268,Prospecting,2025-09-06
SH0001482,OPP000268,Discovery,2025-09-20
SH0001483,OPP000268,Demo,2025-10-04
SH0001484,OPP000268,Proposal,2025-10-18
SH0001485,OPP000268,Negotiation,2025-11-01
SH0001486,OPP000268,Closed Won,2025-11-15
SH0001487,OPP000269,Prospecting,2026-05-19
SH0001488,OPP000269,Discovery,2026-05-25
SH0001489,OPP000269,Demo,2026-05-31
SH0001490,OPP000269,Proposal,2026-06-06
SH0001491,OPP000269,Negotiation,2026-06-12
SH0001492,OPP000269,Closed Lost,2026-06-18
SH0001493,OPP000270,Prospecting,2025-01-03
SH0001494,OPP000270,Discovery,2025-01-14
SH0001495,OPP000270,Demo,2025-01-25
SH0001496,OPP000270,Proposal,2025-02-05
SH0001497,OPP000270,Negotiation,2025-02-16
SH0001498,OPP000270,Closed Lost,2025-02-27
SH0001499,OPP000271,Prospecting,2025-10-05
SH0001500,OPP000271,Discovery,2025-10-12
SH0001501,OPP000271,Demo,2025-10-19
SH0001502,OPP000271,Proposal,2025-10-26
SH0001503,OPP000271,Negotiation,2025-11-02
SH0001504,OPP000271,Closed Won,2025-11-09
SH0001505,OPP000272,Prospecting,2026-06-29
SH0001506,OPP000272,Discovery,2026-08-04
SH0001507,OPP000272,Demo,2026-09-09
SH0001508,OPP000273,Prospecting,2025-05-02
SH0001509,OPP000273,Discovery,2025-05-20
SH0001510,OPP000273,Demo,2025-06-07
SH0001511,OPP000273,Proposal,2025-06-25
SH0001512,OPP000273,Negotiation,2025-07-13
SH0001513,OPP000273,Closed Lost,2025-07-31
SH0001514,OPP000274,Prospecting,2025-09-16
SH0001515,OPP000274,Discovery,2025-09-28
SH0001516,OPP000274,Demo,2025-10-10
SH0001517,OPP000274,Proposal,2025-10-22
SH0001518,OPP000274,Negotiation,2025-11-03
SH0001519,OPP000274,Closed Won,2025-11-15
SH0001520,OPP000275,Prospecting,2024-08-27
SH0001521,OPP000275,Discovery,2024-09-05
SH0001522,OPP000275,Demo,2024-09-14
SH0001523,OPP000275,Proposal,2024-09-23
SH0001524,OPP000275,Negotiation,2024-10-02
SH0001525,OPP000275,Closed Lost,2024-10-11
SH0001526,OPP000276,Prospecting,2025-05-01
SH0001527,OPP000276,Discovery,2025-05-10
SH0001528,OPP000276,Demo,2025-05-19
SH0001529,OPP000276,Proposal,2025-05-28
SH0001530,OPP000276,Negotiation,2025-06-06
SH0001531,OPP000276,Closed Won,2025-06-15
SH0001532,OPP000277,Prospecting,2025-12-31
SH0001533,OPP000277,Discovery,2026-01-18
SH0001534,OPP000277,Demo,2026-02-05
SH0001535,OPP000277,Proposal,2026-02-23
SH0001536,OPP000277,Negotiation,2026-03-13
SH0001537,OPP000277,Closed Won,2026-03-31
SH0001538,OPP000278,Prospecting,2024-04-07
SH0001539,OPP000278,Discovery,2024-04-23
SH0001540,OPP000278,Demo,2024-05-09
SH0001541,OPP000278,Proposal,2024-05-25
SH0001542,OPP000278,Negotiation,2024-06-10
SH0001543,OPP000278,Closed Lost,2024-06-26
SH0001544,OPP000279,Prospecting,2023-02-20
SH0001545,OPP000279,Discovery,2023-03-05
SH0001546,OPP000279,Demo,2023-03-18
SH0001547,OPP000279,Proposal,2023-03-31
SH0001548,OPP000279,Negotiation,2023-04-13
SH0001549,OPP000279,Closed Lost,2023-04-26
SH0001550,OPP000280,Prospecting,2026-04-02
SH0001551,OPP000280,Discovery,2026-04-11
SH0001552,OPP000280,Demo,2026-04-20
SH0001553,OPP000280,Proposal,2026-04-29
SH0001554,OPP000280,Negotiation,2026-05-08
SH0001555,OPP000280,Closed Lost,2026-05-17
SH0001556,OPP000281,Prospecting,2025-04-07
SH0001557,OPP000281,Discovery,2025-04-18
SH0001558,OPP000281,Demo,2025-04-29
SH0001559,OPP000281,Proposal,2025-05-10
SH0001560,OPP000281,Negotiation,2025-05-21
SH0001561,OPP000281,Closed Lost,2025-06-01
SH0001562,OPP000282,Prospecting,2025-12-09
SH0001563,OPP000282,Discovery,2025-12-17
SH0001564,OPP000282,Demo,2025-12-25
SH0001565,OPP000282,Proposal,2026-01-02
SH0001566,OPP000282,Negotiation,2026-01-10
SH0001567,OPP000282,Closed Won,2026-01-18
SH0001568,OPP000283,Prospecting,2024-12-20
SH0001569,OPP000283,Demo,2025-01-25
SH0001570,OPP000283,Closed Lost,2025-03-02
SH0001571,OPP000284,Prospecting,2025-09-02
SH0001572,OPP000284,Demo,2025-09-30
SH0001573,OPP000284,Closed Lost,2025-10-28
SH0001574,OPP000285,Prospecting,2025-08-12
SH0001575,OPP000285,Discovery,2025-08-27
SH0001576,OPP000285,Demo,2025-09-11
SH0001577,OPP000285,Proposal,2025-09-26
SH0001578,OPP000285,Negotiation,2025-10-11
SH0001579,OPP000285,Closed Lost,2025-10-26
SH0001580,OPP000286,Prospecting,2024-09-04
SH0001581,OPP000286,Discovery,2024-09-19
SH0001582,OPP000286,Demo,2024-10-04
SH0001583,OPP000286,Proposal,2024-10-19
SH0001584,OPP000286,Negotiation,2024-11-03
SH0001585,OPP000286,Closed Won,2024-11-18
SH0001586,OPP000287,Prospecting,2025-05-11
SH0001587,OPP000287,Demo,2025-05-30
SH0001588,OPP000287,Closed Lost,2025-06-18
SH0001589,OPP000288,Prospecting,2023-08-17
SH0001590,OPP000288,Discovery,2023-09-04
SH0001591,OPP000288,Demo,2023-09-22
SH0001592,OPP000288,Proposal,2023-10-10
SH0001593,OPP000288,Negotiation,2023-10-28
SH0001594,OPP000288,Closed Lost,2023-11-15
SH0001595,OPP000289,Prospecting,2024-04-03
SH0001596,OPP000289,Discovery,2024-04-05
SH0001597,OPP000289,Demo,2024-04-07
SH0001598,OPP000289,Proposal,2024-04-09
SH0001599,OPP000289,Negotiation,2024-04-11
SH0001600,OPP000289,Closed Lost,2024-04-13
SH0001601,OPP000290,Prospecting,2026-02-22
SH0001602,OPP000290,Discovery,2026-03-06
SH0001603,OPP000290,Demo,2026-03-18
SH0001604,OPP000290,Proposal,2026-03-30
SH0001605,OPP000290,Negotiation,2026-04-11
SH0001606,OPP000290,Closed Lost,2026-04-23
SH0001607,OPP000291,Prospecting,2023-07-08
SH0001608,OPP000291,Discovery,2023-07-23
SH0001609,OPP000291,Demo,2023-08-07
SH0001610,OPP000291,Proposal,2023-08-22
SH0001611,OPP000291,Negotiation,2023-09-06
SH0001612,OPP000291,Closed Lost,2023-09-21
SH0001613,OPP000292,Prospecting,2023-06-06
SH0001614,OPP000292,Demo,2023-06-20
SH0001615,OPP000292,Closed Won,2023-07-04
SH0001616,OPP000293,Prospecting,2024-01-05
SH0001617,OPP000293,Discovery,2024-01-21
SH0001618,OPP000293,Demo,2024-02-06
SH0001619,OPP000293,Proposal,2024-02-22
SH0001620,OPP000293,Negotiation,2024-03-09
SH0001621,OPP000293,Closed Won,2024-03-25
SH0001622,OPP000294,Prospecting,2024-02-11
SH0001623,OPP000294,Discovery,2024-02-14
SH0001624,OPP000294,Demo,2024-02-17
SH0001625,OPP000294,Proposal,2024-02-20
SH0001626,OPP000294,Negotiation,2024-02-23
SH0001627,OPP000294,Closed Lost,2024-02-26
SH0001628,OPP000295,Prospecting,2024-10-26
SH0001629,OPP000295,Discovery,2024-11-09
SH0001630,OPP000295,Demo,2024-11-23
SH0001631,OPP000295,Proposal,2024-12-07
SH0001632,OPP000295,Negotiation,2024-12-21
SH0001633,OPP000295,Closed Lost,2025-01-04
SH0001634,OPP000296,Prospecting,2025-06-03
SH0001635,OPP000296,Discovery,2025-06-07
SH0001636,OPP000296,Demo,2025-06-11
SH0001637,OPP000296,Proposal,2025-06-15
SH0001638,OPP000296,Negotiation,2025-06-19
SH0001639,OPP000296,Closed Lost,2025-06-23
SH0001640,OPP000297,Prospecting,2025-11-03
SH0001641,OPP000297,Discovery,2025-11-13
SH0001642,OPP000297,Demo,2025-11-23
SH0001643,OPP000297,Proposal,2025-12-03
SH0001644,OPP000297,Negotiation,2025-12-13
SH0001645,OPP000297,Closed Lost,2025-12-23
SH0001646,OPP000298,Prospecting,2026-03-01
SH0001647,OPP000298,Discovery,2026-03-09
SH0001648,OPP000298,Demo,2026-03-17
SH0001649,OPP000298,Proposal,2026-03-25
SH0001650,OPP000298,Negotiation,2026-04-02
SH0001651,OPP000298,Closed Lost,2026-04-10
SH0001652,OPP000299,Prospecting,2025-05-10
SH0001653,OPP000299,Discovery,2025-05-13
SH0001654,OPP000299,Demo,2025-05-16
SH0001655,OPP000299,Proposal,2025-05-19
SH0001656,OPP000299,Negotiation,2025-05-22
SH0001657,OPP000299,Closed Won,2025-05-25
SH0001658,OPP000300,Prospecting,2026-05-24
SH0001659,OPP000301,Prospecting,2023-07-30
SH0001660,OPP000301,Discovery,2023-08-07
SH0001661,OPP000301,Demo,2023-08-15
SH0001662,OPP000301,Proposal,2023-08-23
SH0001663,OPP000301,Negotiation,2023-08-31
SH0001664,OPP000301,Closed Lost,2023-09-08
SH0001665,OPP000302,Prospecting,2025-05-04
SH0001666,OPP000302,Discovery,2025-05-21
SH0001667,OPP000302,Demo,2025-06-07
SH0001668,OPP000302,Proposal,2025-06-24
SH0001669,OPP000302,Negotiation,2025-07-11
SH0001670,OPP000302,Closed Lost,2025-07-28
SH0001671,OPP000303,Prospecting,2026-04-14
SH0001672,OPP000303,Discovery,2026-05-03
SH0001673,OPP000303,Demo,2026-05-22
SH0001674,OPP000303,Proposal,2026-06-10
SH0001675,OPP000303,Negotiation,2026-06-29
SH0001676,OPP000304,Prospecting,2023-08-03
SH0001677,OPP000304,Discovery,2023-08-18
SH0001678,OPP000304,Demo,2023-09-02
SH0001679,OPP000304,Proposal,2023-09-17
SH0001680,OPP000304,Negotiation,2023-10-02
SH0001681,OPP000304,Closed Lost,2023-10-17
SH0001682,OPP000305,Prospecting,2025-09-21
SH0001683,OPP000305,Discovery,2025-10-07
SH0001684,OPP000305,Demo,2025-10-23
SH0001685,OPP000305,Proposal,2025-11-08
SH0001686,OPP000305,Negotiation,2025-11-24
SH0001687,OPP000305,Closed Lost,2025-12-10
SH0001688,OPP000306,Prospecting,2024-12-08
SH0001689,OPP000306,Discovery,2024-12-25
SH0001690,OPP000306,Demo,2025-01-11
SH0001691,OPP000306,Proposal,2025-01-28
SH0001692,OPP000306,Negotiation,2025-02-14
SH0001693,OPP000306,Closed Lost,2025-03-03
SH0001694,OPP000307,Prospecting,2025-08-18
SH0001695,OPP000307,Discovery,2025-09-02
SH0001696,OPP000307,Demo,2025-09-17
SH0001697,OPP000307,Proposal,2025-10-02
SH0001698,OPP000307,Negotiation,2025-10-17
SH0001699,OPP000307,Closed Won,2025-11-01
SH0001700,OPP000308,Prospecting,2026-04-13
SH0001701,OPP000308,Discovery,2026-05-19
SH0001702,OPP000308,Demo,2026-06-24
SH0001703,OPP000309,Prospecting,2025-07-02
SH0001704,OPP000309,Discovery,2025-07-13
SH0001705,OPP000309,Demo,2025-07-24
SH0001706,OPP000309,Proposal,2025-08-04
SH0001707,OPP000309,Negotiation,2025-08-15
SH0001708,OPP000309,Closed Lost,2025-08-26
SH0001709,OPP000310,Prospecting,2024-02-25
SH0001710,OPP000310,Demo,2024-03-23
SH0001711,OPP000310,Closed Lost,2024-04-19
SH0001712,OPP000311,Prospecting,2025-08-02
SH0001713,OPP000311,Discovery,2025-08-19
SH0001714,OPP000311,Demo,2025-09-05
SH0001715,OPP000311,Proposal,2025-09-22
SH0001716,OPP000311,Negotiation,2025-10-09
SH0001717,OPP000311,Closed Lost,2025-10-26
SH0001718,OPP000312,Prospecting,2025-03-13
SH0001719,OPP000312,Discovery,2025-03-17
SH0001720,OPP000312,Demo,2025-03-21
SH0001721,OPP000312,Proposal,2025-03-25
SH0001722,OPP000312,Negotiation,2025-03-29
SH0001723,OPP000312,Closed Lost,2025-04-02
SH0001724,OPP000313,Prospecting,2024-01-11
SH0001725,OPP000313,Discovery,2024-01-17
SH0001726,OPP000313,Demo,2024-01-23
SH0001727,OPP000313,Proposal,2024-01-29
SH0001728,OPP000313,Negotiation,2024-02-04
SH0001729,OPP000313,Closed Won,2024-02-10
SH0001730,OPP000314,Prospecting,2024-02-21
SH0001731,OPP000314,Demo,2024-03-05
SH0001732,OPP000314,Closed Lost,2024-03-18
SH0001733,OPP000315,Prospecting,2023-06-19
SH0001734,OPP000315,Discovery,2023-07-03
SH0001735,OPP000315,Demo,2023-07-17
SH0001736,OPP000315,Proposal,2023-07-31
SH0001737,OPP000315,Negotiation,2023-08-14
SH0001738,OPP000315,Closed Lost,2023-08-28
SH0001739,OPP000316,Prospecting,2026-03-30
SH0001740,OPP000316,Discovery,2026-04-04
SH0001741,OPP000316,Demo,2026-04-09
SH0001742,OPP000316,Proposal,2026-04-14
SH0001743,OPP000316,Negotiation,2026-04-19
SH0001744,OPP000316,Closed Won,2026-04-24
SH0001745,OPP000317,Prospecting,2023-04-12
SH0001746,OPP000317,Discovery,2023-04-26
SH0001747,OPP000317,Demo,2023-05-10
SH0001748,OPP000317,Proposal,2023-05-24
SH0001749,OPP000317,Negotiation,2023-06-07
SH0001750,OPP000317,Closed Lost,2023-06-21
SH0001751,OPP000318,Prospecting,2023-08-09
SH0001752,OPP000318,Discovery,2023-08-25
SH0001753,OPP000318,Demo,2023-09-10
SH0001754,OPP000318,Proposal,2023-09-26
SH0001755,OPP000318,Negotiation,2023-10-12
SH0001756,OPP000318,Closed Lost,2023-10-28
SH0001757,OPP000319,Prospecting,2023-10-17
SH0001758,OPP000319,Discovery,2023-11-01
SH0001759,OPP000319,Demo,2023-11-16
SH0001760,OPP000319,Proposal,2023-12-01
SH0001761,OPP000319,Negotiation,2023-12-16
SH0001762,OPP000319,Closed Won,2023-12-31
SH0001763,OPP000320,Prospecting,2024-08-24
SH0001764,OPP000320,Discovery,2024-08-30
SH0001765,OPP000320,Demo,2024-09-05
SH0001766,OPP000320,Proposal,2024-09-11
SH0001767,OPP000320,Negotiation,2024-09-17
SH0001768,OPP000320,Closed Won,2024-09-23
SH0001769,OPP000321,Prospecting,2023-09-30
SH0001770,OPP000321,Demo,2023-10-16
SH0001771,OPP000321,Closed Lost,2023-11-01
SH0001772,OPP000322,Prospecting,2025-02-09
SH0001773,OPP000322,Discovery,2025-02-20
SH0001774,OPP000322,Demo,2025-03-03
SH0001775,OPP000322,Proposal,2025-03-14
SH0001776,OPP000322,Negotiation,2025-03-25
SH0001777,OPP000322,Closed Lost,2025-04-05
SH0001778,OPP000323,Prospecting,2023-02-19
SH0001779,OPP000323,Discovery,2023-02-25
SH0001780,OPP000323,Demo,2023-03-03
SH0001781,OPP000323,Proposal,2023-03-09
SH0001782,OPP000323,Negotiation,2023-03-15
SH0001783,OPP000323,Closed Won,2023-03-21
SH0001784,OPP000324,Prospecting,2024-04-02
SH0001785,OPP000324,Discovery,2024-04-20
SH0001786,OPP000324,Demo,2024-05-08
SH0001787,OPP000324,Proposal,2024-05-26
SH0001788,OPP000324,Negotiation,2024-06-13
SH0001789,OPP000324,Closed Lost,2024-07-01
SH0001790,OPP000325,Prospecting,2024-12-02
SH0001791,OPP000325,Discovery,2024-12-21
SH0001792,OPP000325,Demo,2025-01-09
SH0001793,OPP000325,Proposal,2025-01-28
SH0001794,OPP000325,Negotiation,2025-02-16
SH0001795,OPP000325,Closed Lost,2025-03-07
SH0001796,OPP000326,Prospecting,2025-09-01
SH0001797,OPP000326,Discovery,2025-09-11
SH0001798,OPP000326,Demo,2025-09-21
SH0001799,OPP000326,Proposal,2025-10-01
SH0001800,OPP000326,Negotiation,2025-10-11
SH0001801,OPP000326,Closed Lost,2025-10-21
SH0001802,OPP000327,Prospecting,2026-05-05
SH0001803,OPP000327,Discovery,2026-06-12
SH0001804,OPP000327,Demo,2026-07-20
SH0001805,OPP000328,Prospecting,2024-10-14
SH0001806,OPP000328,Discovery,2024-10-20
SH0001807,OPP000328,Demo,2024-10-26
SH0001808,OPP000328,Proposal,2024-11-01
SH0001809,OPP000328,Negotiation,2024-11-07
SH0001810,OPP000328,Closed Lost,2024-11-13
SH0001811,OPP000329,Prospecting,2024-11-01
SH0001812,OPP000329,Discovery,2024-11-16
SH0001813,OPP000329,Demo,2024-12-01
SH0001814,OPP000329,Proposal,2024-12-16
SH0001815,OPP000329,Negotiation,2024-12-31
SH0001816,OPP000329,Closed Won,2025-01-15
SH0001817,OPP000330,Prospecting,2025-12-23
SH0001818,OPP000330,Discovery,2026-01-01
SH0001819,OPP000330,Demo,2026-01-10
SH0001820,OPP000330,Proposal,2026-01-19
SH0001821,OPP000330,Negotiation,2026-01-28
SH0001822,OPP000330,Closed Won,2026-02-06
SH0001823,OPP000331,Prospecting,2023-08-03
SH0001824,OPP000331,Discovery,2023-08-08
SH0001825,OPP000331,Demo,2023-08-13
SH0001826,OPP000331,Proposal,2023-08-18
SH0001827,OPP000331,Negotiation,2023-08-23
SH0001828,OPP000331,Closed Lost,2023-08-28
SH0001829,OPP000332,Prospecting,2026-02-27
SH0001830,OPP000332,Discovery,2026-03-18
SH0001831,OPP000332,Demo,2026-04-06
SH0001832,OPP000332,Proposal,2026-04-25
SH0001833,OPP000332,Negotiation,2026-05-14
SH0001834,OPP000332,Closed Lost,2026-06-02
SH0001835,OPP000333,Prospecting,2024-04-29
SH0001836,OPP000333,Demo,2024-05-11
SH0001837,OPP000333,Closed Won,2024-05-23
SH0001838,OPP000334,Prospecting,2023-06-23
SH0001839,OPP000334,Discovery,2023-07-11
SH0001840,OPP000334,Demo,2023-07-29
SH0001841,OPP000334,Proposal,2023-08-16
SH0001842,OPP000334,Negotiation,2023-09-03
SH0001843,OPP000334,Closed Lost,2023-09-21
SH0001844,OPP000335,Prospecting,2025-12-24
SH0001845,OPP000335,Demo,2026-01-11
SH0001846,OPP000335,Closed Lost,2026-01-29
SH0001847,OPP000336,Prospecting,2026-06-11
SH0001848,OPP000336,Discovery,2026-07-08
SH0001849,OPP000336,Demo,2026-08-04
SH0001850,OPP000336,Proposal,2026-08-31
SH0001851,OPP000337,Prospecting,2024-01-23
SH0001852,OPP000337,Discovery,2024-02-05
SH0001853,OPP000337,Demo,2024-02-18
SH0001854,OPP000337,Proposal,2024-03-02
SH0001855,OPP000337,Negotiation,2024-03-15
SH0001856,OPP000337,Closed Lost,2024-03-28
SH0001857,OPP000338,Prospecting,2025-05-09
SH0001858,OPP000338,Discovery,2025-05-11
SH0001859,OPP000338,Demo,2025-05-13
SH0001860,OPP000338,Proposal,2025-05-15
SH0001861,OPP000338,Negotiation,2025-05-17
SH0001862,OPP000338,Closed Won,2025-05-19
SH0001863,OPP000339,Prospecting,2024-08-13
SH0001864,OPP000339,Discovery,2024-08-24
SH0001865,OPP000339,Demo,2024-09-04
SH0001866,OPP000339,Proposal,2024-09-15
SH0001867,OPP000339,Negotiation,2024-09-26
SH0001868,OPP000339,Closed Won,2024-10-07
SH0001869,OPP000340,Prospecting,2025-07-06
SH0001870,OPP000340,Discovery,2025-07-25
SH0001871,OPP000340,Demo,2025-08-13
SH0001872,OPP000340,Proposal,2025-09-01
SH0001873,OPP000340,Negotiation,2025-09-20
SH0001874,OPP000340,Closed Lost,2025-10-09
SH0001875,OPP000341,Prospecting,2024-02-02
SH0001876,OPP000341,Demo,2024-02-17
SH0001877,OPP000341,Closed Lost,2024-03-03
SH0001878,OPP000342,Prospecting,2024-07-26
SH0001879,OPP000342,Demo,2024-07-31
SH0001880,OPP000342,Closed Lost,2024-08-05
SH0001881,OPP000343,Prospecting,2026-05-06
SH0001882,OPP000343,Discovery,2026-06-04
SH0001883,OPP000343,Demo,2026-07-03
SH0001884,OPP000344,Prospecting,2023-08-14
SH0001885,OPP000344,Discovery,2023-09-02
SH0001886,OPP000344,Demo,2023-09-21
SH0001887,OPP000344,Proposal,2023-10-10
SH0001888,OPP000344,Negotiation,2023-10-29
SH0001889,OPP000344,Closed Lost,2023-11-17
SH0001890,OPP000345,Prospecting,2023-12-11
SH0001891,OPP000345,Discovery,2023-12-30
SH0001892,OPP000345,Demo,2024-01-18
SH0001893,OPP000345,Proposal,2024-02-06
SH0001894,OPP000345,Negotiation,2024-02-25
SH0001895,OPP000345,Closed Lost,2024-03-15
SH0001896,OPP000346,Prospecting,2023-07-04
SH0001897,OPP000346,Discovery,2023-07-21
SH0001898,OPP000346,Demo,2023-08-07
SH0001899,OPP000346,Proposal,2023-08-24
SH0001900,OPP000346,Negotiation,2023-09-10
SH0001901,OPP000346,Closed Won,2023-09-27
SH0001902,OPP000347,Prospecting,2025-08-25
SH0001903,OPP000347,Discovery,2025-09-12
SH0001904,OPP000347,Demo,2025-09-30
SH0001905,OPP000347,Proposal,2025-10-18
SH0001906,OPP000347,Negotiation,2025-11-05
SH0001907,OPP000347,Closed Won,2025-11-23
SH0001908,OPP000348,Prospecting,2026-05-02
SH0001909,OPP000348,Discovery,2026-06-13
SH0001910,OPP000349,Prospecting,2024-10-14
SH0001911,OPP000349,Discovery,2024-10-21
SH0001912,OPP000349,Demo,2024-10-28
SH0001913,OPP000349,Proposal,2024-11-04
SH0001914,OPP000349,Negotiation,2024-11-11
SH0001915,OPP000349,Closed Lost,2024-11-18
SH0001916,OPP000350,Prospecting,2025-06-20
SH0001917,OPP000350,Discovery,2025-06-24
SH0001918,OPP000350,Demo,2025-06-28
SH0001919,OPP000350,Proposal,2025-07-02
SH0001920,OPP000350,Negotiation,2025-07-06
SH0001921,OPP000350,Closed Lost,2025-07-10
SH0001922,OPP000351,Prospecting,2025-01-05
SH0001923,OPP000351,Discovery,2025-01-11
SH0001924,OPP000351,Demo,2025-01-17
SH0001925,OPP000351,Proposal,2025-01-23
SH0001926,OPP000351,Negotiation,2025-01-29
SH0001927,OPP000351,Closed Lost,2025-02-04
SH0001928,OPP000352,Prospecting,2023-05-29
SH0001929,OPP000352,Discovery,2023-06-10
SH0001930,OPP000352,Demo,2023-06-22
SH0001931,OPP000352,Proposal,2023-07-04
SH0001932,OPP000352,Negotiation,2023-07-16
SH0001933,OPP000352,Closed Lost,2023-07-28
SH0001934,OPP000353,Prospecting,2024-01-24
SH0001935,OPP000353,Demo,2024-02-06
SH0001936,OPP000353,Closed Won,2024-02-19
SH0001937,OPP000354,Prospecting,2025-11-17
SH0001938,OPP000354,Demo,2025-12-26
SH0001939,OPP000354,Closed Lost,2026-02-03
SH0001940,OPP000355,Prospecting,2024-11-11
SH0001941,OPP000355,Discovery,2024-11-17
SH0001942,OPP000355,Demo,2024-11-23
SH0001943,OPP000355,Proposal,2024-11-29
SH0001944,OPP000355,Negotiation,2024-12-05
SH0001945,OPP000355,Closed Lost,2024-12-11
SH0001946,OPP000356,Prospecting,2026-04-15
SH0001947,OPP000356,Discovery,2026-05-18
SH0001948,OPP000356,Demo,2026-06-20
SH0001949,OPP000357,Prospecting,2024-03-31
SH0001950,OPP000357,Discovery,2024-04-02
SH0001951,OPP000357,Demo,2024-04-04
SH0001952,OPP000357,Proposal,2024-04-06
SH0001953,OPP000357,Negotiation,2024-04-08
SH0001954,OPP000357,Closed Lost,2024-04-10
SH0001955,OPP000358,Prospecting,2024-11-25
SH0001956,OPP000358,Discovery,2024-11-29
SH0001957,OPP000358,Demo,2024-12-03
SH0001958,OPP000358,Proposal,2024-12-07
SH0001959,OPP000358,Negotiation,2024-12-11
SH0001960,OPP000358,Closed Lost,2024-12-15
SH0001961,OPP000359,Prospecting,2025-04-28
SH0001962,OPP000359,Discovery,2025-05-04
SH0001963,OPP000359,Demo,2025-05-10
SH0001964,OPP000359,Proposal,2025-05-16
SH0001965,OPP000359,Negotiation,2025-05-22
SH0001966,OPP000359,Closed Lost,2025-05-28
SH0001967,OPP000360,Prospecting,2024-04-12
SH0001968,OPP000360,Discovery,2024-04-30
SH0001969,OPP000360,Demo,2024-05-18
SH0001970,OPP000360,Proposal,2024-06-05
SH0001971,OPP000360,Negotiation,2024-06-23
SH0001972,OPP000360,Closed Lost,2024-07-11
SH0001973,OPP000361,Prospecting,2025-07-21
SH0001974,OPP000361,Discovery,2025-07-26
SH0001975,OPP000361,Demo,2025-07-31
SH0001976,OPP000361,Proposal,2025-08-05
SH0001977,OPP000361,Negotiation,2025-08-10
SH0001978,OPP000361,Closed Won,2025-08-15
SH0001979,OPP000362,Prospecting,2026-03-31
SH0001980,OPP000362,Discovery,2026-04-13
SH0001981,OPP000362,Demo,2026-04-26
SH0001982,OPP000362,Proposal,2026-05-09
SH0001983,OPP000362,Negotiation,2026-05-22
SH0001984,OPP000362,Closed Won,2026-06-04
SH0001985,OPP000363,Prospecting,2025-04-01
SH0001986,OPP000363,Discovery,2025-04-07
SH0001987,OPP000363,Demo,2025-04-13
SH0001988,OPP000363,Proposal,2025-04-19
SH0001989,OPP000363,Negotiation,2025-04-25
SH0001990,OPP000363,Closed Lost,2025-05-01
SH0001991,OPP000364,Prospecting,2023-12-16
SH0001992,OPP000364,Discovery,2023-12-19
SH0001993,OPP000364,Demo,2023-12-22
SH0001994,OPP000364,Proposal,2023-12-25
SH0001995,OPP000364,Negotiation,2023-12-28
SH0001996,OPP000364,Closed Lost,2023-12-31
SH0001997,OPP000365,Prospecting,2025-04-08
SH0001998,OPP000365,Discovery,2025-04-28
SH0001999,OPP000365,Demo,2025-05-18
SH0002000,OPP000365,Proposal,2025-06-07
SH0002001,OPP000365,Negotiation,2025-06-27
SH0002002,OPP000365,Closed Won,2025-07-17
SH0002003,OPP000366,Prospecting,2024-12-10
SH0002004,OPP000366,Discovery,2024-12-29
SH0002005,OPP000366,Demo,2025-01-17
SH0002006,OPP000366,Proposal,2025-02-05
SH0002007,OPP000366,Negotiation,2025-02-24
SH0002008,OPP000366,Closed Lost,2025-03-15
SH0002009,OPP000367,Prospecting,2026-05-25
SH0002010,OPP000367,Discovery,2026-05-27
SH0002011,OPP000367,Demo,2026-05-29
SH0002012,OPP000367,Proposal,2026-05-31
SH0002013,OPP000367,Negotiation,2026-06-02
SH0002014,OPP000367,Closed Lost,2026-06-04
SH0002015,OPP000368,Prospecting,2025-03-25
SH0002016,OPP000368,Discovery,2025-04-11
SH0002017,OPP000368,Demo,2025-04-28
SH0002018,OPP000368,Proposal,2025-05-15
SH0002019,OPP000368,Negotiation,2025-06-01
SH0002020,OPP000368,Closed Lost,2025-06-18
SH0002021,OPP000369,Prospecting,2025-11-28
SH0002022,OPP000369,Discovery,2025-12-16
SH0002023,OPP000369,Demo,2026-01-03
SH0002024,OPP000369,Proposal,2026-01-21
SH0002025,OPP000369,Negotiation,2026-02-08
SH0002026,OPP000369,Closed Lost,2026-02-26
SH0002027,OPP000370,Prospecting,2024-12-27
SH0002028,OPP000370,Discovery,2024-12-31
SH0002029,OPP000370,Demo,2025-01-04
SH0002030,OPP000370,Proposal,2025-01-08
SH0002031,OPP000370,Negotiation,2025-01-12
SH0002032,OPP000370,Closed Lost,2025-01-16
SH0002033,OPP000371,Prospecting,2024-04-23
SH0002034,OPP000371,Discovery,2024-04-27
SH0002035,OPP000371,Demo,2024-05-01
SH0002036,OPP000371,Proposal,2024-05-05
SH0002037,OPP000371,Negotiation,2024-05-09
SH0002038,OPP000371,Closed Lost,2024-05-13
SH0002039,OPP000372,Prospecting,2026-05-25
SH0002040,OPP000372,Discovery,2026-05-31
SH0002041,OPP000372,Demo,2026-06-06
SH0002042,OPP000372,Proposal,2026-06-12
SH0002043,OPP000372,Negotiation,2026-06-18
SH0002044,OPP000372,Closed Won,2026-06-24
SH0002045,OPP000373,Prospecting,2024-09-18
SH0002046,OPP000373,Discovery,2024-09-29
SH0002047,OPP000373,Demo,2024-10-10
SH0002048,OPP000373,Proposal,2024-10-21
SH0002049,OPP000373,Negotiation,2024-11-01
SH0002050,OPP000373,Closed Won,2024-11-12
SH0002051,OPP000374,Prospecting,2025-02-11
SH0002052,OPP000374,Discovery,2025-03-01
SH0002053,OPP000374,Demo,2025-03-19
SH0002054,OPP000374,Proposal,2025-04-06
SH0002055,OPP000374,Negotiation,2025-04-24
SH0002056,OPP000374,Closed Lost,2025-05-12
SH0002057,OPP000375,Prospecting,2026-04-15
SH0002058,OPP000375,Demo,2026-05-08
SH0002059,OPP000375,Closed Lost,2026-05-31
SH0002060,OPP000376,Prospecting,2024-11-24
SH0002061,OPP000376,Discovery,2024-12-12
SH0002062,OPP000376,Demo,2024-12-30
SH0002063,OPP000376,Proposal,2025-01-17
SH0002064,OPP000376,Negotiation,2025-02-04
SH0002065,OPP000376,Closed Lost,2025-02-22
SH0002066,OPP000377,Prospecting,2025-01-24
SH0002067,OPP000377,Discovery,2025-01-27
SH0002068,OPP000377,Demo,2025-01-30
SH0002069,OPP000377,Proposal,2025-02-02
SH0002070,OPP000377,Negotiation,2025-02-05
SH0002071,OPP000377,Closed Lost,2025-02-08
SH0002072,OPP000378,Prospecting,2025-03-26
SH0002073,OPP000378,Demo,2025-04-29
SH0002074,OPP000378,Closed Lost,2025-06-02
SH0002075,OPP000379,Prospecting,2025-11-25
SH0002076,OPP000379,Discovery,2025-11-28
SH0002077,OPP000379,Demo,2025-12-01
SH0002078,OPP000379,Proposal,2025-12-04
SH0002079,OPP000379,Negotiation,2025-12-07
SH0002080,OPP000379,Closed Won,2025-12-10
SH0002081,OPP000380,Prospecting,2024-10-30
SH0002082,OPP000380,Discovery,2024-11-02
SH0002083,OPP000380,Demo,2024-11-05
SH0002084,OPP000380,Proposal,2024-11-08
SH0002085,OPP000380,Negotiation,2024-11-11
SH0002086,OPP000380,Closed Lost,2024-11-14
SH0002087,OPP000381,Prospecting,2025-10-06
SH0002088,OPP000381,Discovery,2025-10-17
SH0002089,OPP000381,Demo,2025-10-28
SH0002090,OPP000381,Proposal,2025-11-08
SH0002091,OPP000381,Negotiation,2025-11-19
SH0002092,OPP000381,Closed Lost,2025-11-30
SH0002093,OPP000382,Prospecting,2025-05-23
SH0002094,OPP000382,Discovery,2025-06-01
SH0002095,OPP000382,Demo,2025-06-10
SH0002096,OPP000382,Proposal,2025-06-19
SH0002097,OPP000382,Negotiation,2025-06-28
SH0002098,OPP000382,Closed Won,2025-07-07
SH0002099,OPP000383,Prospecting,2026-01-12
SH0002100,OPP000383,Discovery,2026-01-19
SH0002101,OPP000383,Demo,2026-01-26
SH0002102,OPP000383,Proposal,2026-02-02
SH0002103,OPP000383,Negotiation,2026-02-09
SH0002104,OPP000383,Closed Lost,2026-02-16
SH0002105,OPP000384,Prospecting,2025-01-29
SH0002106,OPP000384,Discovery,2025-02-04
SH0002107,OPP000384,Demo,2025-02-10
SH0002108,OPP000384,Proposal,2025-02-16
SH0002109,OPP000384,Negotiation,2025-02-22
SH0002110,OPP000384,Closed Won,2025-02-28
SH0002111,OPP000385,Prospecting,2025-09-06
SH0002112,OPP000385,Discovery,2025-09-21
SH0002113,OPP000385,Demo,2025-10-06
SH0002114,OPP000385,Proposal,2025-10-21
SH0002115,OPP000385,Negotiation,2025-11-05
SH0002116,OPP000385,Closed Lost,2025-11-20
SH0002117,OPP000386,Prospecting,2024-09-14
SH0002118,OPP000386,Discovery,2024-09-20
SH0002119,OPP000386,Demo,2024-09-26
SH0002120,OPP000386,Proposal,2024-10-02
SH0002121,OPP000386,Negotiation,2024-10-08
SH0002122,OPP000386,Closed Lost,2024-10-14
SH0002123,OPP000387,Prospecting,2025-03-10
SH0002124,OPP000387,Discovery,2025-03-17
SH0002125,OPP000387,Demo,2025-03-24
SH0002126,OPP000387,Proposal,2025-03-31
SH0002127,OPP000387,Negotiation,2025-04-07
SH0002128,OPP000387,Closed Lost,2025-04-14
SH0002129,OPP000388,Prospecting,2024-08-16
SH0002130,OPP000388,Discovery,2024-08-28
SH0002131,OPP000388,Demo,2024-09-09
SH0002132,OPP000388,Proposal,2024-09-21
SH0002133,OPP000388,Negotiation,2024-10-03
SH0002134,OPP000388,Closed Won,2024-10-15
SH0002135,OPP000389,Prospecting,2026-04-26
SH0002136,OPP000389,Discovery,2026-05-22
SH0002137,OPP000389,Demo,2026-06-17
SH0002138,OPP000389,Proposal,2026-07-13
SH0002139,OPP000390,Prospecting,2023-03-23
SH0002140,OPP000390,Discovery,2023-03-29
SH0002141,OPP000390,Demo,2023-04-04
SH0002142,OPP000390,Proposal,2023-04-10
SH0002143,OPP000390,Negotiation,2023-04-16
SH0002144,OPP000390,Closed Lost,2023-04-22
SH0002145,OPP000391,Prospecting,2023-12-14
SH0002146,OPP000391,Discovery,2024-01-02
SH0002147,OPP000391,Demo,2024-01-21
SH0002148,OPP000391,Proposal,2024-02-09
SH0002149,OPP000391,Negotiation,2024-02-28
SH0002150,OPP000391,Closed Lost,2024-03-18
SH0002151,OPP000392,Prospecting,2025-07-22
SH0002152,OPP000392,Discovery,2025-08-06
SH0002153,OPP000392,Demo,2025-08-21
SH0002154,OPP000392,Proposal,2025-09-05
SH0002155,OPP000392,Negotiation,2025-09-20
SH0002156,OPP000392,Closed Lost,2025-10-05
SH0002157,OPP000393,Prospecting,2026-03-20
SH0002158,OPP000393,Discovery,2026-03-24
SH0002159,OPP000393,Demo,2026-03-28
SH0002160,OPP000393,Proposal,2026-04-01
SH0002161,OPP000393,Negotiation,2026-04-05
SH0002162,OPP000393,Closed Lost,2026-04-09
SH0002163,OPP000394,Prospecting,2026-04-24
SH0002164,OPP000395,Prospecting,2025-09-12
SH0002165,OPP000395,Discovery,2025-09-25
SH0002166,OPP000395,Demo,2025-10-08
SH0002167,OPP000395,Proposal,2025-10-21
SH0002168,OPP000395,Negotiation,2025-11-03
SH0002169,OPP000395,Closed Won,2025-11-16
SH0002170,OPP000396,Prospecting,2025-09-08
SH0002171,OPP000396,Discovery,2025-09-23
SH0002172,OPP000396,Demo,2025-10-08
SH0002173,OPP000396,Proposal,2025-10-23
SH0002174,OPP000396,Negotiation,2025-11-07
SH0002175,OPP000396,Closed Lost,2025-11-22
SH0002176,OPP000397,Prospecting,2024-04-20
SH0002177,OPP000397,Discovery,2024-05-07
SH0002178,OPP000397,Demo,2024-05-24
SH0002179,OPP000397,Proposal,2024-06-10
SH0002180,OPP000397,Negotiation,2024-06-27
SH0002181,OPP000397,Closed Lost,2024-07-14
SH0002182,OPP000398,Prospecting,2024-03-08
SH0002183,OPP000398,Discovery,2024-03-27
SH0002184,OPP000398,Demo,2024-04-15
SH0002185,OPP000398,Proposal,2024-05-04
SH0002186,OPP000398,Negotiation,2024-05-23
SH0002187,OPP000398,Closed Lost,2024-06-11
SH0002188,OPP000399,Prospecting,2024-11-06
SH0002189,OPP000399,Discovery,2024-11-18
SH0002190,OPP000399,Demo,2024-11-30
SH0002191,OPP000399,Proposal,2024-12-12
SH0002192,OPP000399,Negotiation,2024-12-24
SH0002193,OPP000399,Closed Lost,2025-01-05
SH0002194,OPP000400,Prospecting,2025-12-25
SH0002195,OPP000400,Discovery,2026-01-04
SH0002196,OPP000400,Demo,2026-01-14
SH0002197,OPP000400,Proposal,2026-01-24
SH0002198,OPP000400,Negotiation,2026-02-03
SH0002199,OPP000400,Closed Won,2026-02-13
SH0002200,OPP000401,Prospecting,2025-08-21
SH0002201,OPP000401,Discovery,2025-09-09
SH0002202,OPP000401,Demo,2025-09-28
SH0002203,OPP000401,Proposal,2025-10-17
SH0002204,OPP000401,Negotiation,2025-11-05
SH0002205,OPP000401,Closed Lost,2025-11-24
SH0002206,OPP000402,Prospecting,2025-09-10
SH0002207,OPP000402,Discovery,2025-09-15
SH0002208,OPP000402,Demo,2025-09-20
SH0002209,OPP000402,Proposal,2025-09-25
SH0002210,OPP000402,Negotiation,2025-09-30
SH0002211,OPP000402,Closed Lost,2025-10-05
SH0002212,OPP000403,Prospecting,2024-03-27
SH0002213,OPP000403,Discovery,2024-04-13
SH0002214,OPP000403,Demo,2024-04-30
SH0002215,OPP000403,Proposal,2024-05-17
SH0002216,OPP000403,Negotiation,2024-06-03
SH0002217,OPP000403,Closed Won,2024-06-20
SH0002218,OPP000404,Prospecting,2023-11-07
SH0002219,OPP000404,Discovery,2023-11-16
SH0002220,OPP000404,Demo,2023-11-25
SH0002221,OPP000404,Proposal,2023-12-04
SH0002222,OPP000404,Negotiation,2023-12-13
SH0002223,OPP000404,Closed Won,2023-12-22
SH0002224,OPP000405,Prospecting,2025-01-27
SH0002225,OPP000405,Discovery,2025-02-07
SH0002226,OPP000405,Demo,2025-02-18
SH0002227,OPP000405,Proposal,2025-03-01
SH0002228,OPP000405,Negotiation,2025-03-12
SH0002229,OPP000405,Closed Won,2025-03-23
SH0002230,OPP000406,Prospecting,2025-03-17
SH0002231,OPP000406,Discovery,2025-03-20
SH0002232,OPP000406,Demo,2025-03-23
SH0002233,OPP000406,Proposal,2025-03-26
SH0002234,OPP000406,Negotiation,2025-03-29
SH0002235,OPP000406,Closed Lost,2025-04-01
SH0002236,OPP000407,Prospecting,2024-10-16
SH0002237,OPP000407,Discovery,2024-11-02
SH0002238,OPP000407,Demo,2024-11-19
SH0002239,OPP000407,Proposal,2024-12-06
SH0002240,OPP000407,Negotiation,2024-12-23
SH0002241,OPP000407,Closed Won,2025-01-09
SH0002242,OPP000408,Prospecting,2025-11-03
SH0002243,OPP000408,Discovery,2025-11-13
SH0002244,OPP000408,Demo,2025-11-23
SH0002245,OPP000408,Proposal,2025-12-03
SH0002246,OPP000408,Negotiation,2025-12-13
SH0002247,OPP000408,Closed Lost,2025-12-23
SH0002248,OPP000409,Prospecting,2024-04-17
SH0002249,OPP000409,Demo,2024-05-10
SH0002250,OPP000409,Closed Lost,2024-06-02
SH0002251,OPP000410,Prospecting,2023-08-01
SH0002252,OPP000410,Discovery,2023-08-08
SH0002253,OPP000410,Demo,2023-08-15
SH0002254,OPP000410,Proposal,2023-08-22
SH0002255,OPP000410,Negotiation,2023-08-29
SH0002256,OPP000410,Closed Won,2023-09-05
SH0002257,OPP000411,Prospecting,2024-03-20
SH0002258,OPP000411,Discovery,2024-03-23
SH0002259,OPP000411,Demo,2024-03-26
SH0002260,OPP000411,Proposal,2024-03-29
SH0002261,OPP000411,Negotiation,2024-04-01
SH0002262,OPP000411,Closed Lost,2024-04-04
SH0002263,OPP000412,Prospecting,2024-05-04
SH0002264,OPP000412,Demo,2024-05-12
SH0002265,OPP000412,Closed Won,2024-05-20
SH0002266,OPP000413,Prospecting,2026-05-18
SH0002267,OPP000413,Discovery,2026-06-03
SH0002268,OPP000413,Demo,2026-06-19
SH0002269,OPP000413,Proposal,2026-07-05
SH0002270,OPP000413,Negotiation,2026-07-21
SH0002271,OPP000414,Prospecting,2023-12-19
SH0002272,OPP000414,Discovery,2023-12-25
SH0002273,OPP000414,Demo,2023-12-31
SH0002274,OPP000414,Proposal,2024-01-06
SH0002275,OPP000414,Negotiation,2024-01-12
SH0002276,OPP000414,Closed Won,2024-01-18
SH0002277,OPP000415,Prospecting,2024-01-02
SH0002278,OPP000415,Discovery,2024-01-13
SH0002279,OPP000415,Demo,2024-01-24
SH0002280,OPP000415,Proposal,2024-02-04
SH0002281,OPP000415,Negotiation,2024-02-15
SH0002282,OPP000415,Closed Lost,2024-02-26
SH0002283,OPP000416,Prospecting,2023-08-12
SH0002284,OPP000416,Discovery,2023-08-25
SH0002285,OPP000416,Demo,2023-09-07
SH0002286,OPP000416,Proposal,2023-09-20
SH0002287,OPP000416,Negotiation,2023-10-03
SH0002288,OPP000416,Closed Won,2023-10-16
SH0002289,OPP000417,Prospecting,2025-03-01
SH0002290,OPP000417,Demo,2025-03-08
SH0002291,OPP000417,Closed Lost,2025-03-15
SH0002292,OPP000418,Prospecting,2023-09-10
SH0002293,OPP000418,Discovery,2023-09-17
SH0002294,OPP000418,Demo,2023-09-24
SH0002295,OPP000418,Proposal,2023-10-01
SH0002296,OPP000418,Negotiation,2023-10-08
SH0002297,OPP000418,Closed Won,2023-10-15
SH0002298,OPP000419,Prospecting,2024-12-15
SH0002299,OPP000419,Discovery,2024-12-30
SH0002300,OPP000419,Demo,2025-01-14
SH0002301,OPP000419,Proposal,2025-01-29
SH0002302,OPP000419,Negotiation,2025-02-13
SH0002303,OPP000419,Closed Lost,2025-02-28
SH0002304,OPP000420,Prospecting,2024-04-27
SH0002305,OPP000420,Discovery,2024-05-03
SH0002306,OPP000420,Demo,2024-05-09
SH0002307,OPP000420,Proposal,2024-05-15
SH0002308,OPP000420,Negotiation,2024-05-21
SH0002309,OPP000420,Closed Won,2024-05-27
SH0002310,OPP000421,Prospecting,2025-01-12
SH0002311,OPP000421,Discovery,2025-01-19
SH0002312,OPP000421,Demo,2025-01-26
SH0002313,OPP000421,Proposal,2025-02-02
SH0002314,OPP000421,Negotiation,2025-02-09
SH0002315,OPP000421,Closed Won,2025-02-16
SH0002316,OPP000422,Prospecting,2024-07-17
SH0002317,OPP000422,Discovery,2024-07-28
SH0002318,OPP000422,Demo,2024-08-08
SH0002319,OPP000422,Proposal,2024-08-19
SH0002320,OPP000422,Negotiation,2024-08-30
SH0002321,OPP000422,Closed Won,2024-09-10
SH0002322,OPP000423,Prospecting,2026-02-05
SH0002323,OPP000423,Discovery,2026-02-08
SH0002324,OPP000423,Demo,2026-02-11
SH0002325,OPP000423,Proposal,2026-02-14
SH0002326,OPP000423,Negotiation,2026-02-17
SH0002327,OPP000423,Closed Lost,2026-02-20
SH0002328,OPP000424,Prospecting,2026-05-26
SH0002329,OPP000424,Discovery,2026-06-24
SH0002330,OPP000425,Prospecting,2024-03-26
SH0002331,OPP000425,Discovery,2024-04-13
SH0002332,OPP000425,Demo,2024-05-01
SH0002333,OPP000425,Proposal,2024-05-19
SH0002334,OPP000425,Negotiation,2024-06-06
SH0002335,OPP000425,Closed Lost,2024-06-24
SH0002336,OPP000426,Prospecting,2025-09-11
SH0002337,OPP000426,Discovery,2025-09-30
SH0002338,OPP000426,Demo,2025-10-19
SH0002339,OPP000426,Proposal,2025-11-07
SH0002340,OPP000426,Negotiation,2025-11-26
SH0002341,OPP000426,Closed Lost,2025-12-15
SH0002342,OPP000427,Prospecting,2023-08-06
SH0002343,OPP000427,Discovery,2023-08-23
SH0002344,OPP000427,Demo,2023-09-09
SH0002345,OPP000427,Proposal,2023-09-26
SH0002346,OPP000427,Negotiation,2023-10-13
SH0002347,OPP000427,Closed Lost,2023-10-30
SH0002348,OPP000428,Prospecting,2024-01-11
SH0002349,OPP000428,Discovery,2024-01-25
SH0002350,OPP000428,Demo,2024-02-08
SH0002351,OPP000428,Proposal,2024-02-22
SH0002352,OPP000428,Negotiation,2024-03-07
SH0002353,OPP000428,Closed Won,2024-03-21
SH0002354,OPP000429,Prospecting,2023-11-14
SH0002355,OPP000429,Discovery,2023-11-28
SH0002356,OPP000429,Demo,2023-12-12
SH0002357,OPP000429,Proposal,2023-12-26
SH0002358,OPP000429,Negotiation,2024-01-09
SH0002359,OPP000429,Closed Lost,2024-01-23
SH0002360,OPP000430,Prospecting,2025-08-25
SH0002361,OPP000430,Discovery,2025-08-27
SH0002362,OPP000430,Demo,2025-08-29
SH0002363,OPP000430,Proposal,2025-08-31
SH0002364,OPP000430,Negotiation,2025-09-02
SH0002365,OPP000430,Closed Lost,2025-09-04
SH0002366,OPP000431,Prospecting,2023-12-04
SH0002367,OPP000431,Demo,2023-12-20
SH0002368,OPP000431,Closed Lost,2024-01-05
SH0002369,OPP000432,Prospecting,2023-10-08
SH0002370,OPP000432,Discovery,2023-10-19
SH0002371,OPP000432,Demo,2023-10-30
SH0002372,OPP000432,Proposal,2023-11-10
SH0002373,OPP000432,Negotiation,2023-11-21
SH0002374,OPP000432,Closed Won,2023-12-02
SH0002375,OPP000433,Prospecting,2024-05-28
SH0002376,OPP000433,Discovery,2024-06-04
SH0002377,OPP000433,Demo,2024-06-11
SH0002378,OPP000433,Proposal,2024-06-18
SH0002379,OPP000433,Negotiation,2024-06-25
SH0002380,OPP000433,Closed Lost,2024-07-02
SH0002381,OPP000434,Prospecting,2025-12-26
SH0002382,OPP000434,Discovery,2025-12-28
SH0002383,OPP000434,Demo,2025-12-30
SH0002384,OPP000434,Proposal,2026-01-01
SH0002385,OPP000434,Negotiation,2026-01-03
SH0002386,OPP000434,Closed Won,2026-01-05
SH0002387,OPP000435,Prospecting,2025-03-21
SH0002388,OPP000435,Demo,2025-04-22
SH0002389,OPP000435,Closed Lost,2025-05-24
SH0002390,OPP000436,Prospecting,2024-01-10
SH0002391,OPP000436,Discovery,2024-01-17
SH0002392,OPP000436,Demo,2024-01-24
SH0002393,OPP000436,Proposal,2024-01-31
SH0002394,OPP000436,Negotiation,2024-02-07
SH0002395,OPP000436,Closed Lost,2024-02-14
SH0002396,OPP000437,Prospecting,2025-04-10
SH0002397,OPP000437,Discovery,2025-04-17
SH0002398,OPP000437,Demo,2025-04-24
SH0002399,OPP000437,Proposal,2025-05-01
SH0002400,OPP000437,Negotiation,2025-05-08
SH0002401,OPP000437,Closed Lost,2025-05-15
SH0002402,OPP000438,Prospecting,2025-10-16
SH0002403,OPP000438,Discovery,2025-10-23
SH0002404,OPP000438,Demo,2025-10-30
SH0002405,OPP000438,Proposal,2025-11-06
SH0002406,OPP000438,Negotiation,2025-11-13
SH0002407,OPP000438,Closed Won,2025-11-20
SH0002408,OPP000439,Prospecting,2025-11-25
SH0002409,OPP000439,Discovery,2025-12-03
SH0002410,OPP000439,Demo,2025-12-11
SH0002411,OPP000439,Proposal,2025-12-19
SH0002412,OPP000439,Negotiation,2025-12-27
SH0002413,OPP000439,Closed Won,2026-01-04
SH0002414,OPP000440,Prospecting,2026-06-25
SH0002415,OPP000440,Discovery,2026-07-17
SH0002416,OPP000440,Demo,2026-08-08
SH0002417,OPP000440,Proposal,2026-08-30
SH0002418,OPP000440,Negotiation,2026-09-21
SH0002419,OPP000441,Prospecting,2024-08-24
SH0002420,OPP000441,Discovery,2024-09-03
SH0002421,OPP000441,Demo,2024-09-13
SH0002422,OPP000441,Proposal,2024-09-23
SH0002423,OPP000441,Negotiation,2024-10-03
SH0002424,OPP000441,Closed Lost,2024-10-13
SH0002425,OPP000442,Prospecting,2024-03-01
SH0002426,OPP000442,Demo,2024-04-01
SH0002427,OPP000442,Closed Lost,2024-05-02
SH0002428,OPP000443,Prospecting,2024-10-21
SH0002429,OPP000443,Discovery,2024-10-29
SH0002430,OPP000443,Demo,2024-11-06
SH0002431,OPP000443,Proposal,2024-11-14
SH0002432,OPP000443,Negotiation,2024-11-22
SH0002433,OPP000443,Closed Lost,2024-11-30
SH0002434,OPP000444,Prospecting,2026-05-29
SH0002435,OPP000444,Discovery,2026-06-15
SH0002436,OPP000444,Demo,2026-07-02
SH0002437,OPP000444,Proposal,2026-07-19
SH0002438,OPP000444,Negotiation,2026-08-05
SH0002439,OPP000445,Prospecting,2025-07-11
SH0002440,OPP000445,Discovery,2025-07-24
SH0002441,OPP000445,Demo,2025-08-06
SH0002442,OPP000445,Proposal,2025-08-19
SH0002443,OPP000445,Negotiation,2025-09-01
SH0002444,OPP000445,Closed Won,2025-09-14
SH0002445,OPP000446,Prospecting,2024-11-19
SH0002446,OPP000446,Discovery,2024-11-30
SH0002447,OPP000446,Demo,2024-12-11
SH0002448,OPP000446,Proposal,2024-12-22
SH0002449,OPP000446,Negotiation,2025-01-02
SH0002450,OPP000446,Closed Won,2025-01-13
SH0002451,OPP000447,Prospecting,2023-11-03
SH0002452,OPP000447,Discovery,2023-11-14
SH0002453,OPP000447,Demo,2023-11-25
SH0002454,OPP000447,Proposal,2023-12-06
SH0002455,OPP000447,Negotiation,2023-12-17
SH0002456,OPP000447,Closed Lost,2023-12-28
SH0002457,OPP000448,Prospecting,2024-09-11
SH0002458,OPP000448,Discovery,2024-09-21
SH0002459,OPP000448,Demo,2024-10-01
SH0002460,OPP000448,Proposal,2024-10-11
SH0002461,OPP000448,Negotiation,2024-10-21
SH0002462,OPP000448,Closed Won,2024-10-31
SH0002463,OPP000449,Prospecting,2026-04-16
SH0002464,OPP000449,Discovery,2026-06-13
SH0002465,OPP000450,Prospecting,2023-05-23
SH0002466,OPP000450,Discovery,2023-05-31
SH0002467,OPP000450,Demo,2023-06-08
SH0002468,OPP000450,Proposal,2023-06-16
SH0002469,OPP000450,Negotiation,2023-06-24
SH0002470,OPP000450,Closed Lost,2023-07-02
SH0002471,OPP000451,Prospecting,2026-01-26
SH0002472,OPP000451,Demo,2026-02-03
SH0002473,OPP000451,Closed Won,2026-02-11
SH0002474,OPP000452,Prospecting,2024-09-16
SH0002475,OPP000452,Discovery,2024-10-03
SH0002476,OPP000452,Demo,2024-10-20
SH0002477,OPP000452,Proposal,2024-11-06
SH0002478,OPP000452,Negotiation,2024-11-23
SH0002479,OPP000452,Closed Won,2024-12-10
SH0002480,OPP000453,Prospecting,2025-06-30
SH0002481,OPP000453,Demo,2025-07-08
SH0002482,OPP000453,Closed Lost,2025-07-16
SH0002483,OPP000454,Prospecting,2026-03-22
SH0002484,OPP000454,Discovery,2026-04-25
SH0002485,OPP000454,Demo,2026-05-29
SH0002486,OPP000455,Prospecting,2023-07-09
SH0002487,OPP000455,Discovery,2023-07-17
SH0002488,OPP000455,Demo,2023-07-25
SH0002489,OPP000455,Proposal,2023-08-02
SH0002490,OPP000455,Negotiation,2023-08-10
SH0002491,OPP000455,Closed Lost,2023-08-18
SH0002492,OPP000456,Prospecting,2023-11-30
SH0002493,OPP000456,Discovery,2023-12-09
SH0002494,OPP000456,Demo,2023-12-18
SH0002495,OPP000456,Proposal,2023-12-27
SH0002496,OPP000456,Negotiation,2024-01-05
SH0002497,OPP000456,Closed Lost,2024-01-14
SH0002498,OPP000457,Prospecting,2024-08-22
SH0002499,OPP000457,Discovery,2024-08-24
SH0002500,OPP000457,Demo,2024-08-26
SH0002501,OPP000457,Proposal,2024-08-28
SH0002502,OPP000457,Negotiation,2024-08-30
SH0002503,OPP000457,Closed Lost,2024-09-01
SH0002504,OPP000458,Prospecting,2024-10-01
SH0002505,OPP000458,Discovery,2024-10-18
SH0002506,OPP000458,Demo,2024-11-04
SH0002507,OPP000458,Proposal,2024-11-21
SH0002508,OPP000458,Negotiation,2024-12-08
SH0002509,OPP000458,Closed Won,2024-12-25
SH0002510,OPP000459,Prospecting,2025-12-13
SH0002511,OPP000459,Discovery,2025-12-25
SH0002512,OPP000459,Demo,2026-01-06
SH0002513,OPP000459,Proposal,2026-01-18
SH0002514,OPP000459,Negotiation,2026-01-30
SH0002515,OPP000459,Closed Won,2026-02-11
SH0002516,OPP000460,Prospecting,2024-10-05
SH0002517,OPP000460,Discovery,2024-10-15
SH0002518,OPP000460,Demo,2024-10-25
SH0002519,OPP000460,Proposal,2024-11-04
SH0002520,OPP000460,Negotiation,2024-11-14
SH0002521,OPP000460,Closed Lost,2024-11-24
SH0002522,OPP000461,Prospecting,2024-06-27
SH0002523,OPP000461,Discovery,2024-07-09
SH0002524,OPP000461,Demo,2024-07-21
SH0002525,OPP000461,Proposal,2024-08-02
SH0002526,OPP000461,Negotiation,2024-08-14
SH0002527,OPP000461,Closed Won,2024-08-26
SH0002528,OPP000462,Prospecting,2025-02-22
SH0002529,OPP000462,Discovery,2025-03-10
SH0002530,OPP000462,Demo,2025-03-26
SH0002531,OPP000462,Proposal,2025-04-11
SH0002532,OPP000462,Negotiation,2025-04-27
SH0002533,OPP000462,Closed Won,2025-05-13
SH0002534,OPP000463,Prospecting,2025-02-21
SH0002535,OPP000463,Discovery,2025-03-01
SH0002536,OPP000463,Demo,2025-03-09
SH0002537,OPP000463,Proposal,2025-03-17
SH0002538,OPP000463,Negotiation,2025-03-25
SH0002539,OPP000463,Closed Lost,2025-04-02
SH0002540,OPP000464,Prospecting,2026-01-29
SH0002541,OPP000464,Discovery,2026-02-01
SH0002542,OPP000464,Demo,2026-02-04
SH0002543,OPP000464,Proposal,2026-02-07
SH0002544,OPP000464,Negotiation,2026-02-10
SH0002545,OPP000464,Closed Lost,2026-02-13
SH0002546,OPP000465,Prospecting,2025-07-12
SH0002547,OPP000465,Discovery,2025-07-21
SH0002548,OPP000465,Demo,2025-07-30
SH0002549,OPP000465,Proposal,2025-08-08
SH0002550,OPP000465,Negotiation,2025-08-17
SH0002551,OPP000465,Closed Lost,2025-08-26
SH0002552,OPP000466,Prospecting,2024-07-04
SH0002553,OPP000466,Discovery,2024-07-06
SH0002554,OPP000466,Demo,2024-07-08
SH0002555,OPP000466,Proposal,2024-07-10
SH0002556,OPP000466,Negotiation,2024-07-12
SH0002557,OPP000466,Closed Lost,2024-07-14
SH0002558,OPP000467,Prospecting,2025-03-16
SH0002559,OPP000467,Discovery,2025-03-30
SH0002560,OPP000467,Demo,2025-04-13
SH0002561,OPP000467,Proposal,2025-04-27
SH0002562,OPP000467,Negotiation,2025-05-11
SH0002563,OPP000467,Closed Lost,2025-05-25
SH0002564,OPP000468,Prospecting,2025-11-01
SH0002565,OPP000468,Discovery,2025-11-17
SH0002566,OPP000468,Demo,2025-12-03
SH0002567,OPP000468,Proposal,2025-12-19
SH0002568,OPP000468,Negotiation,2026-01-04
SH0002569,OPP000468,Closed Lost,2026-01-20
SH0002570,OPP000469,Prospecting,2023-03-23
SH0002571,OPP000469,Discovery,2023-03-27
SH0002572,OPP000469,Demo,2023-03-31
SH0002573,OPP000469,Proposal,2023-04-04
SH0002574,OPP000469,Negotiation,2023-04-08
SH0002575,OPP000469,Closed Lost,2023-04-12
SH0002576,OPP000470,Prospecting,2023-11-10
SH0002577,OPP000470,Discovery,2023-11-28
SH0002578,OPP000470,Demo,2023-12-16
SH0002579,OPP000470,Proposal,2024-01-03
SH0002580,OPP000470,Negotiation,2024-01-21
SH0002581,OPP000470,Closed Won,2024-02-08
SH0002582,OPP000471,Prospecting,2023-02-07
SH0002583,OPP000471,Demo,2023-02-17
SH0002584,OPP000471,Closed Won,2023-02-27
SH0002585,OPP000472,Prospecting,2025-01-12
SH0002586,OPP000472,Discovery,2025-01-14
SH0002587,OPP000472,Demo,2025-01-16
SH0002588,OPP000472,Proposal,2025-01-18
SH0002589,OPP000472,Negotiation,2025-01-20
SH0002590,OPP000472,Closed Lost,2025-01-22
SH0002591,OPP000473,Prospecting,2024-01-24
SH0002592,OPP000473,Discovery,2024-02-08
SH0002593,OPP000473,Demo,2024-02-23
SH0002594,OPP000473,Proposal,2024-03-09
SH0002595,OPP000473,Negotiation,2024-03-24
SH0002596,OPP000473,Closed Won,2024-04-08
SH0002597,OPP000474,Prospecting,2024-09-13
SH0002598,OPP000474,Discovery,2024-09-17
SH0002599,OPP000474,Demo,2024-09-21
SH0002600,OPP000474,Proposal,2024-09-25
SH0002601,OPP000474,Negotiation,2024-09-29
SH0002602,OPP000474,Closed Won,2024-10-03
SH0002603,OPP000475,Prospecting,2026-05-08
SH0002604,OPP000475,Discovery,2026-07-03
SH0002605,OPP000476,Prospecting,2025-08-11
SH0002606,OPP000476,Discovery,2025-08-19
SH0002607,OPP000476,Demo,2025-08-27
SH0002608,OPP000476,Proposal,2025-09-04
SH0002609,OPP000476,Negotiation,2025-09-12
SH0002610,OPP000476,Closed Won,2025-09-20
SH0002611,OPP000477,Prospecting,2026-04-02
SH0002612,OPP000477,Demo,2026-04-30
SH0002613,OPP000477,Closed Lost,2026-05-28
SH0002614,OPP000478,Prospecting,2024-06-25
SH0002615,OPP000478,Discovery,2024-07-03
SH0002616,OPP000478,Demo,2024-07-11
SH0002617,OPP000478,Proposal,2024-07-19
SH0002618,OPP000478,Negotiation,2024-07-27
SH0002619,OPP000478,Closed Lost,2024-08-04
SH0002620,OPP000479,Prospecting,2025-02-16
SH0002621,OPP000479,Discovery,2025-02-21
SH0002622,OPP000479,Demo,2025-02-26
SH0002623,OPP000479,Proposal,2025-03-03
SH0002624,OPP000479,Negotiation,2025-03-08
SH0002625,OPP000479,Closed Won,2025-03-13
SH0002626,OPP000480,Prospecting,2025-09-26
SH0002627,OPP000480,Demo,2025-10-19
SH0002628,OPP000480,Closed Won,2025-11-11
SH0002629,OPP000481,Prospecting,2023-06-18
SH0002630,OPP000481,Discovery,2023-06-22
SH0002631,OPP000481,Demo,2023-06-26
SH0002632,OPP000481,Proposal,2023-06-30
SH0002633,OPP000481,Negotiation,2023-07-04
SH0002634,OPP000481,Closed Won,2023-07-08
SH0002635,OPP000482,Prospecting,2026-03-04
SH0002636,OPP000482,Discovery,2026-03-10
SH0002637,OPP000482,Demo,2026-03-16
SH0002638,OPP000482,Proposal,2026-03-22
SH0002639,OPP000482,Negotiation,2026-03-28
SH0002640,OPP000482,Closed Won,2026-04-03
SH0002641,OPP000483,Prospecting,2025-11-27
SH0002642,OPP000483,Discovery,2025-12-02
SH0002643,OPP000483,Demo,2025-12-07
SH0002644,OPP000483,Proposal,2025-12-12
SH0002645,OPP000483,Negotiation,2025-12-17
SH0002646,OPP000483,Closed Lost,2025-12-22
SH0002647,OPP000484,Prospecting,2026-04-13
SH0002648,OPP000484,Discovery,2026-05-06
SH0002649,OPP000484,Demo,2026-05-29
SH0002650,OPP000484,Proposal,2026-06-21
SH0002651,OPP000485,Prospecting,2024-05-05
SH0002652,OPP000485,Demo,2024-06-04
SH0002653,OPP000485,Closed Lost,2024-07-04
SH0002654,OPP000486,Prospecting,2025-01-20
SH0002655,OPP000486,Discovery,2025-01-30
SH0002656,OPP000486,Demo,2025-02-09
SH0002657,OPP000486,Proposal,2025-02-19
SH0002658,OPP000486,Negotiation,2025-03-01
SH0002659,OPP000486,Closed Lost,2025-03-11
SH0002660,OPP000487,Prospecting,2025-12-20
SH0002661,OPP000487,Discovery,2025-12-25
SH0002662,OPP000487,Demo,2025-12-30
SH0002663,OPP000487,Proposal,2026-01-04
SH0002664,OPP000487,Negotiation,2026-01-09
SH0002665,OPP000487,Closed Lost,2026-01-14
SH0002666,OPP000488,Prospecting,2023-07-04
SH0002667,OPP000488,Demo,2023-08-13
SH0002668,OPP000488,Closed Lost,2023-09-22
SH0002669,OPP000489,Prospecting,2023-02-14
SH0002670,OPP000489,Discovery,2023-02-25
SH0002671,OPP000489,Demo,2023-03-08
SH0002672,OPP000489,Proposal,2023-03-19
SH0002673,OPP000489,Negotiation,2023-03-30
SH0002674,OPP000489,Closed Lost,2023-04-10
SH0002675,OPP000490,Prospecting,2023-09-22
SH0002676,OPP000490,Discovery,2023-10-03
SH0002677,OPP000490,Demo,2023-10-14
SH0002678,OPP000490,Proposal,2023-10-25
SH0002679,OPP000490,Negotiation,2023-11-05
SH0002680,OPP000490,Closed Lost,2023-11-16
SH0002681,OPP000491,Prospecting,2025-05-11
SH0002682,OPP000491,Discovery,2025-05-18
SH0002683,OPP000491,Demo,2025-05-25
SH0002684,OPP000491,Proposal,2025-06-01
SH0002685,OPP000491,Negotiation,2025-06-08
SH0002686,OPP000491,Closed Won,2025-06-15
SH0002687,OPP000492,Prospecting,2024-01-13
SH0002688,OPP000492,Discovery,2024-01-19
SH0002689,OPP000492,Demo,2024-01-25
SH0002690,OPP000492,Proposal,2024-01-31
SH0002691,OPP000492,Negotiation,2024-02-06
SH0002692,OPP000492,Closed Won,2024-02-12
SH0002693,OPP000493,Prospecting,2024-09-09
SH0002694,OPP000493,Discovery,2024-09-25
SH0002695,OPP000493,Demo,2024-10-11
SH0002696,OPP000493,Proposal,2024-10-27
SH0002697,OPP000493,Negotiation,2024-11-12
SH0002698,OPP000493,Closed Won,2024-11-28
SH0002699,OPP000494,Prospecting,2026-06-25
SH0002700,OPP000494,Discovery,2026-07-08
SH0002701,OPP000495,Prospecting,2024-07-02
SH0002702,OPP000495,Discovery,2024-07-18
SH0002703,OPP000495,Demo,2024-08-03
SH0002704,OPP000495,Proposal,2024-08-19
SH0002705,OPP000495,Negotiation,2024-09-04
SH0002706,OPP000495,Closed Lost,2024-09-20
SH0002707,OPP000496,Prospecting,2024-03-24
SH0002708,OPP000496,Discovery,2024-04-07
SH0002709,OPP000496,Demo,2024-04-21
SH0002710,OPP000496,Proposal,2024-05-05
SH0002711,OPP000496,Negotiation,2024-05-19
SH0002712,OPP000496,Closed Lost,2024-06-02
SH0002713,OPP000497,Prospecting,2024-11-27
SH0002714,OPP000497,Discovery,2024-12-08
SH0002715,OPP000497,Demo,2024-12-19
SH0002716,OPP000497,Proposal,2024-12-30
SH0002717,OPP000497,Negotiation,2025-01-10
SH0002718,OPP000497,Closed Won,2025-01-21
SH0002719,OPP000498,Prospecting,2023-09-07
SH0002720,OPP000498,Discovery,2023-09-19
SH0002721,OPP000498,Demo,2023-10-01
SH0002722,OPP000498,Proposal,2023-10-13
SH0002723,OPP000498,Negotiation,2023-10-25
SH0002724,OPP000498,Closed Lost,2023-11-06
SH0002725,OPP000499,Prospecting,2025-02-25
SH0002726,OPP000499,Discovery,2025-03-06
SH0002727,OPP000499,Demo,2025-03-15
SH0002728,OPP000499,Proposal,2025-03-24
SH0002729,OPP000499,Negotiation,2025-04-02
SH0002730,OPP000499,Closed Won,2025-04-11
SH0002731,OPP000500,Prospecting,2025-10-13
SH0002732,OPP000500,Discovery,2025-10-16
SH0002733,OPP000500,Demo,2025-10-19
SH0002734,OPP000500,Proposal,2025-10-22
SH0002735,OPP000500,Negotiation,2025-10-25
SH0002736,OPP000500,Closed Lost,2025-10-28
SH0002737,OPP000501,Prospecting,2023-11-15
SH0002738,OPP000501,Demo,2023-12-15
SH0002739,OPP000501,Closed Lost,2024-01-14
SH0002740,OPP000502,Prospecting,2023-09-06
SH0002741,OPP000502,Discovery,2023-09-18
SH0002742,OPP000502,Demo,2023-09-30
SH0002743,OPP000502,Proposal,2023-10-12
SH0002744,OPP000502,Negotiation,2023-10-24
SH0002745,OPP000502,Closed Lost,2023-11-05
SH0002746,OPP000503,Prospecting,2024-06-06
SH0002747,OPP000503,Discovery,2024-06-25
SH0002748,OPP000503,Demo,2024-07-14
SH0002749,OPP000503,Proposal,2024-08-02
SH0002750,OPP000503,Negotiation,2024-08-21
SH0002751,OPP000503,Closed Won,2024-09-09
SH0002752,OPP000504,Prospecting,2026-03-01
SH0002753,OPP000504,Discovery,2026-03-18
SH0002754,OPP000504,Demo,2026-04-04
SH0002755,OPP000504,Proposal,2026-04-21
SH0002756,OPP000504,Negotiation,2026-05-08
SH0002757,OPP000504,Closed Won,2026-05-25
SH0002758,OPP000505,Prospecting,2023-09-08
SH0002759,OPP000505,Discovery,2023-09-20
SH0002760,OPP000505,Demo,2023-10-02
SH0002761,OPP000505,Proposal,2023-10-14
SH0002762,OPP000505,Negotiation,2023-10-26
SH0002763,OPP000505,Closed Lost,2023-11-07
SH0002764,OPP000506,Prospecting,2024-05-18
SH0002765,OPP000506,Demo,2024-06-26
SH0002766,OPP000506,Closed Won,2024-08-04
SH0002767,OPP000507,Prospecting,2023-05-19
SH0002768,OPP000507,Discovery,2023-05-21
SH0002769,OPP000507,Demo,2023-05-23
SH0002770,OPP000507,Proposal,2023-05-25
SH0002771,OPP000507,Negotiation,2023-05-27
SH0002772,OPP000507,Closed Won,2023-05-29
SH0002773,OPP000508,Prospecting,2024-04-14
SH0002774,OPP000508,Discovery,2024-04-21
SH0002775,OPP000508,Demo,2024-04-28
SH0002776,OPP000508,Proposal,2024-05-05
SH0002777,OPP000508,Negotiation,2024-05-12
SH0002778,OPP000508,Closed Won,2024-05-19
SH0002779,OPP000509,Prospecting,2026-05-09
SH0002780,OPP000509,Discovery,2026-05-17
SH0002781,OPP000509,Demo,2026-05-25
SH0002782,OPP000509,Proposal,2026-06-02
SH0002783,OPP000509,Negotiation,2026-06-10
SH0002784,OPP000509,Closed Lost,2026-06-18
SH0002785,OPP000510,Prospecting,2023-04-13
SH0002786,OPP000510,Discovery,2023-04-28
SH0002787,OPP000510,Demo,2023-05-13
SH0002788,OPP000510,Proposal,2023-05-28
SH0002789,OPP000510,Negotiation,2023-06-12
SH0002790,OPP000510,Closed Lost,2023-06-27
SH0002791,OPP000511,Prospecting,2025-04-27
SH0002792,OPP000511,Discovery,2025-05-14
SH0002793,OPP000511,Demo,2025-05-31
SH0002794,OPP000511,Proposal,2025-06-17
SH0002795,OPP000511,Negotiation,2025-07-04
SH0002796,OPP000511,Closed Won,2025-07-21
SH0002797,OPP000512,Prospecting,2026-02-21
SH0002798,OPP000512,Discovery,2026-02-26
SH0002799,OPP000512,Demo,2026-03-03
SH0002800,OPP000512,Proposal,2026-03-08
SH0002801,OPP000512,Negotiation,2026-03-13
SH0002802,OPP000512,Closed Lost,2026-03-18
SH0002803,OPP000513,Prospecting,2025-05-17
SH0002804,OPP000513,Discovery,2025-05-31
SH0002805,OPP000513,Demo,2025-06-14
SH0002806,OPP000513,Proposal,2025-06-28
SH0002807,OPP000513,Negotiation,2025-07-12
SH0002808,OPP000513,Closed Won,2025-07-26
SH0002809,OPP000514,Prospecting,2026-04-19
SH0002810,OPP000514,Discovery,2026-05-31
SH0002811,OPP000515,Prospecting,2023-03-22
SH0002812,OPP000515,Discovery,2023-04-05
SH0002813,OPP000515,Demo,2023-04-19
SH0002814,OPP000515,Proposal,2023-05-03
SH0002815,OPP000515,Negotiation,2023-05-17
SH0002816,OPP000515,Closed Lost,2023-05-31
SH0002817,OPP000516,Prospecting,2023-02-13
SH0002818,OPP000516,Discovery,2023-02-26
SH0002819,OPP000516,Demo,2023-03-11
SH0002820,OPP000516,Proposal,2023-03-24
SH0002821,OPP000516,Negotiation,2023-04-06
SH0002822,OPP000516,Closed Lost,2023-04-19
SH0002823,OPP000517,Prospecting,2026-04-06
SH0002824,OPP000517,Discovery,2026-04-10
SH0002825,OPP000517,Demo,2026-04-14
SH0002826,OPP000517,Proposal,2026-04-18
SH0002827,OPP000517,Negotiation,2026-04-22
SH0002828,OPP000517,Closed Lost,2026-04-26
SH0002829,OPP000518,Prospecting,2024-03-27
SH0002830,OPP000518,Discovery,2024-04-02
SH0002831,OPP000518,Demo,2024-04-08
SH0002832,OPP000518,Proposal,2024-04-14
SH0002833,OPP000518,Negotiation,2024-04-20
SH0002834,OPP000518,Closed Won,2024-04-26
SH0002835,OPP000519,Prospecting,2025-11-06
SH0002836,OPP000519,Discovery,2025-11-19
SH0002837,OPP000519,Demo,2025-12-02
SH0002838,OPP000519,Proposal,2025-12-15
SH0002839,OPP000519,Negotiation,2025-12-28
SH0002840,OPP000519,Closed Lost,2026-01-10
SH0002841,OPP000520,Prospecting,2025-10-03
SH0002842,OPP000520,Discovery,2025-10-19
SH0002843,OPP000520,Demo,2025-11-04
SH0002844,OPP000520,Proposal,2025-11-20
SH0002845,OPP000520,Negotiation,2025-12-06
SH0002846,OPP000520,Closed Lost,2025-12-22
SH0002847,OPP000521,Prospecting,2025-06-29
SH0002848,OPP000521,Discovery,2025-07-09
SH0002849,OPP000521,Demo,2025-07-19
SH0002850,OPP000521,Proposal,2025-07-29
SH0002851,OPP000521,Negotiation,2025-08-08
SH0002852,OPP000521,Closed Won,2025-08-18
SH0002853,OPP000522,Prospecting,2026-01-21
SH0002854,OPP000522,Discovery,2026-02-06
SH0002855,OPP000522,Demo,2026-02-22
SH0002856,OPP000522,Proposal,2026-03-10
SH0002857,OPP000522,Negotiation,2026-03-26
SH0002858,OPP000522,Closed Won,2026-04-11
SH0002859,OPP000523,Prospecting,2025-12-15
SH0002860,OPP000523,Discovery,2025-12-25
SH0002861,OPP000523,Demo,2026-01-04
SH0002862,OPP000523,Proposal,2026-01-14
SH0002863,OPP000523,Negotiation,2026-01-24
SH0002864,OPP000523,Closed Lost,2026-02-03
SH0002865,OPP000524,Prospecting,2024-07-08
SH0002866,OPP000524,Discovery,2024-07-19
SH0002867,OPP000524,Demo,2024-07-30
SH0002868,OPP000524,Proposal,2024-08-10
SH0002869,OPP000524,Negotiation,2024-08-21
SH0002870,OPP000524,Closed Won,2024-09-01
SH0002871,OPP000525,Prospecting,2025-03-17
SH0002872,OPP000525,Discovery,2025-03-19
SH0002873,OPP000525,Demo,2025-03-21
SH0002874,OPP000525,Proposal,2025-03-23
SH0002875,OPP000525,Negotiation,2025-03-25
SH0002876,OPP000525,Closed Lost,2025-03-27
SH0002877,OPP000526,Prospecting,2024-05-18
SH0002878,OPP000526,Demo,2024-06-10
SH0002879,OPP000526,Closed Won,2024-07-03
SH0002880,OPP000527,Prospecting,2025-12-28
SH0002881,OPP000527,Discovery,2026-01-14
SH0002882,OPP000527,Demo,2026-01-31
SH0002883,OPP000527,Proposal,2026-02-17
SH0002884,OPP000527,Negotiation,2026-03-06
SH0002885,OPP000527,Closed Lost,2026-03-23
SH0002886,OPP000528,Prospecting,2024-07-05
SH0002887,OPP000528,Discovery,2024-07-22
SH0002888,OPP000528,Demo,2024-08-08
SH0002889,OPP000528,Proposal,2024-08-25
SH0002890,OPP000528,Negotiation,2024-09-11
SH0002891,OPP000528,Closed Won,2024-09-28
SH0002892,OPP000529,Prospecting,2024-07-17
SH0002893,OPP000529,Discovery,2024-07-29
SH0002894,OPP000529,Demo,2024-08-10
SH0002895,OPP000529,Proposal,2024-08-22
SH0002896,OPP000529,Negotiation,2024-09-03
SH0002897,OPP000529,Closed Lost,2024-09-15
SH0002898,OPP000530,Prospecting,2024-09-12
SH0002899,OPP000530,Demo,2024-10-09
SH0002900,OPP000530,Closed Lost,2024-11-05
SH0002901,OPP000531,Prospecting,2023-12-07
SH0002902,OPP000531,Discovery,2023-12-14
SH0002903,OPP000531,Demo,2023-12-21
SH0002904,OPP000531,Proposal,2023-12-28
SH0002905,OPP000531,Negotiation,2024-01-04
SH0002906,OPP000531,Closed Lost,2024-01-11
SH0002907,OPP000532,Prospecting,2024-06-30
SH0002908,OPP000532,Discovery,2024-07-15
SH0002909,OPP000532,Demo,2024-07-30
SH0002910,OPP000532,Proposal,2024-08-14
SH0002911,OPP000532,Negotiation,2024-08-29
SH0002912,OPP000532,Closed Won,2024-09-13
SH0002913,OPP000533,Prospecting,2024-10-17
SH0002914,OPP000533,Demo,2024-10-29
SH0002915,OPP000533,Closed Won,2024-11-10
SH0002916,OPP000534,Prospecting,2025-06-05
SH0002917,OPP000534,Discovery,2025-06-10
SH0002918,OPP000534,Demo,2025-06-15
SH0002919,OPP000534,Proposal,2025-06-20
SH0002920,OPP000534,Negotiation,2025-06-25
SH0002921,OPP000534,Closed Lost,2025-06-30
SH0002922,OPP000535,Prospecting,2026-01-15
SH0002923,OPP000535,Discovery,2026-02-01
SH0002924,OPP000535,Demo,2026-02-18
SH0002925,OPP000535,Proposal,2026-03-07
SH0002926,OPP000535,Negotiation,2026-03-24
SH0002927,OPP000535,Closed Lost,2026-04-10
SH0002928,OPP000536,Prospecting,2023-08-12
SH0002929,OPP000536,Discovery,2023-08-24
SH0002930,OPP000536,Demo,2023-09-05
SH0002931,OPP000536,Proposal,2023-09-17
SH0002932,OPP000536,Negotiation,2023-09-29
SH0002933,OPP000536,Closed Lost,2023-10-11
SH0002934,OPP000537,Prospecting,2023-12-28
SH0002935,OPP000537,Discovery,2024-01-09
SH0002936,OPP000537,Demo,2024-01-21
SH0002937,OPP000537,Proposal,2024-02-02
SH0002938,OPP000537,Negotiation,2024-02-14
SH0002939,OPP000537,Closed Lost,2024-02-26
SH0002940,OPP000538,Prospecting,2024-01-10
SH0002941,OPP000538,Discovery,2024-01-21
SH0002942,OPP000538,Demo,2024-02-01
SH0002943,OPP000538,Proposal,2024-02-12
SH0002944,OPP000538,Negotiation,2024-02-23
SH0002945,OPP000538,Closed Lost,2024-03-05
SH0002946,OPP000539,Prospecting,2026-02-21
SH0002947,OPP000539,Discovery,2026-02-25
SH0002948,OPP000539,Demo,2026-03-01
SH0002949,OPP000539,Proposal,2026-03-05
SH0002950,OPP000539,Negotiation,2026-03-09
SH0002951,OPP000539,Closed Won,2026-03-13
SH0002952,OPP000540,Prospecting,2024-12-24
SH0002953,OPP000540,Discovery,2024-12-28
SH0002954,OPP000540,Demo,2025-01-01
SH0002955,OPP000540,Proposal,2025-01-05
SH0002956,OPP000540,Negotiation,2025-01-09
SH0002957,OPP000540,Closed Lost,2025-01-13
SH0002958,OPP000541,Prospecting,2025-12-20
SH0002959,OPP000541,Discovery,2026-01-02
SH0002960,OPP000541,Demo,2026-01-15
SH0002961,OPP000541,Proposal,2026-01-28
SH0002962,OPP000541,Negotiation,2026-02-10
SH0002963,OPP000541,Closed Lost,2026-02-23
SH0002964,OPP000542,Prospecting,2024-08-26
SH0002965,OPP000542,Discovery,2024-08-29
SH0002966,OPP000542,Demo,2024-09-01
SH0002967,OPP000542,Proposal,2024-09-04
SH0002968,OPP000542,Negotiation,2024-09-07
SH0002969,OPP000542,Closed Won,2024-09-10
SH0002970,OPP000543,Prospecting,2025-05-14
SH0002971,OPP000543,Discovery,2025-05-31
SH0002972,OPP000543,Demo,2025-06-17
SH0002973,OPP000543,Proposal,2025-07-04
SH0002974,OPP000543,Negotiation,2025-07-21
SH0002975,OPP000543,Closed Lost,2025-08-07
SH0002976,OPP000544,Prospecting,2025-03-20
SH0002977,OPP000544,Discovery,2025-03-30
SH0002978,OPP000544,Demo,2025-04-09
SH0002979,OPP000544,Proposal,2025-04-19
SH0002980,OPP000544,Negotiation,2025-04-29
SH0002981,OPP000544,Closed Won,2025-05-09
SH0002982,OPP000545,Prospecting,2025-11-10
SH0002983,OPP000545,Discovery,2025-11-21
SH0002984,OPP000545,Demo,2025-12-02
SH0002985,OPP000545,Proposal,2025-12-13
SH0002986,OPP000545,Negotiation,2025-12-24
SH0002987,OPP000545,Closed Won,2026-01-04
SH0002988,OPP000546,Prospecting,2023-06-04
SH0002989,OPP000546,Discovery,2023-06-10
SH0002990,OPP000546,Demo,2023-06-16
SH0002991,OPP000546,Proposal,2023-06-22
SH0002992,OPP000546,Negotiation,2023-06-28
SH0002993,OPP000546,Closed Lost,2023-07-04
SH0002994,OPP000547,Prospecting,2023-11-14
SH0002995,OPP000547,Demo,2023-12-03
SH0002996,OPP000547,Closed Lost,2023-12-22
SH0002997,OPP000548,Prospecting,2024-07-20
SH0002998,OPP000548,Discovery,2024-07-23
SH0002999,OPP000548,Demo,2024-07-26
SH0003000,OPP000548,Proposal,2024-07-29
SH0003001,OPP000548,Negotiation,2024-08-01
SH0003002,OPP000548,Closed Lost,2024-08-04
SH0003003,OPP000549,Prospecting,2024-05-21
SH0003004,OPP000549,Discovery,2024-05-31
SH0003005,OPP000549,Demo,2024-06-10
SH0003006,OPP000549,Proposal,2024-06-20
SH0003007,OPP000549,Negotiation,2024-06-30
SH0003008,OPP000549,Closed Lost,2024-07-10
SH0003009,OPP000550,Prospecting,2025-01-15
SH0003010,OPP000550,Discovery,2025-01-19
SH0003011,OPP000550,Demo,2025-01-23
SH0003012,OPP000550,Proposal,2025-01-27
SH0003013,OPP000550,Negotiation,2025-01-31
SH0003014,OPP000550,Closed Won,2025-02-04
SH0003015,OPP000551,Prospecting,2023-03-19
SH0003016,OPP000551,Discovery,2023-03-31
SH0003017,OPP000551,Demo,2023-04-12
SH0003018,OPP000551,Proposal,2023-04-24
SH0003019,OPP000551,Negotiation,2023-05-06
SH0003020,OPP000551,Closed Lost,2023-05-18
SH0003021,OPP000552,Prospecting,2024-06-30
SH0003022,OPP000552,Discovery,2024-07-07
SH0003023,OPP000552,Demo,2024-07-14
SH0003024,OPP000552,Proposal,2024-07-21
SH0003025,OPP000552,Negotiation,2024-07-28
SH0003026,OPP000552,Closed Lost,2024-08-04
SH0003027,OPP000553,Prospecting,2023-08-05
SH0003028,OPP000553,Discovery,2023-08-20
SH0003029,OPP000553,Demo,2023-09-04
SH0003030,OPP000553,Proposal,2023-09-19
SH0003031,OPP000553,Negotiation,2023-10-04
SH0003032,OPP000553,Closed Lost,2023-10-19
SH0003033,OPP000554,Prospecting,2025-09-16
SH0003034,OPP000554,Discovery,2025-09-18
SH0003035,OPP000554,Demo,2025-09-20
SH0003036,OPP000554,Proposal,2025-09-22
SH0003037,OPP000554,Negotiation,2025-09-24
SH0003038,OPP000554,Closed Lost,2025-09-26
SH0003039,OPP000555,Prospecting,2024-08-10
SH0003040,OPP000555,Discovery,2024-08-23
SH0003041,OPP000555,Demo,2024-09-05
SH0003042,OPP000555,Proposal,2024-09-18
SH0003043,OPP000555,Negotiation,2024-10-01
SH0003044,OPP000555,Closed Won,2024-10-14
SH0003045,OPP000556,Prospecting,2024-06-18
SH0003046,OPP000556,Discovery,2024-07-06
SH0003047,OPP000556,Demo,2024-07-24
SH0003048,OPP000556,Proposal,2024-08-11
SH0003049,OPP000556,Negotiation,2024-08-29
SH0003050,OPP000556,Closed Lost,2024-09-16
SH0003051,OPP000557,Prospecting,2023-09-21
SH0003052,OPP000557,Discovery,2023-09-25
SH0003053,OPP000557,Demo,2023-09-29
SH0003054,OPP000557,Proposal,2023-10-03
SH0003055,OPP000557,Negotiation,2023-10-07
SH0003056,OPP000557,Closed Won,2023-10-11
SH0003057,OPP000558,Prospecting,2023-11-17
SH0003058,OPP000558,Discovery,2023-12-02
SH0003059,OPP000558,Demo,2023-12-17
SH0003060,OPP000558,Proposal,2024-01-01
SH0003061,OPP000558,Negotiation,2024-01-16
SH0003062,OPP000558,Closed Lost,2024-01-31
SH0003063,OPP000559,Prospecting,2025-01-12
SH0003064,OPP000559,Discovery,2025-01-28
SH0003065,OPP000559,Demo,2025-02-13
SH0003066,OPP000559,Proposal,2025-03-01
SH0003067,OPP000559,Negotiation,2025-03-17
SH0003068,OPP000559,Closed Lost,2025-04-02
SH0003069,OPP000560,Prospecting,2024-07-08
SH0003070,OPP000560,Discovery,2024-07-27
SH0003071,OPP000560,Demo,2024-08-15
SH0003072,OPP000560,Proposal,2024-09-03
SH0003073,OPP000560,Negotiation,2024-09-22
SH0003074,OPP000560,Closed Won,2024-10-11
SH0003075,OPP000561,Prospecting,2023-05-20
SH0003076,OPP000561,Discovery,2023-05-28
SH0003077,OPP000561,Demo,2023-06-05
SH0003078,OPP000561,Proposal,2023-06-13
SH0003079,OPP000561,Negotiation,2023-06-21
SH0003080,OPP000561,Closed Lost,2023-06-29
SH0003081,OPP000562,Prospecting,2023-08-15
SH0003082,OPP000562,Discovery,2023-08-17
SH0003083,OPP000562,Demo,2023-08-19
SH0003084,OPP000562,Proposal,2023-08-21
SH0003085,OPP000562,Negotiation,2023-08-23
SH0003086,OPP000562,Closed Lost,2023-08-25
SH0003087,OPP000563,Prospecting,2023-08-18
SH0003088,OPP000563,Discovery,2023-08-29
SH0003089,OPP000563,Demo,2023-09-09
SH0003090,OPP000563,Proposal,2023-09-20
SH0003091,OPP000563,Negotiation,2023-10-01
SH0003092,OPP000563,Closed Won,2023-10-12
SH0003093,OPP000564,Prospecting,2024-04-18
SH0003094,OPP000564,Discovery,2024-04-29
SH0003095,OPP000564,Demo,2024-05-10
SH0003096,OPP000564,Proposal,2024-05-21
SH0003097,OPP000564,Negotiation,2024-06-01
SH0003098,OPP000564,Closed Won,2024-06-12
SH0003099,OPP000565,Prospecting,2023-02-23
SH0003100,OPP000565,Demo,2023-03-31
SH0003101,OPP000565,Closed Lost,2023-05-06
SH0003102,OPP000566,Prospecting,2023-11-07
SH0003103,OPP000566,Discovery,2023-11-10
SH0003104,OPP000566,Demo,2023-11-13
SH0003105,OPP000566,Proposal,2023-11-16
SH0003106,OPP000566,Negotiation,2023-11-19
SH0003107,OPP000566,Closed Won,2023-11-22
SH0003108,OPP000567,Prospecting,2024-07-05
SH0003109,OPP000567,Demo,2024-07-21
SH0003110,OPP000567,Closed Lost,2024-08-06
SH0003111,OPP000568,Prospecting,2026-01-04
SH0003112,OPP000568,Demo,2026-01-09
SH0003113,OPP000568,Closed Lost,2026-01-14
SH0003114,OPP000569,Prospecting,2025-08-20
SH0003115,OPP000569,Discovery,2025-08-22
SH0003116,OPP000569,Demo,2025-08-24
SH0003117,OPP000569,Proposal,2025-08-26
SH0003118,OPP000569,Negotiation,2025-08-28
SH0003119,OPP000569,Closed Lost,2025-08-30
SH0003120,OPP000570,Prospecting,2026-05-17
SH0003121,OPP000570,Discovery,2026-06-10
SH0003122,OPP000571,Prospecting,2026-03-24
SH0003123,OPP000571,Discovery,2026-03-29
SH0003124,OPP000571,Demo,2026-04-03
SH0003125,OPP000571,Proposal,2026-04-08
SH0003126,OPP000571,Negotiation,2026-04-13
SH0003127,OPP000571,Closed Won,2026-04-18
SH0003128,OPP000572,Prospecting,2024-08-10
SH0003129,OPP000572,Discovery,2024-08-28
SH0003130,OPP000572,Demo,2024-09-15
SH0003131,OPP000572,Proposal,2024-10-03
SH0003132,OPP000572,Negotiation,2024-10-21
SH0003133,OPP000572,Closed Won,2024-11-08
SH0003134,OPP000573,Prospecting,2025-12-09
SH0003135,OPP000573,Discovery,2025-12-22
SH0003136,OPP000573,Demo,2026-01-04
SH0003137,OPP000573,Proposal,2026-01-17
SH0003138,OPP000573,Negotiation,2026-01-30
SH0003139,OPP000573,Closed Lost,2026-02-12
SH0003140,OPP000574,Prospecting,2024-10-07
SH0003141,OPP000574,Discovery,2024-10-26
SH0003142,OPP000574,Demo,2024-11-14
SH0003143,OPP000574,Proposal,2024-12-03
SH0003144,OPP000574,Negotiation,2024-12-22
SH0003145,OPP000574,Closed Lost,2025-01-10
SH0003146,OPP000575,Prospecting,2026-04-18
SH0003147,OPP000575,Discovery,2026-04-22
SH0003148,OPP000575,Demo,2026-04-26
SH0003149,OPP000575,Proposal,2026-04-30
SH0003150,OPP000575,Negotiation,2026-05-04
SH0003151,OPP000575,Closed Lost,2026-05-08
SH0003152,OPP000576,Prospecting,2025-06-24
SH0003153,OPP000576,Discovery,2025-06-30
SH0003154,OPP000576,Demo,2025-07-06
SH0003155,OPP000576,Proposal,2025-07-12
SH0003156,OPP000576,Negotiation,2025-07-18
SH0003157,OPP000576,Closed Lost,2025-07-24
SH0003158,OPP000577,Prospecting,2023-05-02
SH0003159,OPP000577,Demo,2023-05-11
SH0003160,OPP000577,Closed Lost,2023-05-20
SH0003161,OPP000578,Prospecting,2026-05-01
SH0003162,OPP000578,Discovery,2026-05-11
SH0003163,OPP000578,Demo,2026-05-21
SH0003164,OPP000578,Proposal,2026-05-31
SH0003165,OPP000578,Negotiation,2026-06-10
SH0003166,OPP000578,Closed Lost,2026-06-20
SH0003167,OPP000579,Prospecting,2026-03-05
SH0003168,OPP000579,Discovery,2026-03-17
SH0003169,OPP000579,Demo,2026-03-29
SH0003170,OPP000579,Proposal,2026-04-10
SH0003171,OPP000579,Negotiation,2026-04-22
SH0003172,OPP000579,Closed Lost,2026-05-04
SH0003173,OPP000580,Prospecting,2025-04-15
SH0003174,OPP000580,Discovery,2025-04-18
SH0003175,OPP000580,Demo,2025-04-21
SH0003176,OPP000580,Proposal,2025-04-24
SH0003177,OPP000580,Negotiation,2025-04-27
SH0003178,OPP000580,Closed Lost,2025-04-30
SH0003179,OPP000581,Prospecting,2026-04-26
SH0003180,OPP000581,Discovery,2026-05-04
SH0003181,OPP000581,Demo,2026-05-12
SH0003182,OPP000581,Proposal,2026-05-20
SH0003183,OPP000581,Negotiation,2026-05-28
SH0003184,OPP000581,Closed Lost,2026-06-05
SH0003185,OPP000582,Prospecting,2024-10-16
SH0003186,OPP000582,Discovery,2024-10-29
SH0003187,OPP000582,Demo,2024-11-11
SH0003188,OPP000582,Proposal,2024-11-24
SH0003189,OPP000582,Negotiation,2024-12-07
SH0003190,OPP000582,Closed Lost,2024-12-20
SH0003191,OPP000583,Prospecting,2025-06-13
SH0003192,OPP000583,Discovery,2025-06-23
SH0003193,OPP000583,Demo,2025-07-03
SH0003194,OPP000583,Proposal,2025-07-13
SH0003195,OPP000583,Negotiation,2025-07-23
SH0003196,OPP000583,Closed Won,2025-08-02
SH0003197,OPP000584,Prospecting,2023-12-21
SH0003198,OPP000584,Discovery,2024-01-06
SH0003199,OPP000584,Demo,2024-01-22
SH0003200,OPP000584,Proposal,2024-02-07
SH0003201,OPP000584,Negotiation,2024-02-23
SH0003202,OPP000584,Closed Won,2024-03-10
SH0003203,OPP000585,Prospecting,2025-09-05
SH0003204,OPP000585,Discovery,2025-09-17
SH0003205,OPP000585,Demo,2025-09-29
SH0003206,OPP000585,Proposal,2025-10-11
SH0003207,OPP000585,Negotiation,2025-10-23
SH0003208,OPP000585,Closed Lost,2025-11-04
SH0003209,OPP000586,Prospecting,2023-11-06
SH0003210,OPP000586,Demo,2023-11-17
SH0003211,OPP000586,Closed Lost,2023-11-28
SH0003212,OPP000587,Prospecting,2024-07-24
SH0003213,OPP000587,Discovery,2024-08-03
SH0003214,OPP000587,Demo,2024-08-13
SH0003215,OPP000587,Proposal,2024-08-23
SH0003216,OPP000587,Negotiation,2024-09-02
SH0003217,OPP000587,Closed Won,2024-09-12
SH0003218,OPP000588,Prospecting,2024-07-14
SH0003219,OPP000588,Discovery,2024-08-02
SH0003220,OPP000588,Demo,2024-08-21
SH0003221,OPP000588,Proposal,2024-09-09
SH0003222,OPP000588,Negotiation,2024-09-28
SH0003223,OPP000588,Closed Lost,2024-10-17
SH0003224,OPP000589,Prospecting,2025-03-04
SH0003225,OPP000589,Discovery,2025-03-11
SH0003226,OPP000589,Demo,2025-03-18
SH0003227,OPP000589,Proposal,2025-03-25
SH0003228,OPP000589,Negotiation,2025-04-01
SH0003229,OPP000589,Closed Lost,2025-04-08
SH0003230,OPP000590,Prospecting,2025-11-14
SH0003231,OPP000590,Discovery,2025-11-17
SH0003232,OPP000590,Demo,2025-11-20
SH0003233,OPP000590,Proposal,2025-11-23
SH0003234,OPP000590,Negotiation,2025-11-26
SH0003235,OPP000590,Closed Won,2025-11-29
SH0003236,OPP000591,Prospecting,2025-11-03
SH0003237,OPP000591,Discovery,2025-11-10
SH0003238,OPP000591,Demo,2025-11-17
SH0003239,OPP000591,Proposal,2025-11-24
SH0003240,OPP000591,Negotiation,2025-12-01
SH0003241,OPP000591,Closed Lost,2025-12-08
SH0003242,OPP000592,Prospecting,2023-12-21
SH0003243,OPP000592,Discovery,2024-01-09
SH0003244,OPP000592,Demo,2024-01-28
SH0003245,OPP000592,Proposal,2024-02-16
SH0003246,OPP000592,Negotiation,2024-03-06
SH0003247,OPP000592,Closed Won,2024-03-25
SH0003248,OPP000593,Prospecting,2024-07-30
SH0003249,OPP000593,Discovery,2024-08-07
SH0003250,OPP000593,Demo,2024-08-15
SH0003251,OPP000593,Proposal,2024-08-23
SH0003252,OPP000593,Negotiation,2024-08-31
SH0003253,OPP000593,Closed Won,2024-09-08
SH0003254,OPP000594,Prospecting,2023-04-11
SH0003255,OPP000594,Discovery,2023-04-13
SH0003256,OPP000594,Demo,2023-04-15
SH0003257,OPP000594,Proposal,2023-04-17
SH0003258,OPP000594,Negotiation,2023-04-19
SH0003259,OPP000594,Closed Lost,2023-04-21
SH0003260,OPP000595,Prospecting,2024-04-26
SH0003261,OPP000595,Demo,2024-05-19
SH0003262,OPP000595,Closed Lost,2024-06-11
SH0003263,OPP000596,Prospecting,2026-04-13
SH0003264,OPP000596,Discovery,2026-04-17
SH0003265,OPP000596,Demo,2026-04-21
SH0003266,OPP000596,Proposal,2026-04-25
SH0003267,OPP000596,Negotiation,2026-04-29
SH0003268,OPP000596,Closed Won,2026-05-03
SH0003269,OPP000597,Prospecting,2024-10-17
SH0003270,OPP000597,Discovery,2024-10-19
SH0003271,OPP000597,Demo,2024-10-21
SH0003272,OPP000597,Proposal,2024-10-23
SH0003273,OPP000597,Negotiation,2024-10-25
SH0003274,OPP000597,Closed Lost,2024-10-27
SH0003275,OPP000598,Prospecting,2025-06-10
SH0003276,OPP000598,Discovery,2025-06-27
SH0003277,OPP000598,Demo,2025-07-14
SH0003278,OPP000598,Proposal,2025-07-31
SH0003279,OPP000598,Negotiation,2025-08-17
SH0003280,OPP000598,Closed Lost,2025-09-03
SH0003281,OPP000599,Prospecting,2026-01-01
SH0003282,OPP000599,Discovery,2026-01-19
SH0003283,OPP000599,Demo,2026-02-06
SH0003284,OPP000599,Proposal,2026-02-24
SH0003285,OPP000599,Negotiation,2026-03-14
SH0003286,OPP000599,Closed Won,2026-04-01
SH0003287,OPP000600,Prospecting,2024-07-10
SH0003288,OPP000600,Discovery,2024-07-28
SH0003289,OPP000600,Demo,2024-08-15
SH0003290,OPP000600,Proposal,2024-09-02
SH0003291,OPP000600,Negotiation,2024-09-20
SH0003292,OPP000600,Closed Won,2024-10-08
SH0003293,OPP000601,Prospecting,2025-08-30
SH0003294,OPP000601,Discovery,2025-09-11
SH0003295,OPP000601,Demo,2025-09-23
SH0003296,OPP000601,Proposal,2025-10-05
SH0003297,OPP000601,Negotiation,2025-10-17
SH0003298,OPP000601,Closed Won,2025-10-29
SH0003299,OPP000602,Prospecting,2026-05-15
SH0003300,OPP000603,Prospecting,2023-02-12
SH0003301,OPP000603,Discovery,2023-02-14
SH0003302,OPP000603,Demo,2023-02-16
SH0003303,OPP000603,Proposal,2023-02-18
SH0003304,OPP000603,Negotiation,2023-02-20
SH0003305,OPP000603,Closed Won,2023-02-22
SH0003306,OPP000604,Prospecting,2023-10-28
SH0003307,OPP000604,Discovery,2023-11-08
SH0003308,OPP000604,Demo,2023-11-19
SH0003309,OPP000604,Proposal,2023-11-30
SH0003310,OPP000604,Negotiation,2023-12-11
SH0003311,OPP000604,Closed Won,2023-12-22
SH0003312,OPP000605,Prospecting,2024-11-30
SH0003313,OPP000605,Discovery,2024-12-14
SH0003314,OPP000605,Demo,2024-12-28
SH0003315,OPP000605,Proposal,2025-01-11
SH0003316,OPP000605,Negotiation,2025-01-25
SH0003317,OPP000605,Closed Lost,2025-02-08
SH0003318,OPP000606,Prospecting,2026-03-17
SH0003319,OPP000606,Discovery,2026-05-11
SH0003320,OPP000607,Prospecting,2025-12-07
SH0003321,OPP000607,Discovery,2025-12-16
SH0003322,OPP000607,Demo,2025-12-25
SH0003323,OPP000607,Proposal,2026-01-03
SH0003324,OPP000607,Negotiation,2026-01-12
SH0003325,OPP000607,Closed Lost,2026-01-21
SH0003326,OPP000608,Prospecting,2023-04-28
SH0003327,OPP000608,Discovery,2023-05-06
SH0003328,OPP000608,Demo,2023-05-14
SH0003329,OPP000608,Proposal,2023-05-22
SH0003330,OPP000608,Negotiation,2023-05-30
SH0003331,OPP000608,Closed Won,2023-06-07
SH0003332,OPP000609,Prospecting,2025-05-24
SH0003333,OPP000609,Discovery,2025-06-01
SH0003334,OPP000609,Demo,2025-06-09
SH0003335,OPP000609,Proposal,2025-06-17
SH0003336,OPP000609,Negotiation,2025-06-25
SH0003337,OPP000609,Closed Won,2025-07-03
SH0003338,OPP000610,Prospecting,2023-12-26
SH0003339,OPP000610,Discovery,2024-01-09
SH0003340,OPP000610,Demo,2024-01-23
SH0003341,OPP000610,Proposal,2024-02-06
SH0003342,OPP000610,Negotiation,2024-02-20
SH0003343,OPP000610,Closed Lost,2024-03-05
SH0003344,OPP000611,Prospecting,2025-03-29
SH0003345,OPP000611,Discovery,2025-04-04
SH0003346,OPP000611,Demo,2025-04-10
SH0003347,OPP000611,Proposal,2025-04-16
SH0003348,OPP000611,Negotiation,2025-04-22
SH0003349,OPP000611,Closed Lost,2025-04-28
SH0003350,OPP000612,Prospecting,2024-10-28
SH0003351,OPP000612,Discovery,2024-11-12
SH0003352,OPP000612,Demo,2024-11-27
SH0003353,OPP000612,Proposal,2024-12-12
SH0003354,OPP000612,Negotiation,2024-12-27
SH0003355,OPP000612,Closed Lost,2025-01-11
SH0003356,OPP000613,Prospecting,2025-06-15
SH0003357,OPP000613,Demo,2025-07-18
SH0003358,OPP000613,Closed Lost,2025-08-20
SH0003359,OPP000614,Prospecting,2025-11-23
SH0003360,OPP000614,Discovery,2025-11-30
SH0003361,OPP000614,Demo,2025-12-07
SH0003362,OPP000614,Proposal,2025-12-14
SH0003363,OPP000614,Negotiation,2025-12-21
SH0003364,OPP000614,Closed Lost,2025-12-28
SH0003365,OPP000615,Prospecting,2023-01-26
SH0003366,OPP000615,Demo,2023-02-14
SH0003367,OPP000615,Closed Lost,2023-03-05
SH0003368,OPP000616,Prospecting,2023-10-17
SH0003369,OPP000616,Discovery,2023-11-03
SH0003370,OPP000616,Demo,2023-11-20
SH0003371,OPP000616,Proposal,2023-12-07
SH0003372,OPP000616,Negotiation,2023-12-24
SH0003373,OPP000616,Closed Won,2024-01-10
SH0003374,OPP000617,Prospecting,2023-03-24
SH0003375,OPP000617,Discovery,2023-04-09
SH0003376,OPP000617,Demo,2023-04-25
SH0003377,OPP000617,Proposal,2023-05-11
SH0003378,OPP000617,Negotiation,2023-05-27
SH0003379,OPP000617,Closed Lost,2023-06-12
SH0003380,OPP000618,Prospecting,2026-05-07
SH0003381,OPP000618,Discovery,2026-05-10
SH0003382,OPP000618,Demo,2026-05-13
SH0003383,OPP000618,Proposal,2026-05-16
SH0003384,OPP000618,Negotiation,2026-05-19
SH0003385,OPP000618,Closed Lost,2026-05-22
SH0003386,OPP000619,Prospecting,2023-06-28
SH0003387,OPP000619,Demo,2023-07-13
SH0003388,OPP000619,Closed Lost,2023-07-28
SH0003389,OPP000620,Prospecting,2024-03-13
SH0003390,OPP000620,Discovery,2024-03-17
SH0003391,OPP000620,Demo,2024-03-21
SH0003392,OPP000620,Proposal,2024-03-25
SH0003393,OPP000620,Negotiation,2024-03-29
SH0003394,OPP000620,Closed Lost,2024-04-02
SH0003395,OPP000621,Prospecting,2024-11-09
SH0003396,OPP000621,Discovery,2024-11-13
SH0003397,OPP000621,Demo,2024-11-17
SH0003398,OPP000621,Proposal,2024-11-21
SH0003399,OPP000621,Negotiation,2024-11-25
SH0003400,OPP000621,Closed Won,2024-11-29
SH0003401,OPP000622,Prospecting,2024-05-10
SH0003402,OPP000622,Discovery,2024-05-26
SH0003403,OPP000622,Demo,2024-06-11
SH0003404,OPP000622,Proposal,2024-06-27
SH0003405,OPP000622,Negotiation,2024-07-13
SH0003406,OPP000622,Closed Lost,2024-07-29
SH0003407,OPP000623,Prospecting,2025-05-06
SH0003408,OPP000623,Discovery,2025-05-21
SH0003409,OPP000623,Demo,2025-06-05
SH0003410,OPP000623,Proposal,2025-06-20
SH0003411,OPP000623,Negotiation,2025-07-05
SH0003412,OPP000623,Closed Won,2025-07-20
SH0003413,OPP000624,Prospecting,2023-05-25
SH0003414,OPP000624,Discovery,2023-05-27
SH0003415,OPP000624,Demo,2023-05-29
SH0003416,OPP000624,Proposal,2023-05-31
SH0003417,OPP000624,Negotiation,2023-06-02
SH0003418,OPP000624,Closed Lost,2023-06-04
SH0003419,OPP000625,Prospecting,2024-02-21
SH0003420,OPP000625,Discovery,2024-03-09
SH0003421,OPP000625,Demo,2024-03-26
SH0003422,OPP000625,Proposal,2024-04-12
SH0003423,OPP000625,Negotiation,2024-04-29
SH0003424,OPP000625,Closed Lost,2024-05-16
SH0003425,OPP000626,Prospecting,2023-03-30
SH0003426,OPP000626,Discovery,2023-04-19
SH0003427,OPP000626,Demo,2023-05-09
SH0003428,OPP000626,Proposal,2023-05-29
SH0003429,OPP000626,Negotiation,2023-06-18
SH0003430,OPP000626,Closed Lost,2023-07-08
SH0003431,OPP000627,Prospecting,2025-08-16
SH0003432,OPP000627,Discovery,2025-08-29
SH0003433,OPP000627,Demo,2025-09-11
SH0003434,OPP000627,Proposal,2025-09-24
SH0003435,OPP000627,Negotiation,2025-10-07
SH0003436,OPP000627,Closed Lost,2025-10-20
SH0003437,OPP000628,Prospecting,2026-04-10
SH0003438,OPP000628,Discovery,2026-05-09
SH0003439,OPP000628,Demo,2026-06-07
SH0003440,OPP000629,Prospecting,2024-03-10
SH0003441,OPP000629,Discovery,2024-03-22
SH0003442,OPP000629,Demo,2024-04-03
SH0003443,OPP000629,Proposal,2024-04-15
SH0003444,OPP000629,Negotiation,2024-04-27
SH0003445,OPP000629,Closed Lost,2024-05-09
SH0003446,OPP000630,Prospecting,2024-01-18
SH0003447,OPP000630,Discovery,2024-01-28
SH0003448,OPP000630,Demo,2024-02-07
SH0003449,OPP000630,Proposal,2024-02-17
SH0003450,OPP000630,Negotiation,2024-02-27
SH0003451,OPP000630,Closed Won,2024-03-08
SH0003452,OPP000631,Prospecting,2025-02-13
SH0003453,OPP000631,Discovery,2025-02-25
SH0003454,OPP000631,Demo,2025-03-09
SH0003455,OPP000631,Proposal,2025-03-21
SH0003456,OPP000631,Negotiation,2025-04-02
SH0003457,OPP000631,Closed Lost,2025-04-14
SH0003458,OPP000632,Prospecting,2023-08-03
SH0003459,OPP000632,Discovery,2023-08-08
SH0003460,OPP000632,Demo,2023-08-13
SH0003461,OPP000632,Proposal,2023-08-18
SH0003462,OPP000632,Negotiation,2023-08-23
SH0003463,OPP000632,Closed Lost,2023-08-28
SH0003464,OPP000633,Prospecting,2024-03-18
SH0003465,OPP000633,Discovery,2024-03-25
SH0003466,OPP000633,Demo,2024-04-01
SH0003467,OPP000633,Proposal,2024-04-08
SH0003468,OPP000633,Negotiation,2024-04-15
SH0003469,OPP000633,Closed Lost,2024-04-22
SH0003470,OPP000634,Prospecting,2023-10-21
SH0003471,OPP000634,Discovery,2023-11-01
SH0003472,OPP000634,Demo,2023-11-12
SH0003473,OPP000634,Proposal,2023-11-23
SH0003474,OPP000634,Negotiation,2023-12-04
SH0003475,OPP000634,Closed Won,2023-12-15
SH0003476,OPP000635,Prospecting,2025-12-20
SH0003477,OPP000635,Discovery,2026-01-08
SH0003478,OPP000635,Demo,2026-01-27
SH0003479,OPP000635,Proposal,2026-02-15
SH0003480,OPP000635,Negotiation,2026-03-06
SH0003481,OPP000635,Closed Lost,2026-03-25
SH0003482,OPP000636,Prospecting,2024-11-04
SH0003483,OPP000636,Discovery,2024-11-09
SH0003484,OPP000636,Demo,2024-11-14
SH0003485,OPP000636,Proposal,2024-11-19
SH0003486,OPP000636,Negotiation,2024-11-24
SH0003487,OPP000636,Closed Won,2024-11-29
SH0003488,OPP000637,Prospecting,2025-06-29
SH0003489,OPP000637,Discovery,2025-07-01
SH0003490,OPP000637,Demo,2025-07-03
SH0003491,OPP000637,Proposal,2025-07-05
SH0003492,OPP000637,Negotiation,2025-07-07
SH0003493,OPP000637,Closed Won,2025-07-09
SH0003494,OPP000638,Prospecting,2026-03-12
SH0003495,OPP000638,Discovery,2026-03-15
SH0003496,OPP000638,Demo,2026-03-18
SH0003497,OPP000638,Proposal,2026-03-21
SH0003498,OPP000638,Negotiation,2026-03-24
SH0003499,OPP000638,Closed Lost,2026-03-27
SH0003500,OPP000639,Prospecting,2024-12-20
SH0003501,OPP000639,Discovery,2024-12-31
SH0003502,OPP000639,Demo,2025-01-11
SH0003503,OPP000639,Proposal,2025-01-22
SH0003504,OPP000639,Negotiation,2025-02-02
SH0003505,OPP000639,Closed Lost,2025-02-13
SH0003506,OPP000640,Prospecting,2023-05-09
SH0003507,OPP000640,Discovery,2023-05-25
SH0003508,OPP000640,Demo,2023-06-10
SH0003509,OPP000640,Proposal,2023-06-26
SH0003510,OPP000640,Negotiation,2023-07-12
SH0003511,OPP000640,Closed Lost,2023-07-28
SH0003512,OPP000641,Prospecting,2026-05-15
SH0003513,OPP000641,Discovery,2026-05-29
SH0003514,OPP000641,Demo,2026-06-12
SH0003515,OPP000641,Proposal,2026-06-26
SH0003516,OPP000641,Negotiation,2026-07-10
SH0003517,OPP000642,Prospecting,2025-09-13
SH0003518,OPP000642,Discovery,2025-09-21
SH0003519,OPP000642,Demo,2025-09-29
SH0003520,OPP000642,Proposal,2025-10-07
SH0003521,OPP000642,Negotiation,2025-10-15
SH0003522,OPP000642,Closed Won,2025-10-23
SH0003523,OPP000643,Prospecting,2025-01-15
SH0003524,OPP000643,Discovery,2025-01-21
SH0003525,OPP000643,Demo,2025-01-27
SH0003526,OPP000643,Proposal,2025-02-02
SH0003527,OPP000643,Negotiation,2025-02-08
SH0003528,OPP000643,Closed Won,2025-02-14
SH0003529,OPP000644,Prospecting,2025-09-26
SH0003530,OPP000644,Discovery,2025-10-01
SH0003531,OPP000644,Demo,2025-10-06
SH0003532,OPP000644,Proposal,2025-10-11
SH0003533,OPP000644,Negotiation,2025-10-16
SH0003534,OPP000644,Closed Lost,2025-10-21
SH0003535,OPP000645,Prospecting,2023-05-29
SH0003536,OPP000645,Discovery,2023-06-07
SH0003537,OPP000645,Demo,2023-06-16
SH0003538,OPP000645,Proposal,2023-06-25
SH0003539,OPP000645,Negotiation,2023-07-04
SH0003540,OPP000645,Closed Won,2023-07-13
SH0003541,OPP000646,Prospecting,2025-04-01
SH0003542,OPP000646,Discovery,2025-04-18
SH0003543,OPP000646,Demo,2025-05-05
SH0003544,OPP000646,Proposal,2025-05-22
SH0003545,OPP000646,Negotiation,2025-06-08
SH0003546,OPP000646,Closed Won,2025-06-25
SH0003547,OPP000647,Prospecting,2025-12-06
SH0003548,OPP000647,Discovery,2025-12-18
SH0003549,OPP000647,Demo,2025-12-30
SH0003550,OPP000647,Proposal,2026-01-11
SH0003551,OPP000647,Negotiation,2026-01-23
SH0003552,OPP000647,Closed Won,2026-02-04
SH0003553,OPP000648,Prospecting,2023-07-16
SH0003554,OPP000648,Discovery,2023-07-26
SH0003555,OPP000648,Demo,2023-08-05
SH0003556,OPP000648,Proposal,2023-08-15
SH0003557,OPP000648,Negotiation,2023-08-25
SH0003558,OPP000648,Closed Lost,2023-09-04
SH0003559,OPP000649,Prospecting,2024-02-18
SH0003560,OPP000649,Discovery,2024-02-27
SH0003561,OPP000649,Demo,2024-03-07
SH0003562,OPP000649,Proposal,2024-03-16
SH0003563,OPP000649,Negotiation,2024-03-25
SH0003564,OPP000649,Closed Lost,2024-04-03
SH0003565,OPP000650,Prospecting,2023-06-11
SH0003566,OPP000650,Discovery,2023-06-23
SH0003567,OPP000650,Demo,2023-07-05
SH0003568,OPP000650,Proposal,2023-07-17
SH0003569,OPP000650,Negotiation,2023-07-29
SH0003570,OPP000650,Closed Lost,2023-08-10
SH0003571,OPP000651,Prospecting,2024-03-03
SH0003572,OPP000651,Discovery,2024-03-16
SH0003573,OPP000651,Demo,2024-03-29
SH0003574,OPP000651,Proposal,2024-04-11
SH0003575,OPP000651,Negotiation,2024-04-24
SH0003576,OPP000651,Closed Won,2024-05-07
SH0003577,OPP000652,Prospecting,2023-11-03
SH0003578,OPP000652,Discovery,2023-11-22
SH0003579,OPP000652,Demo,2023-12-11
SH0003580,OPP000652,Proposal,2023-12-30
SH0003581,OPP000652,Negotiation,2024-01-18
SH0003582,OPP000652,Closed Lost,2024-02-06
SH0003583,OPP000653,Prospecting,2024-10-14
SH0003584,OPP000653,Discovery,2024-10-29
SH0003585,OPP000653,Demo,2024-11-13
SH0003586,OPP000653,Proposal,2024-11-28
SH0003587,OPP000653,Negotiation,2024-12-13
SH0003588,OPP000653,Closed Lost,2024-12-28
SH0003589,OPP000654,Prospecting,2025-04-22
SH0003590,OPP000654,Discovery,2025-05-10
SH0003591,OPP000654,Demo,2025-05-28
SH0003592,OPP000654,Proposal,2025-06-15
SH0003593,OPP000654,Negotiation,2025-07-03
SH0003594,OPP000654,Closed Lost,2025-07-21
SH0003595,OPP000655,Prospecting,2025-12-09
SH0003596,OPP000655,Discovery,2025-12-25
SH0003597,OPP000655,Demo,2026-01-10
SH0003598,OPP000655,Proposal,2026-01-26
SH0003599,OPP000655,Negotiation,2026-02-11
SH0003600,OPP000655,Closed Lost,2026-02-27
SH0003601,OPP000656,Prospecting,2023-04-10
SH0003602,OPP000656,Discovery,2023-04-27
SH0003603,OPP000656,Demo,2023-05-14
SH0003604,OPP000656,Proposal,2023-05-31
SH0003605,OPP000656,Negotiation,2023-06-17
SH0003606,OPP000656,Closed Won,2023-07-04
SH0003607,OPP000657,Prospecting,2023-12-09
SH0003608,OPP000657,Discovery,2023-12-18
SH0003609,OPP000657,Demo,2023-12-27
SH0003610,OPP000657,Proposal,2024-01-05
SH0003611,OPP000657,Negotiation,2024-01-14
SH0003612,OPP000657,Closed Won,2024-01-23
SH0003613,OPP000658,Prospecting,2024-01-13
SH0003614,OPP000658,Discovery,2024-01-17
SH0003615,OPP000658,Demo,2024-01-21
SH0003616,OPP000658,Proposal,2024-01-25
SH0003617,OPP000658,Negotiation,2024-01-29
SH0003618,OPP000658,Closed Won,2024-02-02
SH0003619,OPP000659,Prospecting,2023-06-03
SH0003620,OPP000659,Discovery,2023-06-13
SH0003621,OPP000659,Demo,2023-06-23
SH0003622,OPP000659,Proposal,2023-07-03
SH0003623,OPP000659,Negotiation,2023-07-13
SH0003624,OPP000659,Closed Lost,2023-07-23
SH0003625,OPP000660,Prospecting,2026-06-14
SH0003626,OPP000660,Discovery,2026-07-06
SH0003627,OPP000660,Demo,2026-07-28
SH0003628,OPP000660,Proposal,2026-08-19
SH0003629,OPP000661,Prospecting,2023-02-22
SH0003630,OPP000661,Discovery,2023-02-24
SH0003631,OPP000661,Demo,2023-02-26
SH0003632,OPP000661,Proposal,2023-02-28
SH0003633,OPP000661,Negotiation,2023-03-02
SH0003634,OPP000661,Closed Lost,2023-03-04
SH0003635,OPP000662,Prospecting,2026-04-19
SH0003636,OPP000662,Discovery,2026-05-26
SH0003637,OPP000662,Demo,2026-07-02
SH0003638,OPP000663,Prospecting,2026-01-16
SH0003639,OPP000663,Discovery,2026-01-19
SH0003640,OPP000663,Demo,2026-01-22
SH0003641,OPP000663,Proposal,2026-01-25
SH0003642,OPP000663,Negotiation,2026-01-28
SH0003643,OPP000663,Closed Lost,2026-01-31
SH0003644,OPP000664,Prospecting,2025-08-18
SH0003645,OPP000664,Discovery,2025-08-25
SH0003646,OPP000664,Demo,2025-09-01
SH0003647,OPP000664,Proposal,2025-09-08
SH0003648,OPP000664,Negotiation,2025-09-15
SH0003649,OPP000664,Closed Won,2025-09-22
SH0003650,OPP000665,Prospecting,2026-05-16
SH0003651,OPP000665,Discovery,2026-06-22
SH0003652,OPP000665,Demo,2026-07-29
SH0003653,OPP000666,Prospecting,2024-08-20
SH0003654,OPP000666,Discovery,2024-09-05
SH0003655,OPP000666,Demo,2024-09-21
SH0003656,OPP000666,Proposal,2024-10-07
SH0003657,OPP000666,Negotiation,2024-10-23
SH0003658,OPP000666,Closed Won,2024-11-08
SH0003659,OPP000667,Prospecting,2024-07-24
SH0003660,OPP000667,Discovery,2024-07-31
SH0003661,OPP000667,Demo,2024-08-07
SH0003662,OPP000667,Proposal,2024-08-14
SH0003663,OPP000667,Negotiation,2024-08-21
SH0003664,OPP000667,Closed Won,2024-08-28
SH0003665,OPP000668,Prospecting,2024-05-05
SH0003666,OPP000668,Discovery,2024-05-12
SH0003667,OPP000668,Demo,2024-05-19
SH0003668,OPP000668,Proposal,2024-05-26
SH0003669,OPP000668,Negotiation,2024-06-02
SH0003670,OPP000668,Closed Lost,2024-06-09
SH0003671,OPP000669,Prospecting,2025-06-03
SH0003672,OPP000669,Discovery,2025-06-22
SH0003673,OPP000669,Demo,2025-07-11
SH0003674,OPP000669,Proposal,2025-07-30
SH0003675,OPP000669,Negotiation,2025-08-18
SH0003676,OPP000669,Closed Lost,2025-09-06
SH0003677,OPP000670,Prospecting,2023-09-08
SH0003678,OPP000670,Demo,2023-09-16
SH0003679,OPP000670,Closed Lost,2023-09-24
SH0003680,OPP000671,Prospecting,2025-04-19
SH0003681,OPP000671,Discovery,2025-04-29
SH0003682,OPP000671,Demo,2025-05-09
SH0003683,OPP000671,Proposal,2025-05-19
SH0003684,OPP000671,Negotiation,2025-05-29
SH0003685,OPP000671,Closed Won,2025-06-08
SH0003686,OPP000672,Prospecting,2025-12-07
SH0003687,OPP000672,Demo,2026-01-11
SH0003688,OPP000672,Closed Won,2026-02-15
SH0003689,OPP000673,Prospecting,2023-04-29
SH0003690,OPP000673,Discovery,2023-05-05
SH0003691,OPP000673,Demo,2023-05-11
SH0003692,OPP000673,Proposal,2023-05-17
SH0003693,OPP000673,Negotiation,2023-05-23
SH0003694,OPP000673,Closed Lost,2023-05-29
SH0003695,OPP000674,Prospecting,2026-05-20
SH0003696,OPP000675,Prospecting,2023-01-22
SH0003697,OPP000675,Discovery,2023-02-05
SH0003698,OPP000675,Demo,2023-02-19
SH0003699,OPP000675,Proposal,2023-03-05
SH0003700,OPP000675,Negotiation,2023-03-19
SH0003701,OPP000675,Closed Lost,2023-04-02
SH0003702,OPP000676,Prospecting,2024-07-10
SH0003703,OPP000676,Demo,2024-07-15
SH0003704,OPP000676,Closed Lost,2024-07-20
SH0003705,OPP000677,Prospecting,2025-02-20
SH0003706,OPP000677,Discovery,2025-02-24
SH0003707,OPP000677,Demo,2025-02-28
SH0003708,OPP000677,Proposal,2025-03-04
SH0003709,OPP000677,Negotiation,2025-03-08
SH0003710,OPP000677,Closed Lost,2025-03-12
SH0003711,OPP000678,Prospecting,2026-06-29
SH0003712,OPP000679,Prospecting,2023-06-19
SH0003713,OPP000679,Discovery,2023-06-27
SH0003714,OPP000679,Demo,2023-07-05
SH0003715,OPP000679,Proposal,2023-07-13
SH0003716,OPP000679,Negotiation,2023-07-21
SH0003717,OPP000679,Closed Lost,2023-07-29
SH0003718,OPP000680,Prospecting,2024-12-10
SH0003719,OPP000680,Discovery,2024-12-17
SH0003720,OPP000680,Demo,2024-12-24
SH0003721,OPP000680,Proposal,2024-12-31
SH0003722,OPP000680,Negotiation,2025-01-07
SH0003723,OPP000680,Closed Lost,2025-01-14
SH0003724,OPP000681,Prospecting,2025-11-07
SH0003725,OPP000681,Discovery,2025-11-13
SH0003726,OPP000681,Demo,2025-11-19
SH0003727,OPP000681,Proposal,2025-11-25
SH0003728,OPP000681,Negotiation,2025-12-01
SH0003729,OPP000681,Closed Won,2025-12-07
SH0003730,OPP000682,Prospecting,2026-06-25
SH0003731,OPP000682,Discovery,2026-07-16
SH0003732,OPP000682,Demo,2026-08-06
SH0003733,OPP000682,Proposal,2026-08-27
SH0003734,OPP000683,Prospecting,2026-04-06
SH0003735,OPP000683,Discovery,2026-05-05
SH0003736,OPP000683,Demo,2026-06-03
SH0003737,OPP000684,Prospecting,2024-11-13
SH0003738,OPP000684,Discovery,2024-11-27
SH0003739,OPP000684,Demo,2024-12-11
SH0003740,OPP000684,Proposal,2024-12-25
SH0003741,OPP000684,Negotiation,2025-01-08
SH0003742,OPP000684,Closed Won,2025-01-22
SH0003743,OPP000685,Prospecting,2025-02-26
SH0003744,OPP000685,Discovery,2025-03-12
SH0003745,OPP000685,Demo,2025-03-26
SH0003746,OPP000685,Proposal,2025-04-09
SH0003747,OPP000685,Negotiation,2025-04-23
SH0003748,OPP000685,Closed Won,2025-05-07
SH0003749,OPP000686,Prospecting,2025-11-11
SH0003750,OPP000686,Discovery,2025-11-15
SH0003751,OPP000686,Demo,2025-11-19
SH0003752,OPP000686,Proposal,2025-11-23
SH0003753,OPP000686,Negotiation,2025-11-27
SH0003754,OPP000686,Closed Won,2025-12-01
SH0003755,OPP000687,Prospecting,2024-12-19
SH0003756,OPP000687,Discovery,2024-12-25
SH0003757,OPP000687,Demo,2024-12-31
SH0003758,OPP000687,Proposal,2025-01-06
SH0003759,OPP000687,Negotiation,2025-01-12
SH0003760,OPP000687,Closed Lost,2025-01-18
SH0003761,OPP000688,Prospecting,2025-03-25
SH0003762,OPP000688,Discovery,2025-04-06
SH0003763,OPP000688,Demo,2025-04-18
SH0003764,OPP000688,Proposal,2025-04-30
SH0003765,OPP000688,Negotiation,2025-05-12
SH0003766,OPP000688,Closed Won,2025-05-24
SH0003767,OPP000689,Prospecting,2025-12-07
SH0003768,OPP000689,Discovery,2025-12-23
SH0003769,OPP000689,Demo,2026-01-08
SH0003770,OPP000689,Proposal,2026-01-24
SH0003771,OPP000689,Negotiation,2026-02-09
SH0003772,OPP000689,Closed Lost,2026-02-25
SH0003773,OPP000690,Prospecting,2026-05-20
SH0003774,OPP000691,Prospecting,2024-12-20
SH0003775,OPP000691,Discovery,2024-12-30
SH0003776,OPP000691,Demo,2025-01-09
SH0003777,OPP000691,Proposal,2025-01-19
SH0003778,OPP000691,Negotiation,2025-01-29
SH0003779,OPP000691,Closed Lost,2025-02-08
SH0003780,OPP000692,Prospecting,2023-10-24
SH0003781,OPP000692,Discovery,2023-11-05
SH0003782,OPP000692,Demo,2023-11-17
SH0003783,OPP000692,Proposal,2023-11-29
SH0003784,OPP000692,Negotiation,2023-12-11
SH0003785,OPP000692,Closed Lost,2023-12-23
SH0003786,OPP000693,Prospecting,2023-05-28
SH0003787,OPP000693,Demo,2023-06-15
SH0003788,OPP000693,Closed Won,2023-07-03
SH0003789,OPP000694,Prospecting,2024-05-06
SH0003790,OPP000694,Discovery,2024-05-23
SH0003791,OPP000694,Demo,2024-06-09
SH0003792,OPP000694,Proposal,2024-06-26
SH0003793,OPP000694,Negotiation,2024-07-13
SH0003794,OPP000694,Closed Lost,2024-07-30
SH0003795,OPP000695,Prospecting,2024-03-25
SH0003796,OPP000695,Demo,2024-04-10
SH0003797,OPP000695,Closed Won,2024-04-26
SH0003798,OPP000696,Prospecting,2025-07-21
SH0003799,OPP000696,Discovery,2025-07-27
SH0003800,OPP000696,Demo,2025-08-02
SH0003801,OPP000696,Proposal,2025-08-08
SH0003802,OPP000696,Negotiation,2025-08-14
SH0003803,OPP000696,Closed Lost,2025-08-20
SH0003804,OPP000697,Prospecting,2026-02-25
SH0003805,OPP000697,Discovery,2026-02-28
SH0003806,OPP000697,Demo,2026-03-03
SH0003807,OPP000697,Proposal,2026-03-06
SH0003808,OPP000697,Negotiation,2026-03-09
SH0003809,OPP000697,Closed Won,2026-03-12
SH0003810,OPP000698,Prospecting,2023-01-27
SH0003811,OPP000698,Discovery,2023-02-07
SH0003812,OPP000698,Demo,2023-02-18
SH0003813,OPP000698,Proposal,2023-03-01
SH0003814,OPP000698,Negotiation,2023-03-12
SH0003815,OPP000698,Closed Lost,2023-03-23
SH0003816,OPP000699,Prospecting,2023-10-03
SH0003817,OPP000699,Discovery,2023-10-11
SH0003818,OPP000699,Demo,2023-10-19
SH0003819,OPP000699,Proposal,2023-10-27
SH0003820,OPP000699,Negotiation,2023-11-04
SH0003821,OPP000699,Closed Lost,2023-11-12
SH0003822,OPP000700,Prospecting,2024-07-28
SH0003823,OPP000700,Discovery,2024-08-01
SH0003824,OPP000700,Demo,2024-08-05
SH0003825,OPP000700,Proposal,2024-08-09
SH0003826,OPP000700,Negotiation,2024-08-13
SH0003827,OPP000700,Closed Lost,2024-08-17
SH0003828,OPP000701,Prospecting,2024-09-28
SH0003829,OPP000701,Discovery,2024-10-05
SH0003830,OPP000701,Demo,2024-10-12
SH0003831,OPP000701,Proposal,2024-10-19
SH0003832,OPP000701,Negotiation,2024-10-26
SH0003833,OPP000701,Closed Lost,2024-11-02
SH0003834,OPP000702,Prospecting,2026-01-30
SH0003835,OPP000702,Discovery,2026-02-04
SH0003836,OPP000702,Demo,2026-02-09
SH0003837,OPP000702,Proposal,2026-02-14
SH0003838,OPP000702,Negotiation,2026-02-19
SH0003839,OPP000702,Closed Lost,2026-02-24
SH0003840,OPP000703,Prospecting,2025-09-04
SH0003841,OPP000703,Discovery,2025-09-15
SH0003842,OPP000703,Demo,2025-09-26
SH0003843,OPP000703,Proposal,2025-10-07
SH0003844,OPP000703,Negotiation,2025-10-18
SH0003845,OPP000703,Closed Lost,2025-10-29
SH0003846,OPP000704,Prospecting,2025-07-19
SH0003847,OPP000704,Discovery,2025-07-23
SH0003848,OPP000704,Demo,2025-07-27
SH0003849,OPP000704,Proposal,2025-07-31
SH0003850,OPP000704,Negotiation,2025-08-04
SH0003851,OPP000704,Closed Won,2025-08-08
SH0003852,OPP000705,Prospecting,2024-06-03
SH0003853,OPP000705,Discovery,2024-06-15
SH0003854,OPP000705,Demo,2024-06-27
SH0003855,OPP000705,Proposal,2024-07-09
SH0003856,OPP000705,Negotiation,2024-07-21
SH0003857,OPP000705,Closed Won,2024-08-02
SH0003858,OPP000706,Prospecting,2025-02-02
SH0003859,OPP000706,Demo,2025-03-07
SH0003860,OPP000706,Closed Lost,2025-04-09
SH0003861,OPP000707,Prospecting,2025-05-17
SH0003862,OPP000707,Discovery,2025-05-29
SH0003863,OPP000707,Demo,2025-06-10
SH0003864,OPP000707,Proposal,2025-06-22
SH0003865,OPP000707,Negotiation,2025-07-04
SH0003866,OPP000707,Closed Lost,2025-07-16
SH0003867,OPP000708,Prospecting,2025-08-19
SH0003868,OPP000708,Discovery,2025-09-07
SH0003869,OPP000708,Demo,2025-09-26
SH0003870,OPP000708,Proposal,2025-10-15
SH0003871,OPP000708,Negotiation,2025-11-03
SH0003872,OPP000708,Closed Lost,2025-11-22
SH0003873,OPP000709,Prospecting,2026-04-01
SH0003874,OPP000709,Discovery,2026-04-10
SH0003875,OPP000709,Demo,2026-04-19
SH0003876,OPP000709,Proposal,2026-04-28
SH0003877,OPP000709,Negotiation,2026-05-07
SH0003878,OPP000709,Closed Won,2026-05-16
SH0003879,OPP000710,Prospecting,2024-01-20
SH0003880,OPP000710,Discovery,2024-01-28
SH0003881,OPP000710,Demo,2024-02-05
SH0003882,OPP000710,Proposal,2024-02-13
SH0003883,OPP000710,Negotiation,2024-02-21
SH0003884,OPP000710,Closed Lost,2024-02-29
SH0003885,OPP000711,Prospecting,2024-07-03
SH0003886,OPP000711,Discovery,2024-07-08
SH0003887,OPP000711,Demo,2024-07-13
SH0003888,OPP000711,Proposal,2024-07-18
SH0003889,OPP000711,Negotiation,2024-07-23
SH0003890,OPP000711,Closed Lost,2024-07-28
SH0003891,OPP000712,Prospecting,2025-02-22
SH0003892,OPP000712,Discovery,2025-03-04
SH0003893,OPP000712,Demo,2025-03-14
SH0003894,OPP000712,Proposal,2025-03-24
SH0003895,OPP000712,Negotiation,2025-04-03
SH0003896,OPP000712,Closed Won,2025-04-13
SH0003897,OPP000713,Prospecting,2025-11-21
SH0003898,OPP000713,Discovery,2025-12-02
SH0003899,OPP000713,Demo,2025-12-13
SH0003900,OPP000713,Proposal,2025-12-24
SH0003901,OPP000713,Negotiation,2026-01-04
SH0003902,OPP000713,Closed Won,2026-01-15
SH0003903,OPP000714,Prospecting,2025-04-26
SH0003904,OPP000714,Discovery,2025-05-04
SH0003905,OPP000714,Demo,2025-05-12
SH0003906,OPP000714,Proposal,2025-05-20
SH0003907,OPP000714,Negotiation,2025-05-28
SH0003908,OPP000714,Closed Won,2025-06-05
SH0003909,OPP000715,Prospecting,2026-04-07
SH0003910,OPP000715,Discovery,2026-04-28
SH0003911,OPP000715,Demo,2026-05-19
SH0003912,OPP000715,Proposal,2026-06-09
SH0003913,OPP000715,Negotiation,2026-06-30
SH0003914,OPP000716,Prospecting,2023-02-11
SH0003915,OPP000716,Discovery,2023-02-19
SH0003916,OPP000716,Demo,2023-02-27
SH0003917,OPP000716,Proposal,2023-03-07
SH0003918,OPP000716,Negotiation,2023-03-15
SH0003919,OPP000716,Closed Lost,2023-03-23
SH0003920,OPP000717,Prospecting,2024-03-21
SH0003921,OPP000717,Discovery,2024-04-06
SH0003922,OPP000717,Demo,2024-04-22
SH0003923,OPP000717,Proposal,2024-05-08
SH0003924,OPP000717,Negotiation,2024-05-24
SH0003925,OPP000717,Closed Won,2024-06-09
SH0003926,OPP000718,Prospecting,2024-10-31
SH0003927,OPP000718,Discovery,2024-11-10
SH0003928,OPP000718,Demo,2024-11-20
SH0003929,OPP000718,Proposal,2024-11-30
SH0003930,OPP000718,Negotiation,2024-12-10
SH0003931,OPP000718,Closed Lost,2024-12-20
SH0003932,OPP000719,Prospecting,2023-04-10
SH0003933,OPP000719,Discovery,2023-04-21
SH0003934,OPP000719,Demo,2023-05-02
SH0003935,OPP000719,Proposal,2023-05-13
SH0003936,OPP000719,Negotiation,2023-05-24
SH0003937,OPP000719,Closed Lost,2023-06-04
SH0003938,OPP000720,Prospecting,2023-12-18
SH0003939,OPP000720,Discovery,2023-12-21
SH0003940,OPP000720,Demo,2023-12-24
SH0003941,OPP000720,Proposal,2023-12-27
SH0003942,OPP000720,Negotiation,2023-12-30
SH0003943,OPP000720,Closed Lost,2024-01-02
SH0003944,OPP000721,Prospecting,2025-09-13
SH0003945,OPP000721,Discovery,2025-09-18
SH0003946,OPP000721,Demo,2025-09-23
SH0003947,OPP000721,Proposal,2025-09-28
SH0003948,OPP000721,Negotiation,2025-10-03
SH0003949,OPP000721,Closed Lost,2025-10-08
SH0003950,OPP000722,Prospecting,2026-06-15
SH0003951,OPP000723,Prospecting,2025-03-17
SH0003952,OPP000723,Demo,2025-04-25
SH0003953,OPP000723,Closed Won,2025-06-03
SH0003954,OPP000724,Prospecting,2025-08-20
SH0003955,OPP000724,Discovery,2025-09-06
SH0003956,OPP000724,Demo,2025-09-23
SH0003957,OPP000724,Proposal,2025-10-10
SH0003958,OPP000724,Negotiation,2025-10-27
SH0003959,OPP000724,Closed Lost,2025-11-13
SH0003960,OPP000725,Prospecting,2026-04-22
SH0003961,OPP000725,Discovery,2026-05-10
SH0003962,OPP000725,Demo,2026-05-28
SH0003963,OPP000725,Proposal,2026-06-15
SH0003964,OPP000726,Prospecting,2023-07-05
SH0003965,OPP000726,Discovery,2023-07-13
SH0003966,OPP000726,Demo,2023-07-21
SH0003967,OPP000726,Proposal,2023-07-29
SH0003968,OPP000726,Negotiation,2023-08-06
SH0003969,OPP000726,Closed Lost,2023-08-14
SH0003970,OPP000727,Prospecting,2024-03-06
SH0003971,OPP000727,Discovery,2024-03-25
SH0003972,OPP000727,Demo,2024-04-13
SH0003973,OPP000727,Proposal,2024-05-02
SH0003974,OPP000727,Negotiation,2024-05-21
SH0003975,OPP000727,Closed Won,2024-06-09
SH0003976,OPP000728,Prospecting,2026-01-14
SH0003977,OPP000728,Discovery,2026-01-17
SH0003978,OPP000728,Demo,2026-01-20
SH0003979,OPP000728,Proposal,2026-01-23
SH0003980,OPP000728,Negotiation,2026-01-26
SH0003981,OPP000728,Closed Lost,2026-01-29
SH0003982,OPP000729,Prospecting,2025-12-05
SH0003983,OPP000729,Discovery,2025-12-09
SH0003984,OPP000729,Demo,2025-12-13
SH0003985,OPP000729,Proposal,2025-12-17
SH0003986,OPP000729,Negotiation,2025-12-21
SH0003987,OPP000729,Closed Won,2025-12-25
SH0003988,OPP000730,Prospecting,2025-07-02
SH0003989,OPP000730,Discovery,2025-07-06
SH0003990,OPP000730,Demo,2025-07-10
SH0003991,OPP000730,Proposal,2025-07-14
SH0003992,OPP000730,Negotiation,2025-07-18
SH0003993,OPP000730,Closed Lost,2025-07-22
SH0003994,OPP000731,Prospecting,2026-03-19
SH0003995,OPP000731,Discovery,2026-04-02
SH0003996,OPP000731,Demo,2026-04-16
SH0003997,OPP000731,Proposal,2026-04-30
SH0003998,OPP000731,Negotiation,2026-05-14
SH0003999,OPP000731,Closed Lost,2026-05-28
SH0004000,OPP000732,Prospecting,2023-04-21
SH0004001,OPP000732,Discovery,2023-04-30
SH0004002,OPP000732,Demo,2023-05-09
SH0004003,OPP000732,Proposal,2023-05-18
SH0004004,OPP000732,Negotiation,2023-05-27
SH0004005,OPP000732,Closed Won,2023-06-05
SH0004006,OPP000733,Prospecting,2023-12-30
SH0004007,OPP000733,Discovery,2024-01-15
SH0004008,OPP000733,Demo,2024-01-31
SH0004009,OPP000733,Proposal,2024-02-16
SH0004010,OPP000733,Negotiation,2024-03-03
SH0004011,OPP000733,Closed Lost,2024-03-19
SH0004012,OPP000734,Prospecting,2023-12-19
SH0004013,OPP000734,Discovery,2023-12-25
SH0004014,OPP000734,Demo,2023-12-31
SH0004015,OPP000734,Proposal,2024-01-06
SH0004016,OPP000734,Negotiation,2024-01-12
SH0004017,OPP000734,Closed Won,2024-01-18
SH0004018,OPP000735,Prospecting,2023-03-22
SH0004019,OPP000735,Discovery,2023-04-04
SH0004020,OPP000735,Demo,2023-04-17
SH0004021,OPP000735,Proposal,2023-04-30
SH0004022,OPP000735,Negotiation,2023-05-13
SH0004023,OPP000735,Closed Won,2023-05-26
SH0004024,OPP000736,Prospecting,2025-11-22
SH0004025,OPP000736,Demo,2025-12-17
SH0004026,OPP000736,Closed Lost,2026-01-11
SH0004027,OPP000737,Prospecting,2026-04-15
SH0004028,OPP000737,Discovery,2026-05-22
SH0004029,OPP000737,Demo,2026-06-28
SH0004030,OPP000738,Prospecting,2023-09-12
SH0004031,OPP000738,Discovery,2023-09-22
SH0004032,OPP000738,Demo,2023-10-02
SH0004033,OPP000738,Proposal,2023-10-12
SH0004034,OPP000738,Negotiation,2023-10-22
SH0004035,OPP000738,Closed Won,2023-11-01
SH0004036,OPP000739,Prospecting,2024-05-25
SH0004037,OPP000739,Discovery,2024-06-06
SH0004038,OPP000739,Demo,2024-06-18
SH0004039,OPP000739,Proposal,2024-06-30
SH0004040,OPP000739,Negotiation,2024-07-12
SH0004041,OPP000739,Closed Won,2024-07-24
SH0004042,OPP000740,Prospecting,2026-04-22
SH0004043,OPP000740,Discovery,2026-04-26
SH0004044,OPP000740,Demo,2026-04-30
SH0004045,OPP000740,Proposal,2026-05-04
SH0004046,OPP000740,Negotiation,2026-05-08
SH0004047,OPP000740,Closed Won,2026-05-12
SH0004048,OPP000741,Prospecting,2025-04-17
SH0004049,OPP000741,Discovery,2025-04-26
SH0004050,OPP000741,Demo,2025-05-05
SH0004051,OPP000741,Proposal,2025-05-14
SH0004052,OPP000741,Negotiation,2025-05-23
SH0004053,OPP000741,Closed Lost,2025-06-01
SH0004054,OPP000742,Prospecting,2025-03-06
SH0004055,OPP000742,Discovery,2025-03-23
SH0004056,OPP000742,Demo,2025-04-09
SH0004057,OPP000742,Proposal,2025-04-26
SH0004058,OPP000742,Negotiation,2025-05-13
SH0004059,OPP000742,Closed Lost,2025-05-30
SH0004060,OPP000743,Prospecting,2025-05-21
SH0004061,OPP000743,Discovery,2025-05-28
SH0004062,OPP000743,Demo,2025-06-04
SH0004063,OPP000743,Proposal,2025-06-11
SH0004064,OPP000743,Negotiation,2025-06-18
SH0004065,OPP000743,Closed Lost,2025-06-25
SH0004066,OPP000744,Prospecting,2026-01-30
SH0004067,OPP000744,Discovery,2026-02-18
SH0004068,OPP000744,Demo,2026-03-09
SH0004069,OPP000744,Proposal,2026-03-28
SH0004070,OPP000744,Negotiation,2026-04-16
SH0004071,OPP000744,Closed Won,2026-05-05
SH0004072,OPP000745,Prospecting,2023-05-23
SH0004073,OPP000745,Discovery,2023-06-03
SH0004074,OPP000745,Demo,2023-06-14
SH0004075,OPP000745,Proposal,2023-06-25
SH0004076,OPP000745,Negotiation,2023-07-06
SH0004077,OPP000745,Closed Lost,2023-07-17
SH0004078,OPP000746,Prospecting,2023-11-05
SH0004079,OPP000746,Discovery,2023-11-14
SH0004080,OPP000746,Demo,2023-11-23
SH0004081,OPP000746,Proposal,2023-12-02
SH0004082,OPP000746,Negotiation,2023-12-11
SH0004083,OPP000746,Closed Won,2023-12-20
SH0004084,OPP000747,Prospecting,2025-08-20
SH0004085,OPP000747,Demo,2025-08-26
SH0004086,OPP000747,Closed Won,2025-09-01
SH0004087,OPP000748,Prospecting,2024-09-17
SH0004088,OPP000748,Discovery,2024-09-27
SH0004089,OPP000748,Demo,2024-10-07
SH0004090,OPP000748,Proposal,2024-10-17
SH0004091,OPP000748,Negotiation,2024-10-27
SH0004092,OPP000748,Closed Lost,2024-11-06
SH0004093,OPP000749,Prospecting,2025-02-04
SH0004094,OPP000749,Discovery,2025-02-19
SH0004095,OPP000749,Demo,2025-03-06
SH0004096,OPP000749,Proposal,2025-03-21
SH0004097,OPP000749,Negotiation,2025-04-05
SH0004098,OPP000749,Closed Lost,2025-04-20
SH0004099,OPP000750,Prospecting,2023-12-08
SH0004100,OPP000750,Discovery,2023-12-26
SH0004101,OPP000750,Demo,2024-01-13
SH0004102,OPP000750,Proposal,2024-01-31
SH0004103,OPP000750,Negotiation,2024-02-18
SH0004104,OPP000750,Closed Won,2024-03-07
SH0004105,OPP000751,Prospecting,2024-12-30
SH0004106,OPP000751,Discovery,2025-01-10
SH0004107,OPP000751,Demo,2025-01-21
SH0004108,OPP000751,Proposal,2025-02-01
SH0004109,OPP000751,Negotiation,2025-02-12
SH0004110,OPP000751,Closed Won,2025-02-23
SH0004111,OPP000752,Prospecting,2024-01-12
SH0004112,OPP000752,Discovery,2024-01-20
SH0004113,OPP000752,Demo,2024-01-28
SH0004114,OPP000752,Proposal,2024-02-05
SH0004115,OPP000752,Negotiation,2024-02-13
SH0004116,OPP000752,Closed Lost,2024-02-21
SH0004117,OPP000753,Prospecting,2023-02-22
SH0004118,OPP000753,Discovery,2023-03-03
SH0004119,OPP000753,Demo,2023-03-12
SH0004120,OPP000753,Proposal,2023-03-21
SH0004121,OPP000753,Negotiation,2023-03-30
SH0004122,OPP000753,Closed Lost,2023-04-08
SH0004123,OPP000754,Prospecting,2023-10-18
SH0004124,OPP000754,Discovery,2023-10-24
SH0004125,OPP000754,Demo,2023-10-30
SH0004126,OPP000754,Proposal,2023-11-05
SH0004127,OPP000754,Negotiation,2023-11-11
SH0004128,OPP000754,Closed Lost,2023-11-17
SH0004129,OPP000755,Prospecting,2024-02-29
SH0004130,OPP000755,Discovery,2024-03-16
SH0004131,OPP000755,Demo,2024-04-01
SH0004132,OPP000755,Proposal,2024-04-17
SH0004133,OPP000755,Negotiation,2024-05-03
SH0004134,OPP000755,Closed Lost,2024-05-19
SH0004135,OPP000756,Prospecting,2024-09-20
SH0004136,OPP000756,Discovery,2024-09-26
SH0004137,OPP000756,Demo,2024-10-02
SH0004138,OPP000756,Proposal,2024-10-08
SH0004139,OPP000756,Negotiation,2024-10-14
SH0004140,OPP000756,Closed Won,2024-10-20
SH0004141,OPP000757,Prospecting,2025-07-30
SH0004142,OPP000757,Discovery,2025-08-05
SH0004143,OPP000757,Demo,2025-08-11
SH0004144,OPP000757,Proposal,2025-08-17
SH0004145,OPP000757,Negotiation,2025-08-23
SH0004146,OPP000757,Closed Lost,2025-08-29
SH0004147,OPP000758,Prospecting,2024-04-19
SH0004148,OPP000758,Demo,2024-05-14
SH0004149,OPP000758,Closed Lost,2024-06-08
SH0004150,OPP000759,Prospecting,2023-03-30
SH0004151,OPP000759,Discovery,2023-04-19
SH0004152,OPP000759,Demo,2023-05-09
SH0004153,OPP000759,Proposal,2023-05-29
SH0004154,OPP000759,Negotiation,2023-06-18
SH0004155,OPP000759,Closed Lost,2023-07-08
SH0004156,OPP000760,Prospecting,2023-12-05
SH0004157,OPP000760,Discovery,2023-12-14
SH0004158,OPP000760,Demo,2023-12-23
SH0004159,OPP000760,Proposal,2024-01-01
SH0004160,OPP000760,Negotiation,2024-01-10
SH0004161,OPP000760,Closed Lost,2024-01-19
SH0004162,OPP000761,Prospecting,2024-04-08
SH0004163,OPP000761,Discovery,2024-04-23
SH0004164,OPP000761,Demo,2024-05-08
SH0004165,OPP000761,Proposal,2024-05-23
SH0004166,OPP000761,Negotiation,2024-06-07
SH0004167,OPP000761,Closed Won,2024-06-22
SH0004168,OPP000762,Prospecting,2025-11-09
SH0004169,OPP000762,Discovery,2025-11-21
SH0004170,OPP000762,Demo,2025-12-03
SH0004171,OPP000762,Proposal,2025-12-15
SH0004172,OPP000762,Negotiation,2025-12-27
SH0004173,OPP000762,Closed Lost,2026-01-08
SH0004174,OPP000763,Prospecting,2023-12-21
SH0004175,OPP000763,Demo,2024-01-14
SH0004176,OPP000763,Closed Lost,2024-02-07
SH0004177,OPP000764,Prospecting,2023-08-22
SH0004178,OPP000764,Discovery,2023-09-04
SH0004179,OPP000764,Demo,2023-09-17
SH0004180,OPP000764,Proposal,2023-09-30
SH0004181,OPP000764,Negotiation,2023-10-13
SH0004182,OPP000764,Closed Won,2023-10-26
SH0004183,OPP000765,Prospecting,2025-12-19
SH0004184,OPP000765,Discovery,2026-01-01
SH0004185,OPP000765,Demo,2026-01-14
SH0004186,OPP000765,Proposal,2026-01-27
SH0004187,OPP000765,Negotiation,2026-02-09
SH0004188,OPP000765,Closed Lost,2026-02-22
SH0004189,OPP000766,Prospecting,2025-08-28
SH0004190,OPP000766,Discovery,2025-08-30
SH0004191,OPP000766,Demo,2025-09-01
SH0004192,OPP000766,Proposal,2025-09-03
SH0004193,OPP000766,Negotiation,2025-09-05
SH0004194,OPP000766,Closed Lost,2025-09-07
SH0004195,OPP000767,Prospecting,2026-04-02
SH0004196,OPP000767,Discovery,2026-05-26
SH0004197,OPP000768,Prospecting,2025-09-04
SH0004198,OPP000768,Discovery,2025-09-20
SH0004199,OPP000768,Demo,2025-10-06
SH0004200,OPP000768,Proposal,2025-10-22
SH0004201,OPP000768,Negotiation,2025-11-07
SH0004202,OPP000768,Closed Lost,2025-11-23
SH0004203,OPP000769,Prospecting,2026-05-25
SH0004204,OPP000769,Discovery,2026-06-04
SH0004205,OPP000769,Demo,2026-06-14
SH0004206,OPP000769,Proposal,2026-06-24
SH0004207,OPP000769,Negotiation,2026-07-04
SH0004208,OPP000770,Prospecting,2025-05-02
SH0004209,OPP000770,Discovery,2025-05-17
SH0004210,OPP000770,Demo,2025-06-01
SH0004211,OPP000770,Proposal,2025-06-16
SH0004212,OPP000770,Negotiation,2025-07-01
SH0004213,OPP000770,Closed Won,2025-07-16
SH0004214,OPP000771,Prospecting,2025-12-21
SH0004215,OPP000771,Discovery,2025-12-24
SH0004216,OPP000771,Demo,2025-12-27
SH0004217,OPP000771,Proposal,2025-12-30
SH0004218,OPP000771,Negotiation,2026-01-02
SH0004219,OPP000771,Closed Lost,2026-01-05
SH0004220,OPP000772,Prospecting,2025-04-28
SH0004221,OPP000772,Discovery,2025-05-11
SH0004222,OPP000772,Demo,2025-05-24
SH0004223,OPP000772,Proposal,2025-06-06
SH0004224,OPP000772,Negotiation,2025-06-19
SH0004225,OPP000772,Closed Lost,2025-07-02
SH0004226,OPP000773,Prospecting,2025-04-01
SH0004227,OPP000773,Demo,2025-04-29
SH0004228,OPP000773,Closed Lost,2025-05-27
SH0004229,OPP000774,Prospecting,2025-11-25
SH0004230,OPP000774,Discovery,2025-12-12
SH0004231,OPP000774,Demo,2025-12-29
SH0004232,OPP000774,Proposal,2026-01-15
SH0004233,OPP000774,Negotiation,2026-02-01
SH0004234,OPP000774,Closed Lost,2026-02-18
SH0004235,OPP000775,Prospecting,2025-11-15
SH0004236,OPP000775,Demo,2025-12-21
SH0004237,OPP000775,Closed Lost,2026-01-26
SH0004238,OPP000776,Prospecting,2025-03-13
SH0004239,OPP000776,Discovery,2025-03-15
SH0004240,OPP000776,Demo,2025-03-17
SH0004241,OPP000776,Proposal,2025-03-19
SH0004242,OPP000776,Negotiation,2025-03-21
SH0004243,OPP000776,Closed Lost,2025-03-23
SH0004244,OPP000777,Prospecting,2025-11-01
SH0004245,OPP000777,Discovery,2025-11-08
SH0004246,OPP000777,Demo,2025-11-15
SH0004247,OPP000777,Proposal,2025-11-22
SH0004248,OPP000777,Negotiation,2025-11-29
SH0004249,OPP000777,Closed Lost,2025-12-06
SH0004250,OPP000778,Prospecting,2024-11-06
SH0004251,OPP000778,Demo,2024-12-04
SH0004252,OPP000778,Closed Won,2025-01-01
SH0004253,OPP000779,Prospecting,2025-03-15
SH0004254,OPP000779,Demo,2025-04-15
SH0004255,OPP000779,Closed Won,2025-05-16
SH0004256,OPP000780,Prospecting,2025-11-30
SH0004257,OPP000780,Discovery,2025-12-04
SH0004258,OPP000780,Demo,2025-12-08
SH0004259,OPP000780,Proposal,2025-12-12
SH0004260,OPP000780,Negotiation,2025-12-16
SH0004261,OPP000780,Closed Won,2025-12-20
SH0004262,OPP000781,Prospecting,2024-07-29
SH0004263,OPP000781,Discovery,2024-08-04
SH0004264,OPP000781,Demo,2024-08-10
SH0004265,OPP000781,Proposal,2024-08-16
SH0004266,OPP000781,Negotiation,2024-08-22
SH0004267,OPP000781,Closed Lost,2024-08-28
SH0004268,OPP000782,Prospecting,2025-03-03
SH0004269,OPP000782,Discovery,2025-03-08
SH0004270,OPP000782,Demo,2025-03-13
SH0004271,OPP000782,Proposal,2025-03-18
SH0004272,OPP000782,Negotiation,2025-03-23
SH0004273,OPP000782,Closed Lost,2025-03-28
SH0004274,OPP000783,Prospecting,2025-10-07
SH0004275,OPP000783,Discovery,2025-10-11
SH0004276,OPP000783,Demo,2025-10-15
SH0004277,OPP000783,Proposal,2025-10-19
SH0004278,OPP000783,Negotiation,2025-10-23
SH0004279,OPP000783,Closed Won,2025-10-27
SH0004280,OPP000784,Prospecting,2023-05-14
SH0004281,OPP000784,Discovery,2023-05-17
SH0004282,OPP000784,Demo,2023-05-20
SH0004283,OPP000784,Proposal,2023-05-23
SH0004284,OPP000784,Negotiation,2023-05-26
SH0004285,OPP000784,Closed Lost,2023-05-29
SH0004286,OPP000785,Prospecting,2023-03-25
SH0004287,OPP000785,Discovery,2023-04-09
SH0004288,OPP000785,Demo,2023-04-24
SH0004289,OPP000785,Proposal,2023-05-09
SH0004290,OPP000785,Negotiation,2023-05-24
SH0004291,OPP000785,Closed Lost,2023-06-08
SH0004292,OPP000786,Prospecting,2025-03-12
SH0004293,OPP000786,Discovery,2025-03-26
SH0004294,OPP000786,Demo,2025-04-09
SH0004295,OPP000786,Proposal,2025-04-23
SH0004296,OPP000786,Negotiation,2025-05-07
SH0004297,OPP000786,Closed Lost,2025-05-21
SH0004298,OPP000787,Prospecting,2024-10-12
SH0004299,OPP000787,Demo,2024-11-19
SH0004300,OPP000787,Closed Lost,2024-12-27
SH0004301,OPP000788,Prospecting,2025-04-22
SH0004302,OPP000788,Discovery,2025-05-09
SH0004303,OPP000788,Demo,2025-05-26
SH0004304,OPP000788,Proposal,2025-06-12
SH0004305,OPP000788,Negotiation,2025-06-29
SH0004306,OPP000788,Closed Won,2025-07-16
SH0004307,OPP000789,Prospecting,2026-01-05
SH0004308,OPP000789,Discovery,2026-01-15
SH0004309,OPP000789,Demo,2026-01-25
SH0004310,OPP000789,Proposal,2026-02-04
SH0004311,OPP000789,Negotiation,2026-02-14
SH0004312,OPP000789,Closed Won,2026-02-24
SH0004313,OPP000790,Prospecting,2026-01-12
SH0004314,OPP000790,Discovery,2026-01-21
SH0004315,OPP000790,Demo,2026-01-30
SH0004316,OPP000790,Proposal,2026-02-08
SH0004317,OPP000790,Negotiation,2026-02-17
SH0004318,OPP000790,Closed Lost,2026-02-26
SH0004319,OPP000791,Prospecting,2025-04-05
SH0004320,OPP000791,Discovery,2025-04-16
SH0004321,OPP000791,Demo,2025-04-27
SH0004322,OPP000791,Proposal,2025-05-08
SH0004323,OPP000791,Negotiation,2025-05-19
SH0004324,OPP000791,Closed Lost,2025-05-30
SH0004325,OPP000792,Prospecting,2026-01-04
SH0004326,OPP000792,Discovery,2026-01-17
SH0004327,OPP000792,Demo,2026-01-30
SH0004328,OPP000792,Proposal,2026-02-12
SH0004329,OPP000792,Negotiation,2026-02-25
SH0004330,OPP000792,Closed Won,2026-03-10
SH0004331,OPP000793,Prospecting,2026-04-01
SH0004332,OPP000793,Demo,2026-04-06
SH0004333,OPP000793,Closed Lost,2026-04-11
SH0004334,OPP000794,Prospecting,2025-08-18
SH0004335,OPP000794,Discovery,2025-08-31
SH0004336,OPP000794,Demo,2025-09-13
SH0004337,OPP000794,Proposal,2025-09-26
SH0004338,OPP000794,Negotiation,2025-10-09
SH0004339,OPP000794,Closed Lost,2025-10-22
SH0004340,OPP000795,Prospecting,2024-07-08
SH0004341,OPP000795,Discovery,2024-07-13
SH0004342,OPP000795,Demo,2024-07-18
SH0004343,OPP000795,Proposal,2024-07-23
SH0004344,OPP000795,Negotiation,2024-07-28
SH0004345,OPP000795,Closed Won,2024-08-02
SH0004346,OPP000796,Prospecting,2024-10-11
SH0004347,OPP000796,Discovery,2024-10-17
SH0004348,OPP000796,Demo,2024-10-23
SH0004349,OPP000796,Proposal,2024-10-29
SH0004350,OPP000796,Negotiation,2024-11-04
SH0004351,OPP000796,Closed Won,2024-11-10
SH0004352,OPP000797,Prospecting,2024-07-26
SH0004353,OPP000797,Discovery,2024-08-07
SH0004354,OPP000797,Demo,2024-08-19
SH0004355,OPP000797,Proposal,2024-08-31
SH0004356,OPP000797,Negotiation,2024-09-12
SH0004357,OPP000797,Closed Lost,2024-09-24
SH0004358,OPP000798,Prospecting,2023-05-31
SH0004359,OPP000798,Demo,2023-06-13
SH0004360,OPP000798,Closed Won,2023-06-26
SH0004361,OPP000799,Prospecting,2025-11-09
SH0004362,OPP000799,Discovery,2025-11-27
SH0004363,OPP000799,Demo,2025-12-15
SH0004364,OPP000799,Proposal,2026-01-02
SH0004365,OPP000799,Negotiation,2026-01-20
SH0004366,OPP000799,Closed Lost,2026-02-07
SH0004367,OPP000800,Prospecting,2026-06-21
SH0004368,OPP000800,Discovery,2026-08-19
SH0004369,OPP000801,Prospecting,2024-10-19
SH0004370,OPP000801,Discovery,2024-10-23
SH0004371,OPP000801,Demo,2024-10-27
SH0004372,OPP000801,Proposal,2024-10-31
SH0004373,OPP000801,Negotiation,2024-11-04
SH0004374,OPP000801,Closed Won,2024-11-08
SH0004375,OPP000802,Prospecting,2024-08-04
SH0004376,OPP000802,Discovery,2024-08-08
SH0004377,OPP000802,Demo,2024-08-12
SH0004378,OPP000802,Proposal,2024-08-16
SH0004379,OPP000802,Negotiation,2024-08-20
SH0004380,OPP000802,Closed Lost,2024-08-24
SH0004381,OPP000803,Prospecting,2024-06-07
SH0004382,OPP000803,Discovery,2024-06-23
SH0004383,OPP000803,Demo,2024-07-09
SH0004384,OPP000803,Proposal,2024-07-25
SH0004385,OPP000803,Negotiation,2024-08-10
SH0004386,OPP000803,Closed Won,2024-08-26
SH0004387,OPP000804,Prospecting,2025-02-23
SH0004388,OPP000804,Discovery,2025-03-02
SH0004389,OPP000804,Demo,2025-03-09
SH0004390,OPP000804,Proposal,2025-03-16
SH0004391,OPP000804,Negotiation,2025-03-23
SH0004392,OPP000804,Closed Won,2025-03-30
SH0004393,OPP000805,Prospecting,2023-06-03
SH0004394,OPP000805,Discovery,2023-06-20
SH0004395,OPP000805,Demo,2023-07-07
SH0004396,OPP000805,Proposal,2023-07-24
SH0004397,OPP000805,Negotiation,2023-08-10
SH0004398,OPP000805,Closed Won,2023-08-27
SH0004399,OPP000806,Prospecting,2025-04-16
SH0004400,OPP000806,Discovery,2025-04-23
SH0004401,OPP000806,Demo,2025-04-30
SH0004402,OPP000806,Proposal,2025-05-07
SH0004403,OPP000806,Negotiation,2025-05-14
SH0004404,OPP000806,Closed Lost,2025-05-21
SH0004405,OPP000807,Prospecting,2024-08-07
SH0004406,OPP000807,Discovery,2024-08-20
SH0004407,OPP000807,Demo,2024-09-02
SH0004408,OPP000807,Proposal,2024-09-15
SH0004409,OPP000807,Negotiation,2024-09-28
SH0004410,OPP000807,Closed Lost,2024-10-11
SH0004411,OPP000808,Prospecting,2025-12-11
SH0004412,OPP000808,Discovery,2025-12-25
SH0004413,OPP000808,Demo,2026-01-08
SH0004414,OPP000808,Proposal,2026-01-22
SH0004415,OPP000808,Negotiation,2026-02-05
SH0004416,OPP000808,Closed Lost,2026-02-19
SH0004417,OPP000809,Prospecting,2023-10-18
SH0004418,OPP000809,Discovery,2023-10-21
SH0004419,OPP000809,Demo,2023-10-24
SH0004420,OPP000809,Proposal,2023-10-27
SH0004421,OPP000809,Negotiation,2023-10-30
SH0004422,OPP000809,Closed Won,2023-11-02
SH0004423,OPP000810,Prospecting,2023-10-27
SH0004424,OPP000810,Discovery,2023-11-05
SH0004425,OPP000810,Demo,2023-11-14
SH0004426,OPP000810,Proposal,2023-11-23
SH0004427,OPP000810,Negotiation,2023-12-02
SH0004428,OPP000810,Closed Won,2023-12-11
SH0004429,OPP000811,Prospecting,2024-07-02
SH0004430,OPP000811,Discovery,2024-07-07
SH0004431,OPP000811,Demo,2024-07-12
SH0004432,OPP000811,Proposal,2024-07-17
SH0004433,OPP000811,Negotiation,2024-07-22
SH0004434,OPP000811,Closed Won,2024-07-27
SH0004435,OPP000812,Prospecting,2024-08-19
SH0004436,OPP000812,Discovery,2024-09-07
SH0004437,OPP000812,Demo,2024-09-26
SH0004438,OPP000812,Proposal,2024-10-15
SH0004439,OPP000812,Negotiation,2024-11-03
SH0004440,OPP000812,Closed Lost,2024-11-22
SH0004441,OPP000813,Prospecting,2026-03-12
SH0004442,OPP000813,Discovery,2026-03-18
SH0004443,OPP000813,Demo,2026-03-24
SH0004444,OPP000813,Proposal,2026-03-30
SH0004445,OPP000813,Negotiation,2026-04-05
SH0004446,OPP000813,Closed Lost,2026-04-11
SH0004447,OPP000814,Prospecting,2023-11-14
SH0004448,OPP000814,Discovery,2023-11-29
SH0004449,OPP000814,Demo,2023-12-14
SH0004450,OPP000814,Proposal,2023-12-29
SH0004451,OPP000814,Negotiation,2024-01-13
SH0004452,OPP000814,Closed Won,2024-01-28
SH0004453,OPP000815,Prospecting,2024-07-01
SH0004454,OPP000815,Discovery,2024-07-18
SH0004455,OPP000815,Demo,2024-08-04
SH0004456,OPP000815,Proposal,2024-08-21
SH0004457,OPP000815,Negotiation,2024-09-07
SH0004458,OPP000815,Closed Won,2024-09-24
SH0004459,OPP000816,Prospecting,2025-10-09
SH0004460,OPP000816,Discovery,2025-10-20
SH0004461,OPP000816,Demo,2025-10-31
SH0004462,OPP000816,Proposal,2025-11-11
SH0004463,OPP000816,Negotiation,2025-11-22
SH0004464,OPP000816,Closed Lost,2025-12-03
SH0004465,OPP000817,Prospecting,2024-02-29
SH0004466,OPP000817,Discovery,2024-03-19
SH0004467,OPP000817,Demo,2024-04-07
SH0004468,OPP000817,Proposal,2024-04-26
SH0004469,OPP000817,Negotiation,2024-05-15
SH0004470,OPP000817,Closed Lost,2024-06-03
SH0004471,OPP000818,Prospecting,2024-11-22
SH0004472,OPP000818,Discovery,2024-12-07
SH0004473,OPP000818,Demo,2024-12-22
SH0004474,OPP000818,Proposal,2025-01-06
SH0004475,OPP000818,Negotiation,2025-01-21
SH0004476,OPP000818,Closed Lost,2025-02-05
SH0004477,OPP000819,Prospecting,2024-07-04
SH0004478,OPP000819,Discovery,2024-07-11
SH0004479,OPP000819,Demo,2024-07-18
SH0004480,OPP000819,Proposal,2024-07-25
SH0004481,OPP000819,Negotiation,2024-08-01
SH0004482,OPP000819,Closed Lost,2024-08-08
SH0004483,OPP000820,Prospecting,2025-03-31
SH0004484,OPP000820,Discovery,2025-04-09
SH0004485,OPP000820,Demo,2025-04-18
SH0004486,OPP000820,Proposal,2025-04-27
SH0004487,OPP000820,Negotiation,2025-05-06
SH0004488,OPP000820,Closed Won,2025-05-15
SH0004489,OPP000821,Prospecting,2024-05-06
SH0004490,OPP000821,Discovery,2024-05-11
SH0004491,OPP000821,Demo,2024-05-16
SH0004492,OPP000821,Proposal,2024-05-21
SH0004493,OPP000821,Negotiation,2024-05-26
SH0004494,OPP000821,Closed Won,2024-05-31
SH0004495,OPP000822,Prospecting,2025-03-21
SH0004496,OPP000822,Discovery,2025-04-04
SH0004497,OPP000822,Demo,2025-04-18
SH0004498,OPP000822,Proposal,2025-05-02
SH0004499,OPP000822,Negotiation,2025-05-16
SH0004500,OPP000822,Closed Won,2025-05-30
SH0004501,OPP000823,Prospecting,2025-09-19
SH0004502,OPP000823,Discovery,2025-09-22
SH0004503,OPP000823,Demo,2025-09-25
SH0004504,OPP000823,Proposal,2025-09-28
SH0004505,OPP000823,Negotiation,2025-10-01
SH0004506,OPP000823,Closed Lost,2025-10-04
SH0004507,OPP000824,Prospecting,2025-11-05
SH0004508,OPP000824,Discovery,2025-11-21
SH0004509,OPP000824,Demo,2025-12-07
SH0004510,OPP000824,Proposal,2025-12-23
SH0004511,OPP000824,Negotiation,2026-01-08
SH0004512,OPP000824,Closed Lost,2026-01-24
SH0004513,OPP000825,Prospecting,2025-11-17
SH0004514,OPP000825,Discovery,2025-11-24
SH0004515,OPP000825,Demo,2025-12-01
SH0004516,OPP000825,Proposal,2025-12-08
SH0004517,OPP000825,Negotiation,2025-12-15
SH0004518,OPP000825,Closed Lost,2025-12-22
SH0004519,OPP000826,Prospecting,2025-10-03
SH0004520,OPP000826,Discovery,2025-10-23
SH0004521,OPP000826,Demo,2025-11-12
SH0004522,OPP000826,Proposal,2025-12-02
SH0004523,OPP000826,Negotiation,2025-12-22
SH0004524,OPP000826,Closed Won,2026-01-11
SH0004525,OPP000827,Prospecting,2025-11-12
SH0004526,OPP000827,Discovery,2025-11-25
SH0004527,OPP000827,Demo,2025-12-08
SH0004528,OPP000827,Proposal,2025-12-21
SH0004529,OPP000827,Negotiation,2026-01-03
SH0004530,OPP000827,Closed Lost,2026-01-16
SH0004531,OPP000828,Prospecting,2024-08-26
SH0004532,OPP000828,Discovery,2024-09-03
SH0004533,OPP000828,Demo,2024-09-11
SH0004534,OPP000828,Proposal,2024-09-19
SH0004535,OPP000828,Negotiation,2024-09-27
SH0004536,OPP000828,Closed Lost,2024-10-05
SH0004537,OPP000829,Prospecting,2025-04-09
SH0004538,OPP000829,Discovery,2025-04-28
SH0004539,OPP000829,Demo,2025-05-17
SH0004540,OPP000829,Proposal,2025-06-05
SH0004541,OPP000829,Negotiation,2025-06-24
SH0004542,OPP000829,Closed Lost,2025-07-13
SH0004543,OPP000830,Prospecting,2023-03-04
SH0004544,OPP000830,Discovery,2023-03-14
SH0004545,OPP000830,Demo,2023-03-24
SH0004546,OPP000830,Proposal,2023-04-03
SH0004547,OPP000830,Negotiation,2023-04-13
SH0004548,OPP000830,Closed Lost,2023-04-23
SH0004549,OPP000831,Prospecting,2025-08-29
SH0004550,OPP000831,Discovery,2025-09-05
SH0004551,OPP000831,Demo,2025-09-12
SH0004552,OPP000831,Proposal,2025-09-19
SH0004553,OPP000831,Negotiation,2025-09-26
SH0004554,OPP000831,Closed Lost,2025-10-03
SH0004555,OPP000832,Prospecting,2026-03-11
SH0004556,OPP000832,Discovery,2026-03-18
SH0004557,OPP000832,Demo,2026-03-25
SH0004558,OPP000832,Proposal,2026-04-01
SH0004559,OPP000832,Negotiation,2026-04-08
SH0004560,OPP000832,Closed Lost,2026-04-15
SH0004561,OPP000833,Prospecting,2025-03-24
SH0004562,OPP000833,Discovery,2025-04-10
SH0004563,OPP000833,Demo,2025-04-27
SH0004564,OPP000833,Proposal,2025-05-14
SH0004565,OPP000833,Negotiation,2025-05-31
SH0004566,OPP000833,Closed Lost,2025-06-17
SH0004567,OPP000834,Prospecting,2024-09-06
SH0004568,OPP000834,Discovery,2024-09-12
SH0004569,OPP000834,Demo,2024-09-18
SH0004570,OPP000834,Proposal,2024-09-24
SH0004571,OPP000834,Negotiation,2024-09-30
SH0004572,OPP000834,Closed Won,2024-10-06
SH0004573,OPP000835,Prospecting,2025-04-12
SH0004574,OPP000835,Discovery,2025-04-14
SH0004575,OPP000835,Demo,2025-04-16
SH0004576,OPP000835,Proposal,2025-04-18
SH0004577,OPP000835,Negotiation,2025-04-20
SH0004578,OPP000835,Closed Won,2025-04-22
SH0004579,OPP000836,Prospecting,2025-11-06
SH0004580,OPP000836,Discovery,2025-11-10
SH0004581,OPP000836,Demo,2025-11-14
SH0004582,OPP000836,Proposal,2025-11-18
SH0004583,OPP000836,Negotiation,2025-11-22
SH0004584,OPP000836,Closed Lost,2025-11-26
SH0004585,OPP000837,Prospecting,2025-06-18
SH0004586,OPP000837,Discovery,2025-06-29
SH0004587,OPP000837,Demo,2025-07-10
SH0004588,OPP000837,Proposal,2025-07-21
SH0004589,OPP000837,Negotiation,2025-08-01
SH0004590,OPP000837,Closed Lost,2025-08-12
SH0004591,OPP000838,Prospecting,2025-09-03
SH0004592,OPP000838,Discovery,2025-09-06
SH0004593,OPP000838,Demo,2025-09-09
SH0004594,OPP000838,Proposal,2025-09-12
SH0004595,OPP000838,Negotiation,2025-09-15
SH0004596,OPP000838,Closed Won,2025-09-18
SH0004597,OPP000839,Prospecting,2026-04-09
SH0004598,OPP000839,Discovery,2026-04-18
SH0004599,OPP000839,Demo,2026-04-27
SH0004600,OPP000839,Proposal,2026-05-06
SH0004601,OPP000839,Negotiation,2026-05-15
SH0004602,OPP000839,Closed Won,2026-05-24
SH0004603,OPP000840,Prospecting,2025-01-30
SH0004604,OPP000840,Discovery,2025-02-13
SH0004605,OPP000840,Demo,2025-02-27
SH0004606,OPP000840,Proposal,2025-03-13
SH0004607,OPP000840,Negotiation,2025-03-27
SH0004608,OPP000840,Closed Won,2025-04-10
SH0004609,OPP000841,Prospecting,2024-09-06
SH0004610,OPP000841,Discovery,2024-09-15
SH0004611,OPP000841,Demo,2024-09-24
SH0004612,OPP000841,Proposal,2024-10-03
SH0004613,OPP000841,Negotiation,2024-10-12
SH0004614,OPP000841,Closed Lost,2024-10-21
SH0004615,OPP000842,Prospecting,2026-05-31
SH0004616,OPP000842,Discovery,2026-06-04
SH0004617,OPP000842,Demo,2026-06-08
SH0004618,OPP000842,Proposal,2026-06-12
SH0004619,OPP000842,Negotiation,2026-06-16
SH0004620,OPP000842,Closed Won,2026-06-20
SH0004621,OPP000843,Prospecting,2025-08-19
SH0004622,OPP000843,Discovery,2025-09-01
SH0004623,OPP000843,Demo,2025-09-14
SH0004624,OPP000843,Proposal,2025-09-27
SH0004625,OPP000843,Negotiation,2025-10-10
SH0004626,OPP000843,Closed Lost,2025-10-23
SH0004627,OPP000844,Prospecting,2026-05-12
SH0004628,OPP000844,Discovery,2026-06-16
SH0004629,OPP000845,Prospecting,2023-07-08
SH0004630,OPP000845,Discovery,2023-07-20
SH0004631,OPP000845,Demo,2023-08-01
SH0004632,OPP000845,Proposal,2023-08-13
SH0004633,OPP000845,Negotiation,2023-08-25
SH0004634,OPP000845,Closed Won,2023-09-06
SH0004635,OPP000846,Prospecting,2024-06-09
SH0004636,OPP000846,Discovery,2024-06-17
SH0004637,OPP000846,Demo,2024-06-25
SH0004638,OPP000846,Proposal,2024-07-03
SH0004639,OPP000846,Negotiation,2024-07-11
SH0004640,OPP000846,Closed Won,2024-07-19
SH0004641,OPP000847,Prospecting,2023-09-07
SH0004642,OPP000847,Discovery,2023-09-21
SH0004643,OPP000847,Demo,2023-10-05
SH0004644,OPP000847,Proposal,2023-10-19
SH0004645,OPP000847,Negotiation,2023-11-02
SH0004646,OPP000847,Closed Lost,2023-11-16
SH0004647,OPP000848,Prospecting,2024-08-27
SH0004648,OPP000848,Discovery,2024-09-09
SH0004649,OPP000848,Demo,2024-09-22
SH0004650,OPP000848,Proposal,2024-10-05
SH0004651,OPP000848,Negotiation,2024-10-18
SH0004652,OPP000848,Closed Lost,2024-10-31
SH0004653,OPP000849,Prospecting,2025-04-24
SH0004654,OPP000849,Discovery,2025-05-13
SH0004655,OPP000849,Demo,2025-06-01
SH0004656,OPP000849,Proposal,2025-06-20
SH0004657,OPP000849,Negotiation,2025-07-09
SH0004658,OPP000849,Closed Won,2025-07-28
SH0004659,OPP000850,Prospecting,2024-09-17
SH0004660,OPP000850,Discovery,2024-10-02
SH0004661,OPP000850,Demo,2024-10-17
SH0004662,OPP000850,Proposal,2024-11-01
SH0004663,OPP000850,Negotiation,2024-11-16
SH0004664,OPP000850,Closed Lost,2024-12-01
SH0004665,OPP000851,Prospecting,2024-10-24
SH0004666,OPP000851,Discovery,2024-11-05
SH0004667,OPP000851,Demo,2024-11-17
SH0004668,OPP000851,Proposal,2024-11-29
SH0004669,OPP000851,Negotiation,2024-12-11
SH0004670,OPP000851,Closed Lost,2024-12-23
SH0004671,OPP000852,Prospecting,2025-06-16
SH0004672,OPP000852,Demo,2025-07-25
SH0004673,OPP000852,Closed Lost,2025-09-02
SH0004674,OPP000853,Prospecting,2024-11-29
SH0004675,OPP000853,Discovery,2024-12-10
SH0004676,OPP000853,Demo,2024-12-21
SH0004677,OPP000853,Proposal,2025-01-01
SH0004678,OPP000853,Negotiation,2025-01-12
SH0004679,OPP000853,Closed Won,2025-01-23
SH0004680,OPP000854,Prospecting,2025-08-04
SH0004681,OPP000854,Discovery,2025-08-07
SH0004682,OPP000854,Demo,2025-08-10
SH0004683,OPP000854,Proposal,2025-08-13
SH0004684,OPP000854,Negotiation,2025-08-16
SH0004685,OPP000854,Closed Won,2025-08-19
SH0004686,OPP000855,Prospecting,2024-01-11
SH0004687,OPP000855,Discovery,2024-01-19
SH0004688,OPP000855,Demo,2024-01-27
SH0004689,OPP000855,Proposal,2024-02-04
SH0004690,OPP000855,Negotiation,2024-02-12
SH0004691,OPP000855,Closed Lost,2024-02-20
SH0004692,OPP000856,Prospecting,2025-06-11
SH0004693,OPP000856,Demo,2025-07-05
SH0004694,OPP000856,Closed Lost,2025-07-29
SH0004695,OPP000857,Prospecting,2025-11-13
SH0004696,OPP000857,Discovery,2025-11-18
SH0004697,OPP000857,Demo,2025-11-23
SH0004698,OPP000857,Proposal,2025-11-28
SH0004699,OPP000857,Negotiation,2025-12-03
SH0004700,OPP000857,Closed Lost,2025-12-08
SH0004701,OPP000858,Prospecting,2024-12-24
SH0004702,OPP000858,Discovery,2024-12-29
SH0004703,OPP000858,Demo,2025-01-03
SH0004704,OPP000858,Proposal,2025-01-08
SH0004705,OPP000858,Negotiation,2025-01-13
SH0004706,OPP000858,Closed Lost,2025-01-18
SH0004707,OPP000859,Prospecting,2025-08-10
SH0004708,OPP000859,Discovery,2025-08-28
SH0004709,OPP000859,Demo,2025-09-15
SH0004710,OPP000859,Proposal,2025-10-03
SH0004711,OPP000859,Negotiation,2025-10-21
SH0004712,OPP000859,Closed Lost,2025-11-08
SH0004713,OPP000860,Prospecting,2023-09-27
SH0004714,OPP000860,Discovery,2023-10-07
SH0004715,OPP000860,Demo,2023-10-17
SH0004716,OPP000860,Proposal,2023-10-27
SH0004717,OPP000860,Negotiation,2023-11-06
SH0004718,OPP000860,Closed Lost,2023-11-16
SH0004719,OPP000861,Prospecting,2024-05-20
SH0004720,OPP000861,Discovery,2024-06-01
SH0004721,OPP000861,Demo,2024-06-13
SH0004722,OPP000861,Proposal,2024-06-25
SH0004723,OPP000861,Negotiation,2024-07-07
SH0004724,OPP000861,Closed Won,2024-07-19
SH0004725,OPP000862,Prospecting,2025-01-24
SH0004726,OPP000862,Discovery,2025-02-11
SH0004727,OPP000862,Demo,2025-03-01
SH0004728,OPP000862,Proposal,2025-03-19
SH0004729,OPP000862,Negotiation,2025-04-06
SH0004730,OPP000862,Closed Won,2025-04-24
SH0004731,OPP000863,Prospecting,2023-09-15
SH0004732,OPP000863,Discovery,2023-09-22
SH0004733,OPP000863,Demo,2023-09-29
SH0004734,OPP000863,Proposal,2023-10-06
SH0004735,OPP000863,Negotiation,2023-10-13
SH0004736,OPP000863,Closed Won,2023-10-20
SH0004737,OPP000864,Prospecting,2024-06-13
SH0004738,OPP000864,Discovery,2024-07-02
SH0004739,OPP000864,Demo,2024-07-21
SH0004740,OPP000864,Proposal,2024-08-09
SH0004741,OPP000864,Negotiation,2024-08-28
SH0004742,OPP000864,Closed Won,2024-09-16
SH0004743,OPP000865,Prospecting,2025-02-26
SH0004744,OPP000865,Discovery,2025-03-05
SH0004745,OPP000865,Demo,2025-03-12
SH0004746,OPP000865,Proposal,2025-03-19
SH0004747,OPP000865,Negotiation,2025-03-26
SH0004748,OPP000865,Closed Won,2025-04-02
SH0004749,OPP000866,Prospecting,2025-05-19
SH0004750,OPP000866,Discovery,2025-05-26
SH0004751,OPP000866,Demo,2025-06-02
SH0004752,OPP000866,Proposal,2025-06-09
SH0004753,OPP000866,Negotiation,2025-06-16
SH0004754,OPP000866,Closed Lost,2025-06-23
SH0004755,OPP000867,Prospecting,2023-07-13
SH0004756,OPP000867,Discovery,2023-07-17
SH0004757,OPP000867,Demo,2023-07-21
SH0004758,OPP000867,Proposal,2023-07-25
SH0004759,OPP000867,Negotiation,2023-07-29
SH0004760,OPP000867,Closed Lost,2023-08-02
SH0004761,OPP000868,Prospecting,2023-05-31
SH0004762,OPP000868,Discovery,2023-06-19
SH0004763,OPP000868,Demo,2023-07-08
SH0004764,OPP000868,Proposal,2023-07-27
SH0004765,OPP000868,Negotiation,2023-08-15
SH0004766,OPP000868,Closed Won,2023-09-03
SH0004767,OPP000869,Prospecting,2024-02-06
SH0004768,OPP000869,Discovery,2024-02-21
SH0004769,OPP000869,Demo,2024-03-07
SH0004770,OPP000869,Proposal,2024-03-22
SH0004771,OPP000869,Negotiation,2024-04-06
SH0004772,OPP000869,Closed Lost,2024-04-21
SH0004773,OPP000870,Prospecting,2023-12-05
SH0004774,OPP000870,Discovery,2023-12-15
SH0004775,OPP000870,Demo,2023-12-25
SH0004776,OPP000870,Proposal,2024-01-04
SH0004777,OPP000870,Negotiation,2024-01-14
SH0004778,OPP000870,Closed Won,2024-01-24
SH0004779,OPP000871,Prospecting,2024-09-19
SH0004780,OPP000871,Discovery,2024-10-07
SH0004781,OPP000871,Demo,2024-10-25
SH0004782,OPP000871,Proposal,2024-11-12
SH0004783,OPP000871,Negotiation,2024-11-30
SH0004784,OPP000871,Closed Won,2024-12-18
SH0004785,OPP000872,Prospecting,2024-12-24
SH0004786,OPP000872,Discovery,2024-12-28
SH0004787,OPP000872,Demo,2025-01-01
SH0004788,OPP000872,Proposal,2025-01-05
SH0004789,OPP000872,Negotiation,2025-01-09
SH0004790,OPP000872,Closed Lost,2025-01-13
SH0004791,OPP000873,Prospecting,2025-08-05
SH0004792,OPP000873,Discovery,2025-08-08
SH0004793,OPP000873,Demo,2025-08-11
SH0004794,OPP000873,Proposal,2025-08-14
SH0004795,OPP000873,Negotiation,2025-08-17
SH0004796,OPP000873,Closed Won,2025-08-20
SH0004797,OPP000874,Prospecting,2023-05-31
SH0004798,OPP000874,Discovery,2023-06-19
SH0004799,OPP000874,Demo,2023-07-08
SH0004800,OPP000874,Proposal,2023-07-27
SH0004801,OPP000874,Negotiation,2023-08-15
SH0004802,OPP000874,Closed Won,2023-09-03
SH0004803,OPP000875,Prospecting,2023-02-08
SH0004804,OPP000875,Discovery,2023-02-22
SH0004805,OPP000875,Demo,2023-03-08
SH0004806,OPP000875,Proposal,2023-03-22
SH0004807,OPP000875,Negotiation,2023-04-05
SH0004808,OPP000875,Closed Won,2023-04-19
SH0004809,OPP000876,Prospecting,2025-02-23
SH0004810,OPP000876,Discovery,2025-03-03
SH0004811,OPP000876,Demo,2025-03-11
SH0004812,OPP000876,Proposal,2025-03-19
SH0004813,OPP000876,Negotiation,2025-03-27
SH0004814,OPP000876,Closed Lost,2025-04-04
SH0004815,OPP000877,Prospecting,2023-07-11
SH0004816,OPP000877,Discovery,2023-07-23
SH0004817,OPP000877,Demo,2023-08-04
SH0004818,OPP000877,Proposal,2023-08-16
SH0004819,OPP000877,Negotiation,2023-08-28
SH0004820,OPP000877,Closed Lost,2023-09-09
SH0004821,OPP000878,Prospecting,2026-03-07
SH0004822,OPP000878,Discovery,2026-03-18
SH0004823,OPP000878,Demo,2026-03-29
SH0004824,OPP000878,Proposal,2026-04-09
SH0004825,OPP000878,Negotiation,2026-04-20
SH0004826,OPP000878,Closed Lost,2026-05-01
SH0004827,OPP000879,Prospecting,2023-10-17
SH0004828,OPP000879,Discovery,2023-10-23
SH0004829,OPP000879,Demo,2023-10-29
SH0004830,OPP000879,Proposal,2023-11-04
SH0004831,OPP000879,Negotiation,2023-11-10
SH0004832,OPP000879,Closed Won,2023-11-16
SH0004833,OPP000880,Prospecting,2024-06-19
SH0004834,OPP000880,Discovery,2024-07-02
SH0004835,OPP000880,Demo,2024-07-15
SH0004836,OPP000880,Proposal,2024-07-28
SH0004837,OPP000880,Negotiation,2024-08-10
SH0004838,OPP000880,Closed Won,2024-08-23
SH0004839,OPP000881,Prospecting,2025-02-09
SH0004840,OPP000881,Discovery,2025-02-12
SH0004841,OPP000881,Demo,2025-02-15
SH0004842,OPP000881,Proposal,2025-02-18
SH0004843,OPP000881,Negotiation,2025-02-21
SH0004844,OPP000881,Closed Won,2025-02-24
SH0004845,OPP000882,Prospecting,2025-02-23
SH0004846,OPP000882,Discovery,2025-03-11
SH0004847,OPP000882,Demo,2025-03-27
SH0004848,OPP000882,Proposal,2025-04-12
SH0004849,OPP000882,Negotiation,2025-04-28
SH0004850,OPP000882,Closed Lost,2025-05-14
SH0004851,OPP000883,Prospecting,2024-10-29
SH0004852,OPP000883,Discovery,2024-11-01
SH0004853,OPP000883,Demo,2024-11-04
SH0004854,OPP000883,Proposal,2024-11-07
SH0004855,OPP000883,Negotiation,2024-11-10
SH0004856,OPP000883,Closed Lost,2024-11-13
SH0004857,OPP000884,Prospecting,2025-06-22
SH0004858,OPP000884,Discovery,2025-07-10
SH0004859,OPP000884,Demo,2025-07-28
SH0004860,OPP000884,Proposal,2025-08-15
SH0004861,OPP000884,Negotiation,2025-09-02
SH0004862,OPP000884,Closed Lost,2025-09-20
SH0004863,OPP000885,Prospecting,2026-04-27
SH0004864,OPP000885,Discovery,2026-05-20
SH0004865,OPP000885,Demo,2026-06-12
SH0004866,OPP000885,Proposal,2026-07-05
SH0004867,OPP000886,Prospecting,2025-07-22
SH0004868,OPP000886,Discovery,2025-08-01
SH0004869,OPP000886,Demo,2025-08-11
SH0004870,OPP000886,Proposal,2025-08-21
SH0004871,OPP000886,Negotiation,2025-08-31
SH0004872,OPP000886,Closed Lost,2025-09-10
SH0004873,OPP000887,Prospecting,2026-03-29
SH0004874,OPP000887,Discovery,2026-04-19
SH0004875,OPP000887,Demo,2026-05-10
SH0004876,OPP000887,Proposal,2026-05-31
SH0004877,OPP000887,Negotiation,2026-06-21
SH0004878,OPP000888,Prospecting,2025-07-04
SH0004879,OPP000888,Discovery,2025-07-17
SH0004880,OPP000888,Demo,2025-07-30
SH0004881,OPP000888,Proposal,2025-08-12
SH0004882,OPP000888,Negotiation,2025-08-25
SH0004883,OPP000888,Closed Lost,2025-09-07
SH0004884,OPP000889,Prospecting,2026-02-14
SH0004885,OPP000889,Discovery,2026-02-25
SH0004886,OPP000889,Demo,2026-03-08
SH0004887,OPP000889,Proposal,2026-03-19
SH0004888,OPP000889,Negotiation,2026-03-30
SH0004889,OPP000889,Closed Won,2026-04-10
SH0004890,OPP000890,Prospecting,2024-08-16
SH0004891,OPP000890,Discovery,2024-08-18
SH0004892,OPP000890,Demo,2024-08-20
SH0004893,OPP000890,Proposal,2024-08-22
SH0004894,OPP000890,Negotiation,2024-08-24
SH0004895,OPP000890,Closed Won,2024-08-26
SH0004896,OPP000891,Prospecting,2023-04-03
SH0004897,OPP000891,Discovery,2023-04-11
SH0004898,OPP000891,Demo,2023-04-19
SH0004899,OPP000891,Proposal,2023-04-27
SH0004900,OPP000891,Negotiation,2023-05-05
SH0004901,OPP000891,Closed Won,2023-05-13
SH0004902,OPP000892,Prospecting,2023-12-31
SH0004903,OPP000892,Discovery,2024-01-12
SH0004904,OPP000892,Demo,2024-01-24
SH0004905,OPP000892,Proposal,2024-02-05
SH0004906,OPP000892,Negotiation,2024-02-17
SH0004907,OPP000892,Closed Won,2024-02-29
SH0004908,OPP000893,Prospecting,2023-08-16
SH0004909,OPP000893,Discovery,2023-08-18
SH0004910,OPP000893,Demo,2023-08-20
SH0004911,OPP000893,Proposal,2023-08-22
SH0004912,OPP000893,Negotiation,2023-08-24
SH0004913,OPP000893,Closed Lost,2023-08-26
SH0004914,OPP000894,Prospecting,2024-04-08
SH0004915,OPP000894,Discovery,2024-04-21
SH0004916,OPP000894,Demo,2024-05-04
SH0004917,OPP000894,Proposal,2024-05-17
SH0004918,OPP000894,Negotiation,2024-05-30
SH0004919,OPP000894,Closed Lost,2024-06-12
SH0004920,OPP000895,Prospecting,2025-05-29
SH0004921,OPP000895,Discovery,2025-06-09
SH0004922,OPP000895,Demo,2025-06-20
SH0004923,OPP000895,Proposal,2025-07-01
SH0004924,OPP000895,Negotiation,2025-07-12
SH0004925,OPP000895,Closed Won,2025-07-23
SH0004926,OPP000896,Prospecting,2024-11-29
SH0004927,OPP000896,Discovery,2024-12-04
SH0004928,OPP000896,Demo,2024-12-09
SH0004929,OPP000896,Proposal,2024-12-14
SH0004930,OPP000896,Negotiation,2024-12-19
SH0004931,OPP000896,Closed Lost,2024-12-24
SH0004932,OPP000897,Prospecting,2025-07-16
SH0004933,OPP000897,Discovery,2025-07-27
SH0004934,OPP000897,Demo,2025-08-07
SH0004935,OPP000897,Proposal,2025-08-18
SH0004936,OPP000897,Negotiation,2025-08-29
SH0004937,OPP000897,Closed Won,2025-09-09
SH0004938,OPP000898,Prospecting,2025-11-24
SH0004939,OPP000898,Discovery,2025-11-30
SH0004940,OPP000898,Demo,2025-12-06
SH0004941,OPP000898,Proposal,2025-12-12
SH0004942,OPP000898,Negotiation,2025-12-18
SH0004943,OPP000898,Closed Lost,2025-12-24
SH0004944,OPP000899,Prospecting,2024-05-06
SH0004945,OPP000899,Discovery,2024-05-19
SH0004946,OPP000899,Demo,2024-06-01
SH0004947,OPP000899,Proposal,2024-06-14
SH0004948,OPP000899,Negotiation,2024-06-27
SH0004949,OPP000899,Closed Won,2024-07-10
SH0004950,OPP000900,Prospecting,2025-01-31
SH0004951,OPP000900,Discovery,2025-02-15
SH0004952,OPP000900,Demo,2025-03-02
SH0004953,OPP000900,Proposal,2025-03-17
SH0004954,OPP000900,Negotiation,2025-04-01
SH0004955,OPP000900,Closed Lost,2025-04-16
SH0004956,OPP000901,Prospecting,2025-04-17
SH0004957,OPP000901,Discovery,2025-05-05
SH0004958,OPP000901,Demo,2025-05-23
SH0004959,OPP000901,Proposal,2025-06-10
SH0004960,OPP000901,Negotiation,2025-06-28
SH0004961,OPP000901,Closed Won,2025-07-16
SH0004962,OPP000902,Prospecting,2025-06-04
SH0004963,OPP000902,Discovery,2025-06-10
SH0004964,OPP000902,Demo,2025-06-16
SH0004965,OPP000902,Proposal,2025-06-22
SH0004966,OPP000902,Negotiation,2025-06-28
SH0004967,OPP000902,Closed Lost,2025-07-04
SH0004968,OPP000903,Prospecting,2025-04-01
SH0004969,OPP000903,Discovery,2025-04-13
SH0004970,OPP000903,Demo,2025-04-25
SH0004971,OPP000903,Proposal,2025-05-07
SH0004972,OPP000903,Negotiation,2025-05-19
SH0004973,OPP000903,Closed Won,2025-05-31
SH0004974,OPP000904,Prospecting,2023-07-06
SH0004975,OPP000904,Discovery,2023-07-11
SH0004976,OPP000904,Demo,2023-07-16
SH0004977,OPP000904,Proposal,2023-07-21
SH0004978,OPP000904,Negotiation,2023-07-26
SH0004979,OPP000904,Closed Lost,2023-07-31
SH0004980,OPP000905,Prospecting,2024-10-22
SH0004981,OPP000905,Discovery,2024-11-02
SH0004982,OPP000905,Demo,2024-11-13
SH0004983,OPP000905,Proposal,2024-11-24
SH0004984,OPP000905,Negotiation,2024-12-05
SH0004985,OPP000905,Closed Lost,2024-12-16
SH0004986,OPP000906,Prospecting,2026-06-13
SH0004987,OPP000906,Discovery,2026-06-18
SH0004988,OPP000906,Demo,2026-06-23
SH0004989,OPP000906,Proposal,2026-06-28
SH0004990,OPP000907,Prospecting,2025-11-12
SH0004991,OPP000907,Discovery,2025-11-15
SH0004992,OPP000907,Demo,2025-11-18
SH0004993,OPP000907,Proposal,2025-11-21
SH0004994,OPP000907,Negotiation,2025-11-24
SH0004995,OPP000907,Closed Won,2025-11-27
SH0004996,OPP000908,Prospecting,2026-06-25
SH0004997,OPP000908,Discovery,2026-08-13
SH0004998,OPP000909,Prospecting,2025-02-24
SH0004999,OPP000909,Discovery,2025-03-07
SH0005000,OPP000909,Demo,2025-03-18
SH0005001,OPP000909,Proposal,2025-03-29
SH0005002,OPP000909,Negotiation,2025-04-09
SH0005003,OPP000909,Closed Won,2025-04-20
SH0005004,OPP000910,Prospecting,2023-03-03
SH0005005,OPP000910,Discovery,2023-03-08
SH0005006,OPP000910,Demo,2023-03-13
SH0005007,OPP000910,Proposal,2023-03-18
SH0005008,OPP000910,Negotiation,2023-03-23
SH0005009,OPP000910,Closed Won,2023-03-28
SH0005010,OPP000911,Prospecting,2023-10-24
SH0005011,OPP000911,Discovery,2023-11-03
SH0005012,OPP000911,Demo,2023-11-13
SH0005013,OPP000911,Proposal,2023-11-23
SH0005014,OPP000911,Negotiation,2023-12-03
SH0005015,OPP000911,Closed Won,2023-12-13
SH0005016,OPP000912,Prospecting,2024-03-29
SH0005017,OPP000912,Demo,2024-04-13
SH0005018,OPP000912,Closed Lost,2024-04-28
SH0005019,OPP000913,Prospecting,2025-03-27
SH0005020,OPP000913,Discovery,2025-04-10
SH0005021,OPP000913,Demo,2025-04-24
SH0005022,OPP000913,Proposal,2025-05-08
SH0005023,OPP000913,Negotiation,2025-05-22
SH0005024,OPP000913,Closed Lost,2025-06-05
SH0005025,OPP000914,Prospecting,2025-12-08
SH0005026,OPP000914,Discovery,2025-12-26
SH0005027,OPP000914,Demo,2026-01-13
SH0005028,OPP000914,Proposal,2026-01-31
SH0005029,OPP000914,Negotiation,2026-02-18
SH0005030,OPP000914,Closed Won,2026-03-08
SH0005031,OPP000915,Prospecting,2026-06-07
SH0005032,OPP000915,Discovery,2026-06-18
SH0005033,OPP000915,Demo,2026-06-29
SH0005034,OPP000915,Proposal,2026-07-10
SH0005035,OPP000915,Negotiation,2026-07-21
SH0005036,OPP000916,Prospecting,2024-08-23
SH0005037,OPP000916,Demo,2024-09-12
SH0005038,OPP000916,Closed Lost,2024-10-02
SH0005039,OPP000917,Prospecting,2025-04-23
SH0005040,OPP000917,Demo,2025-05-01
SH0005041,OPP000917,Closed Won,2025-05-09
SH0005042,OPP000918,Prospecting,2023-05-02
SH0005043,OPP000918,Discovery,2023-05-15
SH0005044,OPP000918,Demo,2023-05-28
SH0005045,OPP000918,Proposal,2023-06-10
SH0005046,OPP000918,Negotiation,2023-06-23
SH0005047,OPP000918,Closed Lost,2023-07-06
SH0005048,OPP000919,Prospecting,2024-01-21
SH0005049,OPP000919,Discovery,2024-02-06
SH0005050,OPP000919,Demo,2024-02-22
SH0005051,OPP000919,Proposal,2024-03-09
SH0005052,OPP000919,Negotiation,2024-03-25
SH0005053,OPP000919,Closed Lost,2024-04-10
SH0005054,OPP000920,Prospecting,2024-05-09
SH0005055,OPP000920,Discovery,2024-05-23
SH0005056,OPP000920,Demo,2024-06-06
SH0005057,OPP000920,Proposal,2024-06-20
SH0005058,OPP000920,Negotiation,2024-07-04
SH0005059,OPP000920,Closed Won,2024-07-18
SH0005060,OPP000921,Prospecting,2026-04-05
SH0005061,OPP000921,Discovery,2026-04-17
SH0005062,OPP000921,Demo,2026-04-29
SH0005063,OPP000921,Proposal,2026-05-11
SH0005064,OPP000921,Negotiation,2026-05-23
SH0005065,OPP000921,Closed Won,2026-06-04
SH0005066,OPP000922,Prospecting,2023-08-26
SH0005067,OPP000922,Discovery,2023-09-05
SH0005068,OPP000922,Demo,2023-09-15
SH0005069,OPP000922,Proposal,2023-09-25
SH0005070,OPP000922,Negotiation,2023-10-05
SH0005071,OPP000922,Closed Lost,2023-10-15
SH0005072,OPP000923,Prospecting,2023-04-23
SH0005073,OPP000923,Discovery,2023-04-27
SH0005074,OPP000923,Demo,2023-05-01
SH0005075,OPP000923,Proposal,2023-05-05
SH0005076,OPP000923,Negotiation,2023-05-09
SH0005077,OPP000923,Closed Won,2023-05-13
SH0005078,OPP000924,Prospecting,2023-05-07
SH0005079,OPP000924,Demo,2023-06-09
SH0005080,OPP000924,Closed Lost,2023-07-12
SH0005081,OPP000925,Prospecting,2025-07-17
SH0005082,OPP000925,Discovery,2025-07-26
SH0005083,OPP000925,Demo,2025-08-04
SH0005084,OPP000925,Proposal,2025-08-13
SH0005085,OPP000925,Negotiation,2025-08-22
SH0005086,OPP000925,Closed Won,2025-08-31
SH0005087,OPP000926,Prospecting,2025-05-27
SH0005088,OPP000926,Discovery,2025-05-30
SH0005089,OPP000926,Demo,2025-06-02
SH0005090,OPP000926,Proposal,2025-06-05
SH0005091,OPP000926,Negotiation,2025-06-08
SH0005092,OPP000926,Closed Won,2025-06-11
SH0005093,OPP000927,Prospecting,2024-12-27
SH0005094,OPP000927,Discovery,2025-01-09
SH0005095,OPP000927,Demo,2025-01-22
SH0005096,OPP000927,Proposal,2025-02-04
SH0005097,OPP000927,Negotiation,2025-02-17
SH0005098,OPP000927,Closed Won,2025-03-02
SH0005099,OPP000928,Prospecting,2024-02-13
SH0005100,OPP000928,Discovery,2024-03-02
SH0005101,OPP000928,Demo,2024-03-20
SH0005102,OPP000928,Proposal,2024-04-07
SH0005103,OPP000928,Negotiation,2024-04-25
SH0005104,OPP000928,Closed Lost,2024-05-13
SH0005105,OPP000929,Prospecting,2024-11-06
SH0005106,OPP000929,Discovery,2024-11-10
SH0005107,OPP000929,Demo,2024-11-14
SH0005108,OPP000929,Proposal,2024-11-18
SH0005109,OPP000929,Negotiation,2024-11-22
SH0005110,OPP000929,Closed Lost,2024-11-26
SH0005111,OPP000930,Prospecting,2023-04-10
SH0005112,OPP000930,Discovery,2023-04-13
SH0005113,OPP000930,Demo,2023-04-16
SH0005114,OPP000930,Proposal,2023-04-19
SH0005115,OPP000930,Negotiation,2023-04-22
SH0005116,OPP000930,Closed Lost,2023-04-25
SH0005117,OPP000931,Prospecting,2026-06-12
SH0005118,OPP000931,Discovery,2026-06-30
SH0005119,OPP000932,Prospecting,2024-03-09
SH0005120,OPP000932,Demo,2024-03-23
SH0005121,OPP000932,Closed Won,2024-04-06
SH0005122,OPP000933,Prospecting,2024-12-07
SH0005123,OPP000933,Discovery,2024-12-17
SH0005124,OPP000933,Demo,2024-12-27
SH0005125,OPP000933,Proposal,2025-01-06
SH0005126,OPP000933,Negotiation,2025-01-16
SH0005127,OPP000933,Closed Lost,2025-01-26
SH0005128,OPP000934,Prospecting,2024-04-21
SH0005129,OPP000934,Discovery,2024-05-06
SH0005130,OPP000934,Demo,2024-05-21
SH0005131,OPP000934,Proposal,2024-06-05
SH0005132,OPP000934,Negotiation,2024-06-20
SH0005133,OPP000934,Closed Won,2024-07-05
SH0005134,OPP000935,Prospecting,2024-12-26
SH0005135,OPP000935,Discovery,2025-01-01
SH0005136,OPP000935,Demo,2025-01-07
SH0005137,OPP000935,Proposal,2025-01-13
SH0005138,OPP000935,Negotiation,2025-01-19
SH0005139,OPP000935,Closed Won,2025-01-25
SH0005140,OPP000936,Prospecting,2023-01-23
SH0005141,OPP000936,Discovery,2023-02-04
SH0005142,OPP000936,Demo,2023-02-16
SH0005143,OPP000936,Proposal,2023-02-28
SH0005144,OPP000936,Negotiation,2023-03-12
SH0005145,OPP000936,Closed Lost,2023-03-24
SH0005146,OPP000937,Prospecting,2025-01-10
SH0005147,OPP000937,Demo,2025-02-10
SH0005148,OPP000937,Closed Lost,2025-03-13
SH0005149,OPP000938,Prospecting,2026-03-05
SH0005150,OPP000938,Discovery,2026-03-13
SH0005151,OPP000938,Demo,2026-03-21
SH0005152,OPP000938,Proposal,2026-03-29
SH0005153,OPP000938,Negotiation,2026-04-06
SH0005154,OPP000938,Closed Won,2026-04-14
SH0005155,OPP000939,Prospecting,2023-09-10
SH0005156,OPP000939,Discovery,2023-09-22
SH0005157,OPP000939,Demo,2023-10-04
SH0005158,OPP000939,Proposal,2023-10-16
SH0005159,OPP000939,Negotiation,2023-10-28
SH0005160,OPP000939,Closed Lost,2023-11-09
SH0005161,OPP000940,Prospecting,2024-04-23
SH0005162,OPP000940,Discovery,2024-04-25
SH0005163,OPP000940,Demo,2024-04-27
SH0005164,OPP000940,Proposal,2024-04-29
SH0005165,OPP000940,Negotiation,2024-05-01
SH0005166,OPP000940,Closed Lost,2024-05-03
SH0005167,OPP000941,Prospecting,2025-06-27
SH0005168,OPP000941,Discovery,2025-07-11
SH0005169,OPP000941,Demo,2025-07-25
SH0005170,OPP000941,Proposal,2025-08-08
SH0005171,OPP000941,Negotiation,2025-08-22
SH0005172,OPP000941,Closed Lost,2025-09-05
SH0005173,OPP000942,Prospecting,2024-05-27
SH0005174,OPP000942,Discovery,2024-06-01
SH0005175,OPP000942,Demo,2024-06-06
SH0005176,OPP000942,Proposal,2024-06-11
SH0005177,OPP000942,Negotiation,2024-06-16
SH0005178,OPP000942,Closed Won,2024-06-21
SH0005179,OPP000943,Prospecting,2024-08-12
SH0005180,OPP000943,Discovery,2024-08-31
SH0005181,OPP000943,Demo,2024-09-19
SH0005182,OPP000943,Proposal,2024-10-08
SH0005183,OPP000943,Negotiation,2024-10-27
SH0005184,OPP000943,Closed Lost,2024-11-15
SH0005185,OPP000944,Prospecting,2025-11-08
SH0005186,OPP000944,Discovery,2025-11-23
SH0005187,OPP000944,Demo,2025-12-08
SH0005188,OPP000944,Proposal,2025-12-23
SH0005189,OPP000944,Negotiation,2026-01-07
SH0005190,OPP000944,Closed Won,2026-01-22
SH0005191,OPP000945,Prospecting,2025-12-29
SH0005192,OPP000945,Discovery,2026-01-03
SH0005193,OPP000945,Demo,2026-01-08
SH0005194,OPP000945,Proposal,2026-01-13
SH0005195,OPP000945,Negotiation,2026-01-18
SH0005196,OPP000945,Closed Lost,2026-01-23
SH0005197,OPP000946,Prospecting,2024-02-29
SH0005198,OPP000946,Discovery,2024-03-09
SH0005199,OPP000946,Demo,2024-03-18
SH0005200,OPP000946,Proposal,2024-03-27
SH0005201,OPP000946,Negotiation,2024-04-05
SH0005202,OPP000946,Closed Won,2024-04-14
SH0005203,OPP000947,Prospecting,2023-07-17
SH0005204,OPP000947,Discovery,2023-07-20
SH0005205,OPP000947,Demo,2023-07-23
SH0005206,OPP000947,Proposal,2023-07-26
SH0005207,OPP000947,Negotiation,2023-07-29
SH0005208,OPP000947,Closed Lost,2023-08-01
SH0005209,OPP000948,Prospecting,2024-03-01
SH0005210,OPP000948,Discovery,2024-03-14
SH0005211,OPP000948,Demo,2024-03-27
SH0005212,OPP000948,Proposal,2024-04-09
SH0005213,OPP000948,Negotiation,2024-04-22
SH0005214,OPP000948,Closed Lost,2024-05-05
SH0005215,OPP000949,Prospecting,2024-12-14
SH0005216,OPP000949,Demo,2025-01-19
SH0005217,OPP000949,Closed Won,2025-02-24
SH0005218,OPP000950,Prospecting,2024-05-19
SH0005219,OPP000950,Discovery,2024-05-28
SH0005220,OPP000950,Demo,2024-06-06
SH0005221,OPP000950,Proposal,2024-06-15
SH0005222,OPP000950,Negotiation,2024-06-24
SH0005223,OPP000950,Closed Lost,2024-07-03
SH0005224,OPP000951,Prospecting,2025-01-09
SH0005225,OPP000951,Discovery,2025-01-24
SH0005226,OPP000951,Demo,2025-02-08
SH0005227,OPP000951,Proposal,2025-02-23
SH0005228,OPP000951,Negotiation,2025-03-10
SH0005229,OPP000951,Closed Lost,2025-03-25
SH0005230,OPP000952,Prospecting,2025-09-11
SH0005231,OPP000952,Discovery,2025-09-23
SH0005232,OPP000952,Demo,2025-10-05
SH0005233,OPP000952,Proposal,2025-10-17
SH0005234,OPP000952,Negotiation,2025-10-29
SH0005235,OPP000952,Closed Lost,2025-11-10
SH0005236,OPP000953,Prospecting,2023-10-23
SH0005237,OPP000953,Discovery,2023-10-27
SH0005238,OPP000953,Demo,2023-10-31
SH0005239,OPP000953,Proposal,2023-11-04
SH0005240,OPP000953,Negotiation,2023-11-08
SH0005241,OPP000953,Closed Lost,2023-11-12
SH0005242,OPP000954,Prospecting,2025-12-28
SH0005243,OPP000954,Discovery,2025-12-31
SH0005244,OPP000954,Demo,2026-01-03
SH0005245,OPP000954,Proposal,2026-01-06
SH0005246,OPP000954,Negotiation,2026-01-09
SH0005247,OPP000954,Closed Won,2026-01-12
SH0005248,OPP000955,Prospecting,2025-08-22
SH0005249,OPP000955,Discovery,2025-08-29
SH0005250,OPP000955,Demo,2025-09-05
SH0005251,OPP000955,Proposal,2025-09-12
SH0005252,OPP000955,Negotiation,2025-09-19
SH0005253,OPP000955,Closed Lost,2025-09-26
SH0005254,OPP000956,Prospecting,2023-11-03
SH0005255,OPP000956,Discovery,2023-11-16
SH0005256,OPP000956,Demo,2023-11-29
SH0005257,OPP000956,Proposal,2023-12-12
SH0005258,OPP000956,Negotiation,2023-12-25
SH0005259,OPP000956,Closed Won,2024-01-07
SH0005260,OPP000957,Prospecting,2025-05-08
SH0005261,OPP000957,Discovery,2025-05-23
SH0005262,OPP000957,Demo,2025-06-07
SH0005263,OPP000957,Proposal,2025-06-22
SH0005264,OPP000957,Negotiation,2025-07-07
SH0005265,OPP000957,Closed Lost,2025-07-22
SH0005266,OPP000958,Prospecting,2026-04-05
SH0005267,OPP000958,Discovery,2026-04-19
SH0005268,OPP000958,Demo,2026-05-03
SH0005269,OPP000958,Proposal,2026-05-17
SH0005270,OPP000958,Negotiation,2026-05-31
SH0005271,OPP000958,Closed Lost,2026-06-14
SH0005272,OPP000959,Prospecting,2025-08-21
SH0005273,OPP000959,Discovery,2025-09-03
SH0005274,OPP000959,Demo,2025-09-16
SH0005275,OPP000959,Proposal,2025-09-29
SH0005276,OPP000959,Negotiation,2025-10-12
SH0005277,OPP000959,Closed Lost,2025-10-25
SH0005278,OPP000960,Prospecting,2023-05-25
SH0005279,OPP000960,Discovery,2023-06-04
SH0005280,OPP000960,Demo,2023-06-14
SH0005281,OPP000960,Proposal,2023-06-24
SH0005282,OPP000960,Negotiation,2023-07-04
SH0005283,OPP000960,Closed Lost,2023-07-14
SH0005284,OPP000961,Prospecting,2024-02-10
SH0005285,OPP000961,Discovery,2024-02-26
SH0005286,OPP000961,Demo,2024-03-13
SH0005287,OPP000961,Proposal,2024-03-29
SH0005288,OPP000961,Negotiation,2024-04-14
SH0005289,OPP000961,Closed Lost,2024-04-30
SH0005290,OPP000962,Prospecting,2025-04-22
SH0005291,OPP000962,Discovery,2025-04-24
SH0005292,OPP000962,Demo,2025-04-26
SH0005293,OPP000962,Proposal,2025-04-28
SH0005294,OPP000962,Negotiation,2025-04-30
SH0005295,OPP000962,Closed Lost,2025-05-02
SH0005296,OPP000963,Prospecting,2024-03-29
SH0005297,OPP000963,Discovery,2024-04-07
SH0005298,OPP000963,Demo,2024-04-16
SH0005299,OPP000963,Proposal,2024-04-25
SH0005300,OPP000963,Negotiation,2024-05-04
SH0005301,OPP000963,Closed Won,2024-05-13
SH0005302,OPP000964,Prospecting,2024-11-05
SH0005303,OPP000964,Discovery,2024-11-17
SH0005304,OPP000964,Demo,2024-11-29
SH0005305,OPP000964,Proposal,2024-12-11
SH0005306,OPP000964,Negotiation,2024-12-23
SH0005307,OPP000964,Closed Won,2025-01-04
SH0005308,OPP000965,Prospecting,2025-08-19
SH0005309,OPP000965,Discovery,2025-08-27
SH0005310,OPP000965,Demo,2025-09-04
SH0005311,OPP000965,Proposal,2025-09-12
SH0005312,OPP000965,Negotiation,2025-09-20
SH0005313,OPP000965,Closed Won,2025-09-28
SH0005314,OPP000966,Prospecting,2025-11-08
SH0005315,OPP000966,Discovery,2025-11-27
SH0005316,OPP000966,Demo,2025-12-16
SH0005317,OPP000966,Proposal,2026-01-04
SH0005318,OPP000966,Negotiation,2026-01-23
SH0005319,OPP000966,Closed Won,2026-02-11
SH0005320,OPP000967,Prospecting,2024-01-16
SH0005321,OPP000967,Discovery,2024-01-30
SH0005322,OPP000967,Demo,2024-02-13
SH0005323,OPP000967,Proposal,2024-02-27
SH0005324,OPP000967,Negotiation,2024-03-12
SH0005325,OPP000967,Closed Lost,2024-03-26
SH0005326,OPP000968,Prospecting,2024-10-04
SH0005327,OPP000968,Discovery,2024-10-15
SH0005328,OPP000968,Demo,2024-10-26
SH0005329,OPP000968,Proposal,2024-11-06
SH0005330,OPP000968,Negotiation,2024-11-17
SH0005331,OPP000968,Closed Won,2024-11-28
SH0005332,OPP000969,Prospecting,2023-04-07
SH0005333,OPP000969,Discovery,2023-04-25
SH0005334,OPP000969,Demo,2023-05-13
SH0005335,OPP000969,Proposal,2023-05-31
SH0005336,OPP000969,Negotiation,2023-06-18
SH0005337,OPP000969,Closed Lost,2023-07-06
SH0005338,OPP000970,Prospecting,2023-12-15
SH0005339,OPP000970,Discovery,2023-12-24
SH0005340,OPP000970,Demo,2024-01-02
SH0005341,OPP000970,Proposal,2024-01-11
SH0005342,OPP000970,Negotiation,2024-01-20
SH0005343,OPP000970,Closed Won,2024-01-29
SH0005344,OPP000971,Prospecting,2025-04-23
SH0005345,OPP000971,Discovery,2025-04-26
SH0005346,OPP000971,Demo,2025-04-29
SH0005347,OPP000971,Proposal,2025-05-02
SH0005348,OPP000971,Negotiation,2025-05-05
SH0005349,OPP000971,Closed Lost,2025-05-08
SH0005350,OPP000972,Prospecting,2025-08-19
SH0005351,OPP000972,Discovery,2025-08-31
SH0005352,OPP000972,Demo,2025-09-12
SH0005353,OPP000972,Proposal,2025-09-24
SH0005354,OPP000972,Negotiation,2025-10-06
SH0005355,OPP000972,Closed Lost,2025-10-18
SH0005356,OPP000973,Prospecting,2024-07-06
SH0005357,OPP000973,Discovery,2024-07-15
SH0005358,OPP000973,Demo,2024-07-24
SH0005359,OPP000973,Proposal,2024-08-02
SH0005360,OPP000973,Negotiation,2024-08-11
SH0005361,OPP000973,Closed Lost,2024-08-20
SH0005362,OPP000974,Prospecting,2025-02-17
SH0005363,OPP000974,Discovery,2025-03-01
SH0005364,OPP000974,Demo,2025-03-13
SH0005365,OPP000974,Proposal,2025-03-25
SH0005366,OPP000974,Negotiation,2025-04-06
SH0005367,OPP000974,Closed Won,2025-04-18
SH0005368,OPP000975,Prospecting,2025-07-28
SH0005369,OPP000975,Discovery,2025-07-30
SH0005370,OPP000975,Demo,2025-08-01
SH0005371,OPP000975,Proposal,2025-08-03
SH0005372,OPP000975,Negotiation,2025-08-05
SH0005373,OPP000975,Closed Won,2025-08-07
SH0005374,OPP000976,Prospecting,2026-02-14
SH0005375,OPP000976,Discovery,2026-02-25
SH0005376,OPP000976,Demo,2026-03-08
SH0005377,OPP000976,Proposal,2026-03-19
SH0005378,OPP000976,Negotiation,2026-03-30
SH0005379,OPP000976,Closed Lost,2026-04-10
SH0005380,OPP000977,Prospecting,2025-04-21
SH0005381,OPP000977,Discovery,2025-04-27
SH0005382,OPP000977,Demo,2025-05-03
SH0005383,OPP000977,Proposal,2025-05-09
SH0005384,OPP000977,Negotiation,2025-05-15
SH0005385,OPP000977,Closed Lost,2025-05-21
SH0005386,OPP000978,Prospecting,2025-11-08
SH0005387,OPP000978,Discovery,2025-11-15
SH0005388,OPP000978,Demo,2025-11-22
SH0005389,OPP000978,Proposal,2025-11-29
SH0005390,OPP000978,Negotiation,2025-12-06
SH0005391,OPP000978,Closed Won,2025-12-13
SH0005392,OPP000979,Prospecting,2026-01-22
SH0005393,OPP000979,Discovery,2026-02-02
SH0005394,OPP000979,Demo,2026-02-13
SH0005395,OPP000979,Proposal,2026-02-24
SH0005396,OPP000979,Negotiation,2026-03-07
SH0005397,OPP000979,Closed Lost,2026-03-18
SH0005398,OPP000980,Prospecting,2023-05-12
SH0005399,OPP000980,Discovery,2023-05-18
SH0005400,OPP000980,Demo,2023-05-24
SH0005401,OPP000980,Proposal,2023-05-30
SH0005402,OPP000980,Negotiation,2023-06-05
SH0005403,OPP000980,Closed Lost,2023-06-11
SH0005404,OPP000981,Prospecting,2024-12-09
SH0005405,OPP000981,Discovery,2024-12-13
SH0005406,OPP000981,Demo,2024-12-17
SH0005407,OPP000981,Proposal,2024-12-21
SH0005408,OPP000981,Negotiation,2024-12-25
SH0005409,OPP000981,Closed Lost,2024-12-29
SH0005410,OPP000982,Prospecting,2025-08-25
SH0005411,OPP000982,Discovery,2025-08-27
SH0005412,OPP000982,Demo,2025-08-29
SH0005413,OPP000982,Proposal,2025-08-31
SH0005414,OPP000982,Negotiation,2025-09-02
SH0005415,OPP000982,Closed Lost,2025-09-04
SH0005416,OPP000983,Prospecting,2024-11-19
SH0005417,OPP000983,Discovery,2024-12-02
SH0005418,OPP000983,Demo,2024-12-15
SH0005419,OPP000983,Proposal,2024-12-28
SH0005420,OPP000983,Negotiation,2025-01-10
SH0005421,OPP000983,Closed Lost,2025-01-23
SH0005422,OPP000984,Prospecting,2025-08-12
SH0005423,OPP000984,Discovery,2025-08-19
SH0005424,OPP000984,Demo,2025-08-26
SH0005425,OPP000984,Proposal,2025-09-02
SH0005426,OPP000984,Negotiation,2025-09-09
SH0005427,OPP000984,Closed Lost,2025-09-16
SH0005428,OPP000985,Prospecting,2024-11-07
SH0005429,OPP000985,Discovery,2024-11-24
SH0005430,OPP000985,Demo,2024-12-11
SH0005431,OPP000985,Proposal,2024-12-28
SH0005432,OPP000985,Negotiation,2025-01-14
SH0005433,OPP000985,Closed Lost,2025-01-31
SH0005434,OPP000986,Prospecting,2024-08-26
SH0005435,OPP000986,Discovery,2024-09-02
SH0005436,OPP000986,Demo,2024-09-09
SH0005437,OPP000986,Proposal,2024-09-16
SH0005438,OPP000986,Negotiation,2024-09-23
SH0005439,OPP000986,Closed Won,2024-09-30
SH0005440,OPP000987,Prospecting,2025-04-16
SH0005441,OPP000987,Discovery,2025-05-01
SH0005442,OPP000987,Demo,2025-05-16
SH0005443,OPP000987,Proposal,2025-05-31
SH0005444,OPP000987,Negotiation,2025-06-15
SH0005445,OPP000987,Closed Lost,2025-06-30
SH0005446,OPP000988,Prospecting,2023-08-14
SH0005447,OPP000988,Discovery,2023-08-19
SH0005448,OPP000988,Demo,2023-08-24
SH0005449,OPP000988,Proposal,2023-08-29
SH0005450,OPP000988,Negotiation,2023-09-03
SH0005451,OPP000988,Closed Won,2023-09-08
SH0005452,OPP000989,Prospecting,2025-10-29
SH0005453,OPP000989,Discovery,2025-11-03
SH0005454,OPP000989,Demo,2025-11-08
SH0005455,OPP000989,Proposal,2025-11-13
SH0005456,OPP000989,Negotiation,2025-11-18
SH0005457,OPP000989,Closed Lost,2025-11-23
SH0005458,OPP000990,Prospecting,2023-02-22
SH0005459,OPP000990,Discovery,2023-03-04
SH0005460,OPP000990,Demo,2023-03-14
SH0005461,OPP000990,Proposal,2023-03-24
SH0005462,OPP000990,Negotiation,2023-04-03
SH0005463,OPP000990,Closed Lost,2023-04-13
SH0005464,OPP000991,Prospecting,2025-03-15
SH0005465,OPP000991,Discovery,2025-03-20
SH0005466,OPP000991,Demo,2025-03-25
SH0005467,OPP000991,Proposal,2025-03-30
SH0005468,OPP000991,Negotiation,2025-04-04
SH0005469,OPP000991,Closed Lost,2025-04-09
SH0005470,OPP000992,Prospecting,2024-11-25
SH0005471,OPP000992,Demo,2024-12-14
SH0005472,OPP000992,Closed Lost,2025-01-02
SH0005473,OPP000993,Prospecting,2023-05-18
SH0005474,OPP000993,Discovery,2023-05-22
SH0005475,OPP000993,Demo,2023-05-26
SH0005476,OPP000993,Proposal,2023-05-30
SH0005477,OPP000993,Negotiation,2023-06-03
SH0005478,OPP000993,Closed Won,2023-06-07
SH0005479,OPP000994,Prospecting,2023-05-17
SH0005480,OPP000994,Discovery,2023-05-26
SH0005481,OPP000994,Demo,2023-06-04
SH0005482,OPP000994,Proposal,2023-06-13
SH0005483,OPP000994,Negotiation,2023-06-22
SH0005484,OPP000994,Closed Lost,2023-07-01
SH0005485,OPP000995,Prospecting,2024-02-28
SH0005486,OPP000995,Discovery,2024-03-07
SH0005487,OPP000995,Demo,2024-03-15
SH0005488,OPP000995,Proposal,2024-03-23
SH0005489,OPP000995,Negotiation,2024-03-31
SH0005490,OPP000995,Closed Lost,2024-04-08
SH0005491,OPP000996,Prospecting,2024-06-02
SH0005492,OPP000996,Discovery,2024-06-10
SH0005493,OPP000996,Demo,2024-06-18
SH0005494,OPP000996,Proposal,2024-06-26
SH0005495,OPP000996,Negotiation,2024-07-04
SH0005496,OPP000996,Closed Won,2024-07-12
SH0005497,OPP000997,Prospecting,2025-01-28
SH0005498,OPP000997,Demo,2025-02-04
SH0005499,OPP000997,Closed Won,2025-02-11
SH0005500,OPP000998,Prospecting,2024-01-07
SH0005501,OPP000998,Discovery,2024-01-19
SH0005502,OPP000998,Demo,2024-01-31
SH0005503,OPP000998,Proposal,2024-02-12
SH0005504,OPP000998,Negotiation,2024-02-24
SH0005505,OPP000998,Closed Lost,2024-03-07
SH0005506,OPP000999,Prospecting,2023-07-12
SH0005507,OPP000999,Discovery,2023-07-18
SH0005508,OPP000999,Demo,2023-07-24
SH0005509,OPP000999,Proposal,2023-07-30
SH0005510,OPP000999,Negotiation,2023-08-05
SH0005511,OPP000999,Closed Won,2023-08-11
SH0005512,OPP001000,Prospecting,2024-03-19
SH0005513,OPP001000,Discovery,2024-03-29
SH0005514,OPP001000,Demo,2024-04-08
SH0005515,OPP001000,Proposal,2024-04-18
SH0005516,OPP001000,Negotiation,2024-04-28
SH0005517,OPP001000,Closed Won,2024-05-08
SH0005518,OPP001001,Prospecting,2026-03-27
SH0005519,OPP001001,Discovery,2026-04-02
SH0005520,OPP001001,Demo,2026-04-08
SH0005521,OPP001001,Proposal,2026-04-14
SH0005522,OPP001001,Negotiation,2026-04-20
SH0005523,OPP001001,Closed Won,2026-04-26
SH0005524,OPP001002,Prospecting,2025-03-09
SH0005525,OPP001002,Discovery,2025-03-26
SH0005526,OPP001002,Demo,2025-04-12
SH0005527,OPP001002,Proposal,2025-04-29
SH0005528,OPP001002,Negotiation,2025-05-16
SH0005529,OPP001002,Closed Won,2025-06-02
SH0005530,OPP001003,Prospecting,2025-11-12
SH0005531,OPP001003,Discovery,2025-12-01
SH0005532,OPP001003,Demo,2025-12-20
SH0005533,OPP001003,Proposal,2026-01-08
SH0005534,OPP001003,Negotiation,2026-01-27
SH0005535,OPP001003,Closed Won,2026-02-15
SH0005536,OPP001004,Prospecting,2023-03-27
SH0005537,OPP001004,Discovery,2023-04-16
SH0005538,OPP001004,Demo,2023-05-06
SH0005539,OPP001004,Proposal,2023-05-26
SH0005540,OPP001004,Negotiation,2023-06-15
SH0005541,OPP001004,Closed Lost,2023-07-05
SH0005542,OPP001005,Prospecting,2025-03-03
SH0005543,OPP001005,Discovery,2025-03-11
SH0005544,OPP001005,Demo,2025-03-19
SH0005545,OPP001005,Proposal,2025-03-27
SH0005546,OPP001005,Negotiation,2025-04-04
SH0005547,OPP001005,Closed Lost,2025-04-12
SH0005548,OPP001006,Prospecting,2023-12-13
SH0005549,OPP001006,Discovery,2023-12-24
SH0005550,OPP001006,Demo,2024-01-04
SH0005551,OPP001006,Proposal,2024-01-15
SH0005552,OPP001006,Negotiation,2024-01-26
SH0005553,OPP001006,Closed Lost,2024-02-06
SH0005554,OPP001007,Prospecting,2023-07-14
SH0005555,OPP001007,Discovery,2023-07-22
SH0005556,OPP001007,Demo,2023-07-30
SH0005557,OPP001007,Proposal,2023-08-07
SH0005558,OPP001007,Negotiation,2023-08-15
SH0005559,OPP001007,Closed Lost,2023-08-23
SH0005560,OPP001008,Prospecting,2026-01-05
SH0005561,OPP001008,Discovery,2026-01-18
SH0005562,OPP001008,Demo,2026-01-31
SH0005563,OPP001008,Proposal,2026-02-13
SH0005564,OPP001008,Negotiation,2026-02-26
SH0005565,OPP001008,Closed Lost,2026-03-11
SH0005566,OPP001009,Prospecting,2024-03-29
SH0005567,OPP001009,Discovery,2024-04-06
SH0005568,OPP001009,Demo,2024-04-14
SH0005569,OPP001009,Proposal,2024-04-22
SH0005570,OPP001009,Negotiation,2024-04-30
SH0005571,OPP001009,Closed Lost,2024-05-08
SH0005572,OPP001010,Prospecting,2024-11-25
SH0005573,OPP001010,Discovery,2024-12-13
SH0005574,OPP001010,Demo,2024-12-31
SH0005575,OPP001010,Proposal,2025-01-18
SH0005576,OPP001010,Negotiation,2025-02-05
SH0005577,OPP001010,Closed Lost,2025-02-23
SH0005578,OPP001011,Prospecting,2024-08-17
SH0005579,OPP001011,Discovery,2024-08-19
SH0005580,OPP001011,Demo,2024-08-21
SH0005581,OPP001011,Proposal,2024-08-23
SH0005582,OPP001011,Negotiation,2024-08-25
SH0005583,OPP001011,Closed Won,2024-08-27
SH0005584,OPP001012,Prospecting,2024-04-10
SH0005585,OPP001012,Demo,2024-05-16
SH0005586,OPP001012,Closed Won,2024-06-21
SH0005587,OPP001013,Prospecting,2024-01-13
SH0005588,OPP001013,Discovery,2024-01-18
SH0005589,OPP001013,Demo,2024-01-23
SH0005590,OPP001013,Proposal,2024-01-28
SH0005591,OPP001013,Negotiation,2024-02-02
SH0005592,OPP001013,Closed Lost,2024-02-07
SH0005593,OPP001014,Prospecting,2023-08-19
SH0005594,OPP001014,Discovery,2023-08-21
SH0005595,OPP001014,Demo,2023-08-23
SH0005596,OPP001014,Proposal,2023-08-25
SH0005597,OPP001014,Negotiation,2023-08-27
SH0005598,OPP001014,Closed Lost,2023-08-29
SH0005599,OPP001015,Prospecting,2024-03-26
SH0005600,OPP001015,Discovery,2024-04-09
SH0005601,OPP001015,Demo,2024-04-23
SH0005602,OPP001015,Proposal,2024-05-07
SH0005603,OPP001015,Negotiation,2024-05-21
SH0005604,OPP001015,Closed Won,2024-06-04
SH0005605,OPP001016,Prospecting,2024-07-16
SH0005606,OPP001016,Discovery,2024-07-26
SH0005607,OPP001016,Demo,2024-08-05
SH0005608,OPP001016,Proposal,2024-08-15
SH0005609,OPP001016,Negotiation,2024-08-25
SH0005610,OPP001016,Closed Lost,2024-09-04
SH0005611,OPP001017,Prospecting,2025-02-24
SH0005612,OPP001017,Discovery,2025-03-10
SH0005613,OPP001017,Demo,2025-03-24
SH0005614,OPP001017,Proposal,2025-04-07
SH0005615,OPP001017,Negotiation,2025-04-21
SH0005616,OPP001017,Closed Lost,2025-05-05
SH0005617,OPP001018,Prospecting,2025-02-01
SH0005618,OPP001018,Demo,2025-03-12
SH0005619,OPP001018,Closed Lost,2025-04-20
SH0005620,OPP001019,Prospecting,2023-11-01
SH0005621,OPP001019,Discovery,2023-11-19
SH0005622,OPP001019,Demo,2023-12-07
SH0005623,OPP001019,Proposal,2023-12-25
SH0005624,OPP001019,Negotiation,2024-01-12
SH0005625,OPP001019,Closed Lost,2024-01-30
SH0005626,OPP001020,Prospecting,2024-07-02
SH0005627,OPP001020,Discovery,2024-07-16
SH0005628,OPP001020,Demo,2024-07-30
SH0005629,OPP001020,Proposal,2024-08-13
SH0005630,OPP001020,Negotiation,2024-08-27
SH0005631,OPP001020,Closed Won,2024-09-10
SH0005632,OPP001021,Prospecting,2024-02-02
SH0005633,OPP001021,Discovery,2024-02-18
SH0005634,OPP001021,Demo,2024-03-05
SH0005635,OPP001021,Proposal,2024-03-21
SH0005636,OPP001021,Negotiation,2024-04-06
SH0005637,OPP001021,Closed Lost,2024-04-22
SH0005638,OPP001022,Prospecting,2025-09-29
SH0005639,OPP001022,Discovery,2025-10-09
SH0005640,OPP001022,Demo,2025-10-19
SH0005641,OPP001022,Proposal,2025-10-29
SH0005642,OPP001022,Negotiation,2025-11-08
SH0005643,OPP001022,Closed Lost,2025-11-18
SH0005644,OPP001023,Prospecting,2023-11-14
SH0005645,OPP001023,Discovery,2023-11-30
SH0005646,OPP001023,Demo,2023-12-16
SH0005647,OPP001023,Proposal,2024-01-01
SH0005648,OPP001023,Negotiation,2024-01-17
SH0005649,OPP001023,Closed Lost,2024-02-02
SH0005650,OPP001024,Prospecting,2024-06-21
SH0005651,OPP001024,Discovery,2024-06-25
SH0005652,OPP001024,Demo,2024-06-29
SH0005653,OPP001024,Proposal,2024-07-03
SH0005654,OPP001024,Negotiation,2024-07-07
SH0005655,OPP001024,Closed Won,2024-07-11
SH0005656,OPP001025,Prospecting,2024-08-24
SH0005657,OPP001025,Discovery,2024-09-07
SH0005658,OPP001025,Demo,2024-09-21
SH0005659,OPP001025,Proposal,2024-10-05
SH0005660,OPP001025,Negotiation,2024-10-19
SH0005661,OPP001025,Closed Lost,2024-11-02
SH0005662,OPP001026,Prospecting,2024-12-05
SH0005663,OPP001026,Discovery,2024-12-21
SH0005664,OPP001026,Demo,2025-01-06
SH0005665,OPP001026,Proposal,2025-01-22
SH0005666,OPP001026,Negotiation,2025-02-07
SH0005667,OPP001026,Closed Lost,2025-02-23
SH0005668,OPP001027,Prospecting,2025-06-17
SH0005669,OPP001027,Discovery,2025-07-01
SH0005670,OPP001027,Demo,2025-07-15
SH0005671,OPP001027,Proposal,2025-07-29
SH0005672,OPP001027,Negotiation,2025-08-12
SH0005673,OPP001027,Closed Won,2025-08-26
SH0005674,OPP001028,Prospecting,2023-09-14
SH0005675,OPP001028,Discovery,2023-09-20
SH0005676,OPP001028,Demo,2023-09-26
SH0005677,OPP001028,Proposal,2023-10-02
SH0005678,OPP001028,Negotiation,2023-10-08
SH0005679,OPP001028,Closed Won,2023-10-14
SH0005680,OPP001029,Prospecting,2025-06-27
SH0005681,OPP001029,Discovery,2025-07-09
SH0005682,OPP001029,Demo,2025-07-21
SH0005683,OPP001029,Proposal,2025-08-02
SH0005684,OPP001029,Negotiation,2025-08-14
SH0005685,OPP001029,Closed Lost,2025-08-26
SH0005686,OPP001030,Prospecting,2026-02-06
SH0005687,OPP001030,Discovery,2026-02-09
SH0005688,OPP001030,Demo,2026-02-12
SH0005689,OPP001030,Proposal,2026-02-15
SH0005690,OPP001030,Negotiation,2026-02-18
SH0005691,OPP001030,Closed Won,2026-02-21
SH0005692,OPP001031,Prospecting,2024-09-03
SH0005693,OPP001031,Discovery,2024-09-05
SH0005694,OPP001031,Demo,2024-09-07
SH0005695,OPP001031,Proposal,2024-09-09
SH0005696,OPP001031,Negotiation,2024-09-11
SH0005697,OPP001031,Closed Lost,2024-09-13
SH0005698,OPP001032,Prospecting,2024-10-26
SH0005699,OPP001032,Discovery,2024-11-06
SH0005700,OPP001032,Demo,2024-11-17
SH0005701,OPP001032,Proposal,2024-11-28
SH0005702,OPP001032,Negotiation,2024-12-09
SH0005703,OPP001032,Closed Lost,2024-12-20
SH0005704,OPP001033,Prospecting,2024-12-17
SH0005705,OPP001033,Discovery,2025-01-01
SH0005706,OPP001033,Demo,2025-01-16
SH0005707,OPP001033,Proposal,2025-01-31
SH0005708,OPP001033,Negotiation,2025-02-15
SH0005709,OPP001033,Closed Lost,2025-03-02
SH0005710,OPP001034,Prospecting,2025-08-20
SH0005711,OPP001034,Discovery,2025-08-28
SH0005712,OPP001034,Demo,2025-09-05
SH0005713,OPP001034,Proposal,2025-09-13
SH0005714,OPP001034,Negotiation,2025-09-21
SH0005715,OPP001034,Closed Lost,2025-09-29
SH0005716,OPP001035,Prospecting,2024-01-07
SH0005717,OPP001035,Discovery,2024-01-19
SH0005718,OPP001035,Demo,2024-01-31
SH0005719,OPP001035,Proposal,2024-02-12
SH0005720,OPP001035,Negotiation,2024-02-24
SH0005721,OPP001035,Closed Won,2024-03-07
SH0005722,OPP001036,Prospecting,2024-09-10
SH0005723,OPP001036,Discovery,2024-09-24
SH0005724,OPP001036,Demo,2024-10-08
SH0005725,OPP001036,Proposal,2024-10-22
SH0005726,OPP001036,Negotiation,2024-11-05
SH0005727,OPP001036,Closed Won,2024-11-19
SH0005728,OPP001037,Prospecting,2024-09-20
SH0005729,OPP001037,Discovery,2024-09-30
SH0005730,OPP001037,Demo,2024-10-10
SH0005731,OPP001037,Proposal,2024-10-20
SH0005732,OPP001037,Negotiation,2024-10-30
SH0005733,OPP001037,Closed Lost,2024-11-09
SH0005734,OPP001038,Prospecting,2024-03-10
SH0005735,OPP001038,Discovery,2024-03-29
SH0005736,OPP001038,Demo,2024-04-17
SH0005737,OPP001038,Proposal,2024-05-06
SH0005738,OPP001038,Negotiation,2024-05-25
SH0005739,OPP001038,Closed Lost,2024-06-13
SH0005740,OPP001039,Prospecting,2025-10-11
SH0005741,OPP001039,Discovery,2025-10-27
SH0005742,OPP001039,Demo,2025-11-12
SH0005743,OPP001039,Proposal,2025-11-28
SH0005744,OPP001039,Negotiation,2025-12-14
SH0005745,OPP001039,Closed Lost,2025-12-30
SH0005746,OPP001040,Prospecting,2023-09-30
SH0005747,OPP001040,Discovery,2023-10-09
SH0005748,OPP001040,Demo,2023-10-18
SH0005749,OPP001040,Proposal,2023-10-27
SH0005750,OPP001040,Negotiation,2023-11-05
SH0005751,OPP001040,Closed Lost,2023-11-14
SH0005752,OPP001041,Prospecting,2025-03-22
SH0005753,OPP001041,Discovery,2025-03-25
SH0005754,OPP001041,Demo,2025-03-28
SH0005755,OPP001041,Proposal,2025-03-31
SH0005756,OPP001041,Negotiation,2025-04-03
SH0005757,OPP001041,Closed Lost,2025-04-06
SH0005758,OPP001042,Prospecting,2025-12-09
SH0005759,OPP001042,Demo,2026-01-05
SH0005760,OPP001042,Closed Won,2026-02-01
SH0005761,OPP001043,Prospecting,2025-06-15
SH0005762,OPP001043,Discovery,2025-06-30
SH0005763,OPP001043,Demo,2025-07-15
SH0005764,OPP001043,Proposal,2025-07-30
SH0005765,OPP001043,Negotiation,2025-08-14
SH0005766,OPP001043,Closed Won,2025-08-29
SH0005767,OPP001044,Prospecting,2026-01-03
SH0005768,OPP001044,Discovery,2026-01-07
SH0005769,OPP001044,Demo,2026-01-11
SH0005770,OPP001044,Proposal,2026-01-15
SH0005771,OPP001044,Negotiation,2026-01-19
SH0005772,OPP001044,Closed Lost,2026-01-23
SH0005773,OPP001045,Prospecting,2023-02-11
SH0005774,OPP001045,Discovery,2023-03-01
SH0005775,OPP001045,Demo,2023-03-19
SH0005776,OPP001045,Proposal,2023-04-06
SH0005777,OPP001045,Negotiation,2023-04-24
SH0005778,OPP001045,Closed Lost,2023-05-12
SH0005779,OPP001046,Prospecting,2023-04-06
SH0005780,OPP001046,Discovery,2023-04-17
SH0005781,OPP001046,Demo,2023-04-28
SH0005782,OPP001046,Proposal,2023-05-09
SH0005783,OPP001046,Negotiation,2023-05-20
SH0005784,OPP001046,Closed Won,2023-05-31
SH0005785,OPP001047,Prospecting,2025-12-04
SH0005786,OPP001047,Demo,2025-12-29
SH0005787,OPP001047,Closed Lost,2026-01-23
SH0005788,OPP001048,Prospecting,2023-08-31
SH0005789,OPP001048,Discovery,2023-09-15
SH0005790,OPP001048,Demo,2023-09-30
SH0005791,OPP001048,Proposal,2023-10-15
SH0005792,OPP001048,Negotiation,2023-10-30
SH0005793,OPP001048,Closed Lost,2023-11-14
SH0005794,OPP001049,Prospecting,2024-08-22
SH0005795,OPP001049,Discovery,2024-08-28
SH0005796,OPP001049,Demo,2024-09-03
SH0005797,OPP001049,Proposal,2024-09-09
SH0005798,OPP001049,Negotiation,2024-09-15
SH0005799,OPP001049,Closed Lost,2024-09-21
SH0005800,OPP001050,Prospecting,2025-04-14
SH0005801,OPP001050,Discovery,2025-04-28
SH0005802,OPP001050,Demo,2025-05-12
SH0005803,OPP001050,Proposal,2025-05-26
SH0005804,OPP001050,Negotiation,2025-06-09
SH0005805,OPP001050,Closed Won,2025-06-23
SH0005806,OPP001051,Prospecting,2024-07-13
SH0005807,OPP001051,Discovery,2024-07-24
SH0005808,OPP001051,Demo,2024-08-04
SH0005809,OPP001051,Proposal,2024-08-15
SH0005810,OPP001051,Negotiation,2024-08-26
SH0005811,OPP001051,Closed Lost,2024-09-06
SH0005812,OPP001052,Prospecting,2025-03-03
SH0005813,OPP001052,Discovery,2025-03-10
SH0005814,OPP001052,Demo,2025-03-17
SH0005815,OPP001052,Proposal,2025-03-24
SH0005816,OPP001052,Negotiation,2025-03-31
SH0005817,OPP001052,Closed Won,2025-04-07
SH0005818,OPP001053,Prospecting,2026-03-31
SH0005819,OPP001053,Discovery,2026-04-14
SH0005820,OPP001053,Demo,2026-04-28
SH0005821,OPP001053,Proposal,2026-05-12
SH0005822,OPP001053,Negotiation,2026-05-26
SH0005823,OPP001053,Closed Lost,2026-06-09
SH0005824,OPP001054,Prospecting,2026-01-25
SH0005825,OPP001054,Discovery,2026-02-12
SH0005826,OPP001054,Demo,2026-03-02
SH0005827,OPP001054,Proposal,2026-03-20
SH0005828,OPP001054,Negotiation,2026-04-07
SH0005829,OPP001054,Closed Won,2026-04-25
SH0005830,OPP001055,Prospecting,2024-05-16
SH0005831,OPP001055,Discovery,2024-05-27
SH0005832,OPP001055,Demo,2024-06-07
SH0005833,OPP001055,Proposal,2024-06-18
SH0005834,OPP001055,Negotiation,2024-06-29
SH0005835,OPP001055,Closed Lost,2024-07-10
SH0005836,OPP001056,Prospecting,2024-10-29
SH0005837,OPP001056,Demo,2024-12-03
SH0005838,OPP001056,Closed Lost,2025-01-07
SH0005839,OPP001057,Prospecting,2024-01-19
SH0005840,OPP001057,Discovery,2024-02-04
SH0005841,OPP001057,Demo,2024-02-20
SH0005842,OPP001057,Proposal,2024-03-07
SH0005843,OPP001057,Negotiation,2024-03-23
SH0005844,OPP001057,Closed Lost,2024-04-08
SH0005845,OPP001058,Prospecting,2025-11-22
SH0005846,OPP001058,Discovery,2025-12-02
SH0005847,OPP001058,Demo,2025-12-12
SH0005848,OPP001058,Proposal,2025-12-22
SH0005849,OPP001058,Negotiation,2026-01-01
SH0005850,OPP001058,Closed Won,2026-01-11
SH0005851,OPP001059,Prospecting,2025-05-06
SH0005852,OPP001059,Discovery,2025-05-23
SH0005853,OPP001059,Demo,2025-06-09
SH0005854,OPP001059,Proposal,2025-06-26
SH0005855,OPP001059,Negotiation,2025-07-13
SH0005856,OPP001059,Closed Lost,2025-07-30
SH0005857,OPP001060,Prospecting,2023-07-10
SH0005858,OPP001060,Discovery,2023-07-17
SH0005859,OPP001060,Demo,2023-07-24
SH0005860,OPP001060,Proposal,2023-07-31
SH0005861,OPP001060,Negotiation,2023-08-07
SH0005862,OPP001060,Closed Won,2023-08-14
SH0005863,OPP001061,Prospecting,2023-07-27
SH0005864,OPP001061,Discovery,2023-08-05
SH0005865,OPP001061,Demo,2023-08-14
SH0005866,OPP001061,Proposal,2023-08-23
SH0005867,OPP001061,Negotiation,2023-09-01
SH0005868,OPP001061,Closed Lost,2023-09-10
SH0005869,OPP001062,Prospecting,2025-04-13
SH0005870,OPP001062,Discovery,2025-04-23
SH0005871,OPP001062,Demo,2025-05-03
SH0005872,OPP001062,Proposal,2025-05-13
SH0005873,OPP001062,Negotiation,2025-05-23
SH0005874,OPP001062,Closed Lost,2025-06-02
SH0005875,OPP001063,Prospecting,2025-08-17
SH0005876,OPP001063,Discovery,2025-09-02
SH0005877,OPP001063,Demo,2025-09-18
SH0005878,OPP001063,Proposal,2025-10-04
SH0005879,OPP001063,Negotiation,2025-10-20
SH0005880,OPP001063,Closed Won,2025-11-05
SH0005881,OPP001064,Prospecting,2025-06-26
SH0005882,OPP001064,Demo,2025-07-09
SH0005883,OPP001064,Closed Lost,2025-07-22
SH0005884,OPP001065,Prospecting,2026-02-03
SH0005885,OPP001065,Discovery,2026-02-15
SH0005886,OPP001065,Demo,2026-02-27
SH0005887,OPP001065,Proposal,2026-03-11
SH0005888,OPP001065,Negotiation,2026-03-23
SH0005889,OPP001065,Closed Lost,2026-04-04
SH0005890,OPP001066,Prospecting,2024-09-20
SH0005891,OPP001066,Discovery,2024-10-02
SH0005892,OPP001066,Demo,2024-10-14
SH0005893,OPP001066,Proposal,2024-10-26
SH0005894,OPP001066,Negotiation,2024-11-07
SH0005895,OPP001066,Closed Lost,2024-11-19
SH0005896,OPP001067,Prospecting,2025-06-05
SH0005897,OPP001067,Discovery,2025-06-24
SH0005898,OPP001067,Demo,2025-07-13
SH0005899,OPP001067,Proposal,2025-08-01
SH0005900,OPP001067,Negotiation,2025-08-20
SH0005901,OPP001067,Closed Won,2025-09-08
SH0005902,OPP001068,Prospecting,2023-04-13
SH0005903,OPP001068,Discovery,2023-04-20
SH0005904,OPP001068,Demo,2023-04-27
SH0005905,OPP001068,Proposal,2023-05-04
SH0005906,OPP001068,Negotiation,2023-05-11
SH0005907,OPP001068,Closed Won,2023-05-18
SH0005908,OPP001069,Prospecting,2023-02-05
SH0005909,OPP001069,Discovery,2023-02-20
SH0005910,OPP001069,Demo,2023-03-07
SH0005911,OPP001069,Proposal,2023-03-22
SH0005912,OPP001069,Negotiation,2023-04-06
SH0005913,OPP001069,Closed Lost,2023-04-21
SH0005914,OPP001070,Prospecting,2023-10-04
SH0005915,OPP001070,Discovery,2023-10-08
SH0005916,OPP001070,Demo,2023-10-12
SH0005917,OPP001070,Proposal,2023-10-16
SH0005918,OPP001070,Negotiation,2023-10-20
SH0005919,OPP001070,Closed Lost,2023-10-24
SH0005920,OPP001071,Prospecting,2025-11-28
SH0005921,OPP001071,Discovery,2025-12-01
SH0005922,OPP001071,Demo,2025-12-04
SH0005923,OPP001071,Proposal,2025-12-07
SH0005924,OPP001071,Negotiation,2025-12-10
SH0005925,OPP001071,Closed Lost,2025-12-13
SH0005926,OPP001072,Prospecting,2025-05-28
SH0005927,OPP001072,Discovery,2025-06-07
SH0005928,OPP001072,Demo,2025-06-17
SH0005929,OPP001072,Proposal,2025-06-27
SH0005930,OPP001072,Negotiation,2025-07-07
SH0005931,OPP001072,Closed Won,2025-07-17
SH0005932,OPP001073,Prospecting,2026-02-06
SH0005933,OPP001073,Discovery,2026-02-20
SH0005934,OPP001073,Demo,2026-03-06
SH0005935,OPP001073,Proposal,2026-03-20
SH0005936,OPP001073,Negotiation,2026-04-03
SH0005937,OPP001073,Closed Won,2026-04-17
SH0005938,OPP001074,Prospecting,2024-03-07
SH0005939,OPP001074,Discovery,2024-03-23
SH0005940,OPP001074,Demo,2024-04-08
SH0005941,OPP001074,Proposal,2024-04-24
SH0005942,OPP001074,Negotiation,2024-05-10
SH0005943,OPP001074,Closed Lost,2024-05-26
SH0005944,OPP001075,Prospecting,2025-09-08
SH0005945,OPP001075,Discovery,2025-09-20
SH0005946,OPP001075,Demo,2025-10-02
SH0005947,OPP001075,Proposal,2025-10-14
SH0005948,OPP001075,Negotiation,2025-10-26
SH0005949,OPP001075,Closed Lost,2025-11-07
SH0005950,OPP001076,Prospecting,2023-08-27
SH0005951,OPP001076,Discovery,2023-09-12
SH0005952,OPP001076,Demo,2023-09-28
SH0005953,OPP001076,Proposal,2023-10-14
SH0005954,OPP001076,Negotiation,2023-10-30
SH0005955,OPP001076,Closed Lost,2023-11-15
SH0005956,OPP001077,Prospecting,2023-01-22
SH0005957,OPP001077,Discovery,2023-02-06
SH0005958,OPP001077,Demo,2023-02-21
SH0005959,OPP001077,Proposal,2023-03-08
SH0005960,OPP001077,Negotiation,2023-03-23
SH0005961,OPP001077,Closed Lost,2023-04-07
SH0005962,OPP001078,Prospecting,2024-09-04
SH0005963,OPP001078,Discovery,2024-09-19
SH0005964,OPP001078,Demo,2024-10-04
SH0005965,OPP001078,Proposal,2024-10-19
SH0005966,OPP001078,Negotiation,2024-11-03
SH0005967,OPP001078,Closed Lost,2024-11-18
SH0005968,OPP001079,Prospecting,2024-02-21
SH0005969,OPP001079,Discovery,2024-02-25
SH0005970,OPP001079,Demo,2024-02-29
SH0005971,OPP001079,Proposal,2024-03-04
SH0005972,OPP001079,Negotiation,2024-03-08
SH0005973,OPP001079,Closed Won,2024-03-12
SH0005974,OPP001080,Prospecting,2023-08-07
SH0005975,OPP001080,Discovery,2023-08-21
SH0005976,OPP001080,Demo,2023-09-04
SH0005977,OPP001080,Proposal,2023-09-18
SH0005978,OPP001080,Negotiation,2023-10-02
SH0005979,OPP001080,Closed Lost,2023-10-16
SH0005980,OPP001081,Prospecting,2023-05-30
SH0005981,OPP001081,Discovery,2023-06-02
SH0005982,OPP001081,Demo,2023-06-05
SH0005983,OPP001081,Proposal,2023-06-08
SH0005984,OPP001081,Negotiation,2023-06-11
SH0005985,OPP001081,Closed Lost,2023-06-14
SH0005986,OPP001082,Prospecting,2024-01-15
SH0005987,OPP001082,Discovery,2024-01-30
SH0005988,OPP001082,Demo,2024-02-14
SH0005989,OPP001082,Proposal,2024-02-29
SH0005990,OPP001082,Negotiation,2024-03-15
SH0005991,OPP001082,Closed Won,2024-03-30
SH0005992,OPP001083,Prospecting,2023-05-17
SH0005993,OPP001083,Discovery,2023-06-01
SH0005994,OPP001083,Demo,2023-06-16
SH0005995,OPP001083,Proposal,2023-07-01
SH0005996,OPP001083,Negotiation,2023-07-16
SH0005997,OPP001083,Closed Lost,2023-07-31
SH0005998,OPP001084,Prospecting,2023-08-19
SH0005999,OPP001084,Discovery,2023-09-02
SH0006000,OPP001084,Demo,2023-09-16
SH0006001,OPP001084,Proposal,2023-09-30
SH0006002,OPP001084,Negotiation,2023-10-14
SH0006003,OPP001084,Closed Lost,2023-10-28
SH0006004,OPP001085,Prospecting,2024-05-13
SH0006005,OPP001085,Discovery,2024-05-27
SH0006006,OPP001085,Demo,2024-06-10
SH0006007,OPP001085,Proposal,2024-06-24
SH0006008,OPP001085,Negotiation,2024-07-08
SH0006009,OPP001085,Closed Won,2024-07-22
SH0006010,OPP001086,Prospecting,2024-05-13
SH0006011,OPP001086,Discovery,2024-05-17
SH0006012,OPP001086,Demo,2024-05-21
SH0006013,OPP001086,Proposal,2024-05-25
SH0006014,OPP001086,Negotiation,2024-05-29
SH0006015,OPP001086,Closed Won,2024-06-02
SH0006016,OPP001087,Prospecting,2024-02-10
SH0006017,OPP001087,Discovery,2024-02-23
SH0006018,OPP001087,Demo,2024-03-07
SH0006019,OPP001087,Proposal,2024-03-20
SH0006020,OPP001087,Negotiation,2024-04-02
SH0006021,OPP001087,Closed Won,2024-04-15
SH0006022,OPP001088,Prospecting,2024-10-28
SH0006023,OPP001088,Discovery,2024-11-12
SH0006024,OPP001088,Demo,2024-11-27
SH0006025,OPP001088,Proposal,2024-12-12
SH0006026,OPP001088,Negotiation,2024-12-27
SH0006027,OPP001088,Closed Lost,2025-01-11
SH0006028,OPP001089,Prospecting,2023-05-14
SH0006029,OPP001089,Discovery,2023-05-21
SH0006030,OPP001089,Demo,2023-05-28
SH0006031,OPP001089,Proposal,2023-06-04
SH0006032,OPP001089,Negotiation,2023-06-11
SH0006033,OPP001089,Closed Lost,2023-06-18
SH0006034,OPP001090,Prospecting,2023-05-24
SH0006035,OPP001090,Discovery,2023-06-07
SH0006036,OPP001090,Demo,2023-06-21
SH0006037,OPP001090,Proposal,2023-07-05
SH0006038,OPP001090,Negotiation,2023-07-19
SH0006039,OPP001090,Closed Lost,2023-08-02
SH0006040,OPP001091,Prospecting,2023-06-05
SH0006041,OPP001091,Discovery,2023-06-22
SH0006042,OPP001091,Demo,2023-07-09
SH0006043,OPP001091,Proposal,2023-07-26
SH0006044,OPP001091,Negotiation,2023-08-12
SH0006045,OPP001091,Closed Lost,2023-08-29
SH0006046,OPP001092,Prospecting,2025-05-05
SH0006047,OPP001092,Discovery,2025-05-24
SH0006048,OPP001092,Demo,2025-06-12
SH0006049,OPP001092,Proposal,2025-07-01
SH0006050,OPP001092,Negotiation,2025-07-20
SH0006051,OPP001092,Closed Lost,2025-08-08
SH0006052,OPP001093,Prospecting,2025-12-15
SH0006053,OPP001093,Discovery,2026-01-01
SH0006054,OPP001093,Demo,2026-01-18
SH0006055,OPP001093,Proposal,2026-02-04
SH0006056,OPP001093,Negotiation,2026-02-21
SH0006057,OPP001093,Closed Lost,2026-03-10
SH0006058,OPP001094,Prospecting,2023-03-26
SH0006059,OPP001094,Discovery,2023-03-29
SH0006060,OPP001094,Demo,2023-04-01
SH0006061,OPP001094,Proposal,2023-04-04
SH0006062,OPP001094,Negotiation,2023-04-07
SH0006063,OPP001094,Closed Lost,2023-04-10
SH0006064,OPP001095,Prospecting,2025-01-09
SH0006065,OPP001095,Discovery,2025-01-11
SH0006066,OPP001095,Demo,2025-01-13
SH0006067,OPP001095,Proposal,2025-01-15
SH0006068,OPP001095,Negotiation,2025-01-17
SH0006069,OPP001095,Closed Lost,2025-01-19
SH0006070,OPP001096,Prospecting,2023-02-24
SH0006071,OPP001096,Discovery,2023-03-07
SH0006072,OPP001096,Demo,2023-03-18
SH0006073,OPP001096,Proposal,2023-03-29
SH0006074,OPP001096,Negotiation,2023-04-09
SH0006075,OPP001096,Closed Lost,2023-04-20
SH0006076,OPP001097,Prospecting,2023-09-22
SH0006077,OPP001097,Discovery,2023-10-01
SH0006078,OPP001097,Demo,2023-10-10
SH0006079,OPP001097,Proposal,2023-10-19
SH0006080,OPP001097,Negotiation,2023-10-28
SH0006081,OPP001097,Closed Won,2023-11-06
SH0006082,OPP001098,Prospecting,2025-03-16
SH0006083,OPP001098,Discovery,2025-03-25
SH0006084,OPP001098,Demo,2025-04-03
SH0006085,OPP001098,Proposal,2025-04-12
SH0006086,OPP001098,Negotiation,2025-04-21
SH0006087,OPP001098,Closed Lost,2025-04-30
SH0006088,OPP001099,Prospecting,2025-04-30
SH0006089,OPP001099,Discovery,2025-05-05
SH0006090,OPP001099,Demo,2025-05-10
SH0006091,OPP001099,Proposal,2025-05-15
SH0006092,OPP001099,Negotiation,2025-05-20
SH0006093,OPP001099,Closed Lost,2025-05-25
SH0006094,OPP001100,Prospecting,2024-02-22
SH0006095,OPP001100,Discovery,2024-03-12
SH0006096,OPP001100,Demo,2024-03-31
SH0006097,OPP001100,Proposal,2024-04-19
SH0006098,OPP001100,Negotiation,2024-05-08
SH0006099,OPP001100,Closed Lost,2024-05-27
SH0006100,OPP001101,Prospecting,2026-06-26
SH0006101,OPP001101,Discovery,2026-07-08
SH0006102,OPP001102,Prospecting,2023-01-29
SH0006103,OPP001102,Discovery,2023-02-02
SH0006104,OPP001102,Demo,2023-02-06
SH0006105,OPP001102,Proposal,2023-02-10
SH0006106,OPP001102,Negotiation,2023-02-14
SH0006107,OPP001102,Closed Lost,2023-02-18
SH0006108,OPP001103,Prospecting,2026-05-22
SH0006109,OPP001103,Discovery,2026-06-16
SH0006110,OPP001104,Prospecting,2026-03-11
SH0006111,OPP001104,Discovery,2026-03-17
SH0006112,OPP001104,Demo,2026-03-23
SH0006113,OPP001104,Proposal,2026-03-29
SH0006114,OPP001104,Negotiation,2026-04-04
SH0006115,OPP001104,Closed Lost,2026-04-10
SH0006116,OPP001105,Prospecting,2023-10-25
SH0006117,OPP001105,Discovery,2023-10-29
SH0006118,OPP001105,Demo,2023-11-02
SH0006119,OPP001105,Proposal,2023-11-06
SH0006120,OPP001105,Negotiation,2023-11-10
SH0006121,OPP001105,Closed Lost,2023-11-14
SH0006122,OPP001106,Prospecting,2024-05-23
SH0006123,OPP001106,Discovery,2024-06-11
SH0006124,OPP001106,Demo,2024-06-30
SH0006125,OPP001106,Proposal,2024-07-19
SH0006126,OPP001106,Negotiation,2024-08-07
SH0006127,OPP001106,Closed Lost,2024-08-26
SH0006128,OPP001107,Prospecting,2023-03-24
SH0006129,OPP001107,Demo,2023-04-07
SH0006130,OPP001107,Closed Won,2023-04-21
