lead_id,first_name,last_name,email,company,lead_source,lead_status,is_mql,created_date,converted_account_id,converted_date
LEAD000001,Maya,Petrova,maya.petrova1@outlook.com,Beacon Properties,Webinar,Qualified,false,2025-05-06,ACC00157,2025-05-22
LEAD000002,Jordan,Kaplan,jordan.kaplan2@gmail.com,Blackwood Group,Organic Search,New,false,2023-05-01,,
LEAD000003,Maya,Vasquez,maya.vasquez3@gmail.com,Foxglove & Co.,Webinar,Working,false,2026-04-01,,
LEAD000004,Sasha,Lindqvist,sasha.lindqvist4@kw.com,Cornerstone Group,Social,Working,true,2024-03-05,,
LEAD000005,Jordan,Ahmed,jordan.ahmed5@realtyco.com,Beacon Properties,Referral,Disqualified,false,2025-03-08,,
LEAD000006,Priya,Osei,priya.osei6@kw.com,Harbor Partners,,Qualified,false,2024-10-06,,
LEAD000007,Priya,Castellanos,priya.castellanos7@outlook.com,Stonebridge Properties,Referral,Disqualified,false,2023-03-28,,
LEAD000008,Tessa,Okonkwo,tessa.okonkwo8@gmail.com,Beacon Real Estate,Cold Outreach,Qualified,true,2023-01-19,ACC00679,2023-01-22
LEAD000009,Casey,Vasquez,casey.vasquez9@compass.com,Meridian Real Estate,Conference,Disqualified,false,2025-10-31,,
LEAD000010,Skyler,Osei,skyler.osei10@realtyco.com,Cypress Partners,Social,Nurturing,true,2023-03-22,,
LEAD000011,Priya,Whitfield,priya.whitfield11@compass.com,Meridian Properties,Organic Search,Disqualified,false,2025-04-14,,
LEAD000012,Priya,Bergstrom,priya.bergstrom12@compass.com,Blackwood Partners,Conference,Qualified,true,2025-07-09,ACC00627,2025-07-26
LEAD000013,Owen,Bergstrom,owen.bergstrom13@kw.com,Summit Partners,Webinar,Working,true,2023-03-25,,
LEAD000014,Riley,Ahmed,riley.ahmed14@realtyco.com,Meridian & Co.,,Qualified,true,2026-01-01,,
LEAD000015,Bianca,Delgado,bianca.delgado15@kw.com,Cypress & Co.,Conference,Qualified,true,2025-12-29,,
LEAD000016,Sasha,Delgado,sasha.delgado16@gmail.com,Harbor Properties,,Qualified,false,2023-01-30,,
LEAD000017,Felix,Ahmed,felix.ahmed17@kw.com,Cornerstone & Co.,Conference,Working,true,2023-12-13,,
LEAD000018,Morgan,Lindqvist,morgan.lindqvist18@gmail.com,Summit Properties,,New,false,2024-09-25,,
LEAD000019,Riley,Ahmed,riley.ahmed19@compass.com,Beacon Real Estate,Organic Search,Nurturing,true,2024-01-02,,
LEAD000020,Grant,Ahmed,grant.ahmed20@kw.com,Cornerstone Real Estate,Cold Outreach,Working,false,2023-06-20,,
LEAD000021,Felix,Whitfield,felix.whitfield21@compass.com,Cornerstone Partners,Organic Search,Nurturing,false,2023-06-26,,
LEAD000022,Naomi,Thornton,naomi.thornton22@compass.com,Ironwood Properties,Cold Outreach,Qualified,true,2023-03-03,ACC00033,2023-04-26
LEAD000023,Theo,Halvorsen,theo.halvorsen23@kw.com,Cypress Partners,Organic Search,Qualified,true,2026-04-15,,
LEAD000024,Naomi,Thornton,naomi.thornton24@compass.com,Lakeshore Realty,,New,false,2024-02-12,,
LEAD000025,Grant,Thornton,grant.thornton25@realtyco.com,Beacon Realty,Partner,New,false,2024-11-24,,
LEAD000026,Casey,Moreau,casey.moreau26@compass.com,Stonebridge Group,Organic Search,Nurturing,true,2026-05-02,,
LEAD000027,Jordan,Vasquez,jordan.vasquez27@gmail.com,Harbor Realty,Conference,Working,false,2024-05-18,,
LEAD000028,Grant,Castellanos,grant.castellanos28@kw.com,Harbor Real Estate,Partner,Working,true,2024-06-12,,
LEAD000029,Camille,Lindqvist,camille.lindqvist29@realtyco.com,Ridgeline & Co.,,Disqualified,false,2024-09-06,,
LEAD000030,Riley,Castellanos,riley.castellanos30@outlook.com,Meridian Properties,organic search,Qualified,true,2025-12-11,ACC00228,2025-12-21
LEAD000031,Riley,Bergstrom,riley.bergstrom31@gmail.com,Stonebridge Real Estate,Conference,Qualified,false,2023-04-11,,
LEAD000032,Maya,Kearney,maya.kearney32@gmail.com,Blackwood Partners,Conference,Working,true,2024-08-31,,
LEAD000033,Priya,Ahmed,priya.ahmed33@compass.com,Summit Realty,,Disqualified,false,2023-04-17,,
LEAD000034,Camille,Okonkwo,camille.okonkwo34@outlook.com,Meridian Real Estate,Cold Outreach,New,false,2025-08-18,,
LEAD000035,Rowan,Kaplan,rowan.kaplan35@gmail.com,Beacon Properties,Referral,Qualified,false,2024-11-15,ACC00828,2025-01-08
LEAD000036,Casey,Nakamura,casey.nakamura36@compass.com,Blackwood Real Estate,Webinar,New,false,2025-11-09,,
LEAD000037,Felix,Delgado,felix.delgado37@kw.com,Cornerstone Real Estate,,New,false,2025-10-05,,
LEAD000038,Marcus,Thornton,marcus.thornton38@compass.com,Blackwood Group,Partner,Working,true,2023-10-06,,
LEAD000039,Morgan,Osei,morgan.osei39@compass.com,Cornerstone & Co.,,New,false,2024-06-06,,
LEAD000040,Elena,Castellanos,elena.castellanos40@outlook.com,Ridgeline & Co.,Referral,Disqualified,false,2026-03-26,,
LEAD000041,Jordan,Bergstrom,jordan.bergstrom41@outlook.com,Blackwood Realty,Paid Search,New,false,2024-05-26,,
LEAD000042,Bianca,Whitfield,bianca.whitfield42@kw.com,Ridgeline Properties,organic search,Working,false,2024-03-06,,
LEAD000043,Morgan,Thornton,morgan.thornton43@realtyco.com,Beacon & Co.,Partner,Nurturing,true,2024-10-27,,
LEAD000044,Naomi,Castellanos,naomi.castellanos44@outlook.com,Beacon Partners,Partner,Qualified,false,2024-02-28,,
LEAD000045,Tessa,Okonkwo,tessa.okonkwo45@kw.com,Cypress Group,Paid Search,Qualified,true,2024-05-31,,
LEAD000046,Morgan,Lindqvist,morgan.lindqvist46@gmail.com,Beacon Real Estate,Conference,Working,true,2023-10-16,,
LEAD000047,Julian,Thornton,julian.thornton47@kw.com,Blackwood Properties,Webinar,Qualified,true,2024-09-12,ACC00721,2024-10-15
LEAD000048,Julian,Castellanos,julian.castellanos48@compass.com,Cypress & Co.,Webinar,Working,false,2023-02-05,,
LEAD000049,Morgan,Ahmed,morgan.ahmed49@compass.com,Blackwood & Co.,Conference,Working,true,2025-01-29,,
LEAD000050,Riley,Moreau,riley.moreau50@compass.com,Meridian Real Estate,Conference,Working,false,2024-05-09,,
LEAD000051,Owen,Nakamura,owen.nakamura51@gmail.com,Beacon Properties,PAID SEARCH,Qualified,true,2025-10-14,ACC00331,2025-11-07
LEAD000052,Felix,Lindqvist,felix.lindqvist52@outlook.com,Foxglove Partners,Conference,Working,false,2025-05-20,,
LEAD000053,Theo,Thornton,theo.thornton53@outlook.com,Lakeshore Realty,Partner,New,false,2023-07-16,,
LEAD000054,Priya,Thornton,priya.thornton54@kw.com,Cypress Realty,Webinar,Nurturing,false,2025-08-23,,
LEAD000055,Morgan,Castellanos,morgan.castellanos55@kw.com,Cypress & Co.,Partner,New,false,2024-04-18,,
LEAD000056,Riley,Moreau,riley.moreau56@outlook.com,Cornerstone Group,Social,Working,true,2026-01-28,,
LEAD000057,Elena,Whitfield,elena.whitfield57@compass.com,Beacon Properties,Partner,Working,true,2026-04-18,,
LEAD000058,Rowan,Moreau,rowan.moreau58@outlook.com,Summit Partners,Conference,Nurturing,false,2023-07-11,,
LEAD000059,Sasha,Nakamura,sasha.nakamura59@kw.com,Lakeshore Realty,Social,New,false,2023-01-14,,
LEAD000060,Riley,Bautista,riley.bautista60@kw.com,Stonebridge Group,Webinar,Working,false,2026-04-08,,
LEAD000061,Julian,Kearney,julian.kearney61@realtyco.com,Cornerstone Properties,Paid Search,Nurturing,false,2023-12-03,,
LEAD000062,Rowan,Okonkwo,rowan.okonkwo62@realtyco.com,Beacon Realty,Webinar,New,false,2024-01-03,,
LEAD000063,Grant,Rinaldi,grant.rinaldi63@realtyco.com,Foxglove Group,,Qualified,false,2024-04-07,,
LEAD000064,Tessa,Castellanos,tessa.castellanos64@outlook.com,Foxglove Partners, Referral,New,false,2023-05-10,,
LEAD000065,Morgan,Kaplan,morgan.kaplan65@kw.com,Cornerstone & Co.,,Working,false,2023-11-19,,
LEAD000066,Elena,Bautista,elena.bautista66@compass.com,Cypress & Co.,Cold Outreach,New,false,2026-02-10,,
LEAD000067,Bianca,Delgado,bianca.delgado67@realtyco.com,Meridian Properties,Partner,Qualified,false,2025-07-08,ACC00161,2025-07-31
LEAD000068,Avery,Delgado,avery.delgado68@gmail.com,Meridian Realty,Conference,Nurturing,false,2025-04-11,,
LEAD000069,Casey,Okonkwo,casey.okonkwo69@outlook.com,Summit Real Estate,Organic Search,Qualified,true,2024-04-15,ACC00089,2024-06-09
LEAD000070,Rowan,Castellanos,rowan.castellanos70@outlook.com,Cypress Real Estate,Paid Search,Disqualified,false,2024-05-07,,
LEAD000071,Riley,Vasquez,riley.vasquez71@outlook.com,Summit Partners,Organic Search,New,false,2025-12-11,,
LEAD000072,Camille,Delgado,camille.delgado72@outlook.com,Meridian Partners,Webinar,New,false,2023-10-14,,
LEAD000073,Riley,Osei,riley.osei73@realtyco.com,Lakeshore Realty,Organic Search,New,false,2026-01-24,,
LEAD000074,Jordan,Whitfield,jordan.whitfield74@outlook.com,Stonebridge & Co.,Paid Search,New,false,2023-02-25,,
LEAD000075,Bianca,Kaplan,bianca.kaplan75@compass.com,Foxglove Group,Webinar,Qualified,true,2023-06-19,ACC00733,2023-08-18
LEAD000076,Naomi,Whitfield,naomi.whitfield76@compass.com,Foxglove Group,Cold Outreach,Qualified,false,2023-11-03,,
LEAD000077,Elena,Nakamura,elena.nakamura77@kw.com,Cypress Realty,Referral,Nurturing,true,2023-06-24,,
LEAD000078,Marcus,Bautista,marcus.bautista78@kw.com,Beacon Realty,Cold Outreach,New,false,2023-03-28,,
LEAD000079,Jordan,Okonkwo,jordan.okonkwo79@realtyco.com,Harbor Group,Conference,Working,false,2023-01-06,,
LEAD000080,Elena,Bautista,elena.bautista80@kw.com,Ridgeline Group,Partner,New,false,2023-11-04,,
LEAD000081,Owen,Bergstrom,owen.bergstrom81@outlook.com,Meridian Partners,Cold Outreach,Working,false,2024-10-20,,
LEAD000082,Sasha,Okonkwo,sasha.okonkwo82@compass.com,Cypress Partners,Paid Search,Nurturing,true,2025-08-20,,
LEAD000083,Avery,Bautista,avery.bautista83@gmail.com,Harbor Partners,,Working,true,2024-01-14,,
LEAD000084,Owen,Moreau,owen.moreau84@outlook.com,Cypress Partners,Paid Search,Disqualified,false,2026-02-12,,
LEAD000085,Camille,Bergstrom,camille.bergstrom85@kw.com,Blackwood Properties,Webinar,Qualified,true,2025-11-22,ACC00635,2025-11-29
LEAD000086,Riley,Castellanos,riley.castellanos86@realtyco.com,Ironwood Group,Conference,Nurturing,true,2025-03-30,,
LEAD000087,Rowan,Osei,rowan.osei87@realtyco.com,Blackwood Realty,Cold Outreach,Qualified,true,2023-09-25,ACC00845,2023-10-04
LEAD000088,Jordan,Petrova,jordan.petrova88@realtyco.com,Blackwood Realty,Partner,Disqualified,false,2024-08-20,,
LEAD000089,Quinn,Petrova,quinn.petrova89@gmail.com,Foxglove Realty,Cold Outreach,Qualified,true,2024-04-14,ACC00003,2024-06-11
LEAD000090,Marcus,Osei,marcus.osei90@compass.com,Cypress Realty,Conference,Disqualified,false,2024-07-27,,
LEAD000091,Rowan,Moreau,rowan.moreau91@outlook.com,Blackwood Group,Webinar,Nurturing,false,2025-01-24,,
LEAD000092,Casey,Rinaldi,casey.rinaldi92@gmail.com,Blackwood Properties,Paid Search,Working,true,2026-06-03,,
LEAD000093,Skyler,Delgado,skyler.delgado93@realtyco.com,Stonebridge Realty,Webinar,Working,true,2024-12-28,,
LEAD000094,Rowan,Castellanos,rowan.castellanos94@gmail.com,Cypress Realty,Organic Search,Nurturing,true,2023-07-29,,
LEAD000095,Skyler,Bergstrom,skyler.bergstrom95@kw.com,Foxglove Group,Organic Search,New,false,2026-04-30,,
LEAD000096,Rowan,Okonkwo,rowan.okonkwo96@compass.com,Cypress Partners,Paid Search,Disqualified,false,2025-04-12,,
LEAD000097,Priya,Petrova,priya.petrova97@compass.com,Summit Realty,Social,Qualified,false,2023-07-15,,
LEAD000098,Skyler,Whitfield,skyler.whitfield98@compass.com,Cypress Realty,Organic Search,Nurturing,true,2023-03-02,,
LEAD000099,Noel,Vasquez,noel.vasquez99@compass.com,Harbor & Co.,Social,Working,false,2025-08-25,,
LEAD000100,Avery,Delgado,avery.delgado100@gmail.com,Harbor Group,Cold Outreach,Working,true,2025-03-13,,
LEAD000101,Morgan,Bautista,morgan.bautista101@outlook.com,Ironwood Real Estate,Conference,Working,true,2026-03-23,,
LEAD000102,Avery,Castellanos,avery.castellanos102@compass.com,Meridian Real Estate,Webinar,Qualified,true,2025-04-14,,
LEAD000103,Rowan,Rinaldi,rowan.rinaldi103@realtyco.com,Summit & Co.,Cold Outreach,New,false,2024-07-17,,
LEAD000104,Felix,Lindqvist,felix.lindqvist104@realtyco.com,Foxglove Realty,Partner,New,false,2023-09-24,,
LEAD000105,Priya,Bergstrom,priya.bergstrom105@gmail.com,Cypress & Co.,Partner,Disqualified,false,2025-10-05,,
LEAD000106,Morgan,Moreau,morgan.moreau106@gmail.com,Cornerstone Realty,Partner,New,false,2023-09-21,,
LEAD000107,Owen,Delgado,owen.delgado107@gmail.com,Ironwood Properties,Partner,Nurturing,false,2025-01-09,,
LEAD000108,Riley,Vasquez,riley.vasquez108@realtyco.com,Lakeshore Realty,Organic Search,Working,false,2024-03-11,,
LEAD000109,Owen,Kearney,owen.kearney109@kw.com,Ironwood Real Estate,Partner,Nurturing,true,2024-01-11,,
LEAD000110,Casey,Delgado,casey.delgado110@gmail.com,Cornerstone Group,Conference,Disqualified,false,2025-12-10,,
LEAD000111,Sasha,Whitfield,sasha.whitfield111@outlook.com,Beacon & Co.,Social,Working,false,2025-12-16,,
LEAD000112,Felix,Bautista,felix.bautista112@realtyco.com,Meridian & Co.,,Working,true,2023-10-07,,
LEAD000113,Morgan,Thornton,morgan.thornton113@compass.com,Stonebridge Realty,Paid Search ,Disqualified,false,2025-07-13,,
LEAD000114,Marcus,Lindqvist,marcus.lindqvist114@realtyco.com,Meridian Properties,Referral,Working,true,2026-03-21,,
LEAD000115,Theo,Osei,theo.osei115@compass.com,Meridian & Co.,Partner,Qualified,false,2026-03-18,,
LEAD000116,Grant,Rinaldi,grant.rinaldi116@compass.com,Cornerstone Properties,Conference,Qualified,true,2023-07-03,ACC00667,2023-08-15
LEAD000117,Morgan,Lindqvist,morgan.lindqvist117@outlook.com,Cornerstone Realty,Conference,Qualified,true,2023-02-13,,
LEAD000118,Rowan,Lindqvist,rowan.lindqvist118@gmail.com,Ironwood Real Estate,Partner,Nurturing,false,2023-10-17,,
LEAD000119,Sasha,Halvorsen,sasha.halvorsen119@kw.com,Summit & Co.,Partner,Working,true,2023-11-14,,
LEAD000120,Felix,Delgado,felix.delgado120@compass.com,Lakeshore & Co.,Webinar,Working,true,2024-09-25,,
LEAD000121,Owen,Castellanos,owen.castellanos121@kw.com,Foxglove Realty,Paid Search,Qualified,false,2026-02-23,,
LEAD000122,Maya,Osei,maya.osei122@compass.com,Lakeshore Real Estate,Paid Search,New,false,2024-11-30,,
LEAD000123,Grant,Castellanos,grant.castellanos123@compass.com,Ironwood Group,Conference,Nurturing,true,2025-06-08,,
LEAD000124,Riley,Delgado,riley.delgado124@outlook.com,Cornerstone Real Estate,Social,New,false,2023-01-31,,
LEAD000125,Priya,Vasquez,priya.vasquez125@outlook.com,Meridian Group,Conference,Qualified,false,2023-09-04,ACC00045,2023-09-16
LEAD000126,Elena,Okonkwo,elena.okonkwo126@compass.com,Ironwood Real Estate,Referral,New,false,2023-03-02,,
LEAD000127,Noel,Petrova,noel.petrova127@outlook.com,Harbor Realty,Paid Search,Working,false,2023-05-09,,
LEAD000128,Theo,Vasquez,theo.vasquez128@realtyco.com,Harbor Group,Paid Search,New,false,2023-02-22,,
LEAD000129,Naomi,Kaplan,naomi.kaplan129@compass.com,Beacon & Co.,Paid Search,Qualified,true,2024-10-20,ACC00360,2024-12-17
LEAD000130,Casey,Okonkwo,casey.okonkwo130@kw.com,Beacon Partners,Webinar,Working,true,2025-01-24,,
LEAD000131,Noel,Nakamura,noel.nakamura131@kw.com,Foxglove Properties,Social,Qualified,true,2023-04-30,,
LEAD000132,Devin,Whitfield,devin.whitfield132@gmail.com,Ridgeline Real Estate,Organic Search,Qualified,false,2026-02-11,ACC00622,2026-03-10
LEAD000133,Theo,Kaplan,theo.kaplan133@gmail.com,Cornerstone Properties,Paid Search,Nurturing,true,2024-06-23,,
LEAD000134,Rowan,Kaplan,rowan.kaplan134@outlook.com,Lakeshore Partners,Cold Outreach,Disqualified,false,2023-09-29,,
LEAD000135,Morgan,Rinaldi,morgan.rinaldi135@outlook.com,Foxglove Realty,Organic Search,Disqualified,false,2026-01-20,,
LEAD000136,Riley,Nakamura,riley.nakamura136@realtyco.com,Ridgeline Partners,Partner,Qualified,true,2023-01-01,ACC00114,2023-02-05
LEAD000137,Bianca,Thornton,bianca.thornton137@compass.com,Blackwood Group,Organic Search,Disqualified,false,2025-02-09,,
LEAD000138,Elena,Okonkwo,elena.okonkwo138@gmail.com,Ironwood Group,,Qualified,true,2023-12-12,ACC00842,2023-12-17
LEAD000139,Jordan,Bergstrom,jordan.bergstrom139@gmail.com,Ridgeline Partners,Webinar,Qualified,false,2025-07-14,ACC00756,2025-08-20
LEAD000140,Camille,Bautista,camille.bautista140@kw.com,Meridian Real Estate,,Qualified,false,2023-12-15,ACC00532,2024-02-12
LEAD000141,Morgan,Delgado,morgan.delgado141@kw.com,Stonebridge & Co.,Partner,Nurturing,true,2024-06-18,,
LEAD000142,Rowan,Osei,rowan.osei142@realtyco.com,Ironwood Realty,Webinar,Qualified,true,2024-04-19,ACC00034,2024-06-04
LEAD000143,Bianca,Rinaldi,bianca.rinaldi143@kw.com,Ironwood & Co.,Social,Nurturing,false,2023-02-16,,
LEAD000144,Morgan,Rinaldi,morgan.rinaldi144@kw.com,Cypress Properties,Paid Search,Working,false,2025-09-06,,
LEAD000145,Avery,Thornton,avery.thornton145@outlook.com,Ridgeline Properties,Partner,New,false,2023-01-05,,
LEAD000146,Naomi,Thornton,naomi.thornton146@realtyco.com,Cypress Partners,Referral,Qualified,false,2024-11-02,ACC00410,2024-12-24
LEAD000147,Grant,Ahmed,grant.ahmed147@outlook.com,Lakeshore Real Estate,Referral,Qualified,true,2025-04-09,ACC00340,2025-05-18
LEAD000148,Julian,Okonkwo,julian.okonkwo148@compass.com,Summit Properties,Conference,Qualified,true,2026-02-15,ACC00320,2026-04-09
LEAD000149,Jordan,Vasquez,jordan.vasquez149@compass.com,Stonebridge & Co.,Webinar,Nurturing,true,2023-03-11,,
LEAD000150,Marcus,Castellanos,marcus.castellanos150@compass.com,Foxglove Realty,Cold Outreach,Nurturing,true,2024-09-02,,
LEAD000151,Marcus,Thornton,marcus.thornton151@kw.com,Harbor Group,Social,Qualified,false,2025-07-14,ACC00037,2025-08-27
LEAD000152,Rowan,Kearney,rowan.kearney152@outlook.com,Summit Real Estate,Social,New,false,2025-04-02,,
LEAD000153,Julian,Ahmed,julian.ahmed153@compass.com,Beacon Partners,organic search,Nurturing,true,2025-02-18,,
LEAD000154,Theo,Osei,theo.osei154@outlook.com,Lakeshore Real Estate,Social,New,false,2025-11-01,,
LEAD000155,Bianca,Delgado,bianca.delgado155@outlook.com,Foxglove & Co.,Paid Search,Qualified,false,2025-10-08,ACC00501,2025-11-21
LEAD000156,Devin,Okonkwo,devin.okonkwo156@compass.com,Lakeshore & Co.,Paid Search,Qualified,true,2024-07-05,ACC00348,2024-08-23
LEAD000157,Jordan,Whitfield,jordan.whitfield157@realtyco.com,Blackwood Properties,Referral,Qualified,false,2023-09-13,ACC00670,2023-10-09
LEAD000158,Noel,Rinaldi,noel.rinaldi158@compass.com,Blackwood Properties,Partner,Working,true,2026-04-30,,
LEAD000159,Naomi,Castellanos,naomi.castellanos159@compass.com,Meridian Realty,Conference,Qualified,true,2025-12-26,ACC00697,2026-01-10
LEAD000160,Quinn,Ahmed,quinn.ahmed160@kw.com,Ridgeline Group,Cold Outreach,Qualified,true,2023-06-13,,
LEAD000161,Bianca,Nakamura,bianca.nakamura161@compass.com,Meridian & Co.,Webinar,Working,true,2025-04-06,,
LEAD000162,Rowan,Bautista,rowan.bautista162@kw.com,Cypress Group,Partner,New,false,2023-08-06,,
LEAD000163,Noel,Kearney,noel.kearney163@outlook.com,Summit Properties,Paid Search,Qualified,true,2024-10-26,ACC00306,2024-11-14
LEAD000164,Theo,Moreau,theo.moreau164@outlook.com,Summit Properties,organic search,Nurturing,true,2025-11-15,,
LEAD000165,Maya,Vasquez,maya.vasquez165@realtyco.com,Cornerstone Partners,Webinar,New,false,2026-04-06,,
LEAD000166,Marcus,Kaplan,marcus.kaplan166@realtyco.com,Cornerstone Realty,Conference,Working,true,2024-10-28,,
LEAD000167,Quinn,Thornton,quinn.thornton167@kw.com,Beacon Group,Partner,Qualified,true,2024-03-15,ACC00132,2024-04-02
LEAD000168,Theo,Ahmed,theo.ahmed168@realtyco.com,Ridgeline Partners,Organic Search,New,false,2023-11-03,,
LEAD000169,Noel,Bautista,noel.bautista169@outlook.com,Beacon Realty,Social,Nurturing,true,2023-09-07,,
LEAD000170,Casey,Bergstrom,casey.bergstrom170@realtyco.com,Cypress Partners,Cold Outreach,Disqualified,false,2025-11-19,,
LEAD000171,Tessa,Okonkwo,tessa.okonkwo171@kw.com,Blackwood Group,Partner,Working,false,2024-10-26,,
LEAD000172,Casey,Halvorsen,casey.halvorsen172@realtyco.com,Cypress & Co.,Cold Outreach,Disqualified,false,2024-11-22,,
LEAD000173,Priya,Osei,priya.osei173@outlook.com,Blackwood Real Estate,Cold Outreach,Qualified,false,2025-01-14,ACC00051,2025-02-18
LEAD000174,Riley,Osei,riley.osei174@gmail.com,Ridgeline Group,Paid Search,Disqualified,false,2024-11-11,,
LEAD000175,Devin,Bergstrom,devin.bergstrom175@gmail.com,Lakeshore Group,,Working,true,2026-04-15,,
LEAD000176,Avery,Vasquez,avery.vasquez176@kw.com,Cypress & Co.,,New,false,2024-11-27,,
LEAD000177,Quinn,Moreau,quinn.moreau177@compass.com,Ironwood Partners,Conference,Nurturing,true,2024-08-04,,
LEAD000178,Maya,Halvorsen,maya.halvorsen178@kw.com,Beacon & Co.,Social,Qualified,false,2023-10-23,,
LEAD000179,Felix,Lindqvist,felix.lindqvist179@outlook.com,Lakeshore Group,Referral,Qualified,true,2025-04-26,,
LEAD000180,Riley,Bautista,riley.bautista180@outlook.com,Cornerstone Realty,Referral,New,false,2024-03-23,,
LEAD000181,Casey,Delgado,casey.delgado181@kw.com,Stonebridge Realty,Referral,Qualified,false,2026-05-27,ACC00473,2026-06-02
LEAD000182,Owen,Bergstrom,owen.bergstrom182@compass.com,Beacon Group,Conference,New,false,2025-04-30,,
LEAD000183,Avery,Kearney,avery.kearney183@outlook.com,Lakeshore Partners,Social,Qualified,true,2023-12-05,ACC00841,2023-12-19
LEAD000184,Elena,Thornton,elena.thornton184@compass.com,Summit Group,Conference,Working,true,2026-02-25,,
LEAD000185,Riley,Bautista,riley.bautista185@gmail.com,Ironwood Realty,Partner,Nurturing,true,2025-07-17,,
LEAD000186,Quinn,Rinaldi,quinn.rinaldi186@outlook.com,Cornerstone Partners,Social,Working,false,2023-09-05,,
LEAD000187,Felix,Delgado,felix.delgado187@outlook.com,Ridgeline Real Estate,Referral,Working,false,2026-03-02,,
LEAD000188,Theo,Delgado,theo.delgado188@gmail.com,Foxglove Group,Referral,Qualified,true,2025-04-23,ACC00812,2025-06-02
LEAD000189,Sasha,Castellanos,sasha.castellanos189@compass.com,Cypress Properties,Referral,Disqualified,false,2024-04-29,,
LEAD000190,Priya,Kearney,priya.kearney190@kw.com,Stonebridge & Co.,Conference,Nurturing,false,2024-09-22,,
LEAD000191,Rowan,Nakamura,rowan.nakamura191@realtyco.com,Blackwood Group,Conference,New,false,2025-03-16,,
LEAD000192,Bianca,Halvorsen,bianca.halvorsen192@kw.com,Summit Properties,Organic Search,Qualified,true,2026-06-05,,
LEAD000193,Julian,Kaplan,julian.kaplan193@compass.com,Beacon & Co.,Paid Search,Nurturing,true,2023-11-28,,
LEAD000194,Camille,Vasquez,camille.vasquez194@gmail.com,Ridgeline Group,Webinar,New,false,2023-10-11,,
LEAD000195,Noel,Okonkwo,noel.okonkwo195@realtyco.com,Cypress Partners,Webinar,Disqualified,false,2026-01-27,,
LEAD000196,Theo,Rinaldi,theo.rinaldi196@realtyco.com,Foxglove Real Estate,Social,New,false,2025-11-28,,
LEAD000197,Devin,Nakamura,devin.nakamura197@gmail.com,Cornerstone Realty,Partner,Qualified,true,2024-04-29,,
LEAD000198,Marcus,Bergstrom,marcus.bergstrom198@gmail.com,Beacon Realty,Organic Search,Nurturing,true,2025-03-05,,
LEAD000199,Quinn,Delgado,quinn.delgado199@compass.com,Ridgeline & Co.,,New,false,2026-03-14,,
LEAD000200,Bianca,Thornton,bianca.thornton200@outlook.com,Summit Real Estate,Organic Search,Qualified,false,2023-02-19,,
LEAD000201,Avery,Osei,avery.osei201@gmail.com,Ridgeline Partners,Organic Search,New,false,2025-08-20,,
LEAD000202,Jordan,Castellanos,jordan.castellanos202@outlook.com,Summit Realty,organic search,Working,true,2023-11-07,,
LEAD000203,Felix,Kaplan,felix.kaplan203@compass.com,Stonebridge Realty,organic search,New,false,2023-08-26,,
LEAD000204,Julian,Castellanos,julian.castellanos204@compass.com,Stonebridge & Co.,Social,New,false,2024-12-03,,
LEAD000205,Skyler,Okonkwo,skyler.okonkwo205@compass.com,Summit & Co.,Webinar,Working,true,2024-08-24,,
LEAD000206,Naomi,Lindqvist,naomi.lindqvist206@gmail.com,Blackwood Realty,Organic Search,New,false,2025-12-02,,
LEAD000207,Sasha,Petrova,sasha.petrova207@realtyco.com,Ridgeline Properties,Referral,Nurturing,true,2025-12-10,,
LEAD000208,Noel,Castellanos,noel.castellanos208@realtyco.com,Stonebridge Partners,Webinar,Working,false,2023-02-05,,
LEAD000209,Riley,Whitfield,riley.whitfield209@gmail.com,Cornerstone Partners,Cold Outreach,Qualified,true,2024-03-15,ACC00272,2024-03-19
LEAD000210,Elena,Delgado,elena.delgado210@kw.com,Blackwood Properties,Cold Outreach,Nurturing,true,2025-05-18,,
LEAD000211,Avery,Ahmed,avery.ahmed211@gmail.com,Ironwood Realty,,Disqualified,false,2023-06-03,,
LEAD000212,Devin,Nakamura,devin.nakamura212@outlook.com,Meridian Real Estate,Webinar,Working,true,2025-09-08,,
LEAD000213,Felix,Kaplan,felix.kaplan213@outlook.com,Ridgeline Properties,Partner,New,false,2025-06-02,,
LEAD000214,Marcus,Bautista,marcus.bautista214@outlook.com,Foxglove & Co.,Cold Outreach,Disqualified,false,2023-08-08,,
LEAD000215,Naomi,Whitfield,naomi.whitfield215@gmail.com,Meridian Group,,New,false,2024-03-30,,
LEAD000216,Noel,Halvorsen,noel.halvorsen216@realtyco.com,Meridian Realty,Social,Disqualified,false,2026-03-01,,
LEAD000217,Devin,Rinaldi,devin.rinaldi217@outlook.com,Cornerstone Group,Cold Outreach,Working,true,2026-04-23,,
LEAD000218,Morgan,Castellanos,morgan.castellanos218@compass.com,Summit Realty,Social,New,false,2024-05-29,,
LEAD000219,Owen,Moreau,owen.moreau219@kw.com,Cypress Properties,,Disqualified,false,2023-03-21,,
LEAD000220,Morgan,Rinaldi,morgan.rinaldi220@outlook.com,Ironwood Real Estate,Conference,New,false,2025-03-27,,
LEAD000221,Jordan,Kearney,jordan.kearney221@outlook.com,Meridian Realty,Organic Search,Working,false,2023-01-27,,
LEAD000222,Morgan,Vasquez,morgan.vasquez222@kw.com,Beacon Realty,Social,Nurturing,true,2023-05-05,,
LEAD000223,Julian,Bergstrom,julian.bergstrom223@compass.com,Blackwood Partners,Organic Search,Working,true,2024-11-11,,
LEAD000224,Noel,Nakamura,noel.nakamura224@outlook.com,Lakeshore Real Estate,,Nurturing,false,2023-08-22,,
LEAD000225,Grant,Thornton,grant.thornton225@kw.com,Summit Properties,Partner,Nurturing,true,2025-07-04,,
LEAD000226,Avery,Vasquez,avery.vasquez226@kw.com,Blackwood Partners,Webinar,New,false,2024-02-12,,
LEAD000227,Noel,Osei,noel.osei227@gmail.com,Summit Realty,organic search,Qualified,false,2023-11-01,ACC00475,2023-12-04
LEAD000228,Noel,Osei,noel.osei228@gmail.com,Harbor Realty,Organic Search,Nurturing,true,2025-05-21,,
LEAD000229,Camille,Rinaldi,camille.rinaldi229@compass.com,Cypress Realty,,Qualified,false,2023-09-12,ACC00603,2023-09-30
LEAD000230,Bianca,Ahmed,bianca.ahmed230@gmail.com,Blackwood Real Estate,Paid Search,Qualified,true,2026-03-21,ACC00751,2026-04-04
LEAD000231,Jordan,Lindqvist,jordan.lindqvist231@compass.com,Cypress Partners,Social,Working,true,2026-05-09,,
LEAD000232,Naomi,Kaplan,naomi.kaplan232@kw.com,Meridian Real Estate,Social,Qualified,false,2024-02-11,,
LEAD000233,Morgan,Osei,morgan.osei233@kw.com,Beacon Real Estate,Organic Search,Disqualified,false,2025-02-21,,
LEAD000234,Elena,Bergstrom,elena.bergstrom234@compass.com,Foxglove Real Estate,Referral,New,false,2024-04-22,,
LEAD000235,Theo,Lindqvist,theo.lindqvist235@realtyco.com,Ridgeline Partners,Organic Search,New,false,2026-04-08,,
LEAD000236,Grant,Castellanos,grant.castellanos236@compass.com,Ridgeline Realty,Webinar,Nurturing,true,2023-02-23,,
LEAD000237,Jordan,Nakamura,jordan.nakamura237@compass.com,Harbor Properties,Conference,Disqualified,false,2023-02-26,,
LEAD000238,Devin,Bautista,devin.bautista238@gmail.com,Beacon Realty,Social,Disqualified,false,2026-05-04,,
LEAD000239,Felix,Kearney,felix.kearney239@gmail.com,Cypress Partners,Conference,Nurturing,false,2025-10-28,,
LEAD000240,Marcus,Kearney,marcus.kearney240@realtyco.com,Cypress Real Estate,Referral,Disqualified,false,2023-10-11,,
LEAD000241,Felix,Bergstrom,felix.bergstrom241@gmail.com,Cypress Properties,Social,Working,true,2026-03-15,,
LEAD000242,Avery,Ahmed,avery.ahmed242@outlook.com,Cornerstone Partners,Paid Search,Qualified,true,2026-01-11,,
LEAD000243,Marcus,Petrova,marcus.petrova243@compass.com,Blackwood Properties,Organic Search,Nurturing,true,2023-07-07,,
LEAD000244,Tessa,Kearney,tessa.kearney244@kw.com,Foxglove & Co.,Referral,Nurturing,true,2025-10-30,,
LEAD000245,Jordan,Thornton,jordan.thornton245@kw.com,Summit Partners,Organic Search,Qualified,false,2024-04-14,ACC00164,2024-05-09
LEAD000246,Naomi,Bergstrom,naomi.bergstrom246@compass.com,Cypress Properties,Social,Disqualified,false,2023-12-29,,
LEAD000247,Priya,Petrova,priya.petrova247@kw.com,Ridgeline Group,Organic Search,Qualified,true,2024-12-26,,
LEAD000248,Theo,Osei,theo.osei248@realtyco.com,Meridian Partners,Partner,Working,true,2024-08-02,,
LEAD000249,Julian,Bautista,julian.bautista249@compass.com,Lakeshore Realty,,New,false,2024-10-01,,
LEAD000250,Noel,Castellanos,noel.castellanos250@kw.com,Blackwood Real Estate,Cold Outreach,Working,true,2023-11-24,,
LEAD000251,Avery,Bautista,avery.bautista251@compass.com,Cornerstone Real Estate,Webinar,Working,true,2026-03-21,,
LEAD000252,Tessa,Castellanos,tessa.castellanos252@compass.com,Beacon Real Estate,Partner,Disqualified,false,2024-06-13,,
LEAD000253,Bianca,Kaplan,bianca.kaplan253@gmail.com,Meridian & Co.,Paid Search ,New,false,2025-05-20,,
LEAD000254,Rowan,Thornton,rowan.thornton254@kw.com,Stonebridge Partners,Referral,Qualified,false,2026-05-13,ACC00656,2026-05-29
LEAD000255,Priya,Nakamura,priya.nakamura255@kw.com,Lakeshore & Co.,Paid Search,Nurturing,true,2024-05-24,,
LEAD000256,Quinn,Thornton,quinn.thornton256@compass.com,Harbor Partners,Conference,Working,true,2024-07-24,,
LEAD000257,Jordan,Delgado,jordan.delgado257@kw.com,Harbor Partners,,Nurturing,false,2024-08-15,,
LEAD000258,Camille,Kaplan,camille.kaplan258@compass.com,Foxglove Realty,Referral,Nurturing,true,2025-11-22,,
LEAD000259,Felix,Whitfield,felix.whitfield259@realtyco.com,Harbor Partners,Social,New,false,2025-03-31,,
LEAD000260,Elena,Osei,elena.osei260@kw.com,Blackwood Real Estate,Organic Search,Qualified,true,2025-11-24,,
LEAD000261,Grant,Kearney,grant.kearney261@compass.com,Cypress Partners,Webinar,Nurturing,true,2026-06-18,,
LEAD000262,Owen,Petrova,owen.petrova262@realtyco.com,Lakeshore & Co.,Conference,Qualified,true,2026-03-07,ACC00185,2026-04-16
LEAD000263,Morgan,Castellanos,morgan.castellanos263@outlook.com,Stonebridge Partners,,Qualified,false,2026-05-11,ACC00852,2026-06-06
LEAD000264,Jordan,Thornton,jordan.thornton264@compass.com,Cypress Partners,Organic Search,Qualified,true,2023-08-21,ACC00430,2023-10-01
LEAD000265,Priya,Bergstrom,priya.bergstrom265@compass.com,Summit Partners,Referral,Working,true,2025-04-21,,
LEAD000266,Jordan,Whitfield,jordan.whitfield266@compass.com,Blackwood Properties,Conference,Working,true,2026-05-01,,
LEAD000267,Noel,Petrova,noel.petrova267@realtyco.com,Ironwood Group,Partner,Working,true,2024-07-15,,
LEAD000268,Marcus,Vasquez,marcus.vasquez268@compass.com,Summit Real Estate,Cold Outreach,Working,true,2025-05-17,,
LEAD000269,Marcus,Vasquez,marcus.vasquez269@outlook.com,Lakeshore Group,Webinar,Qualified,false,2024-03-28,ACC00595,2024-04-08
LEAD000270,Noel,Castellanos,noel.castellanos270@gmail.com,Ironwood & Co.,Partner,Working,true,2024-01-13,,
LEAD000271,Theo,Thornton,theo.thornton271@kw.com,Ridgeline Properties,,Disqualified,false,2024-04-13,,
LEAD000272,Morgan,Nakamura,morgan.nakamura272@kw.com,Stonebridge & Co.,Conference,Qualified,true,2023-11-08,ACC00373,2024-01-06
LEAD000273,Noel,Castellanos,noel.castellanos273@gmail.com,Harbor Group,organic search,Working,false,2024-10-09,,
LEAD000274,Owen,Ahmed,owen.ahmed274@compass.com,Summit Realty,Partner,New,false,2025-12-28,,
LEAD000275,Camille,Bautista,camille.bautista275@outlook.com,Cornerstone Realty,Social,Disqualified,false,2025-03-22,,
LEAD000276,Quinn,Thornton,quinn.thornton276@kw.com,Blackwood Properties,Paid Search,New,false,2025-06-28,,
LEAD000277,Naomi,Osei,naomi.osei277@compass.com,Blackwood Properties,Referral,New,false,2023-06-05,,
LEAD000278,Felix,Halvorsen,felix.halvorsen278@compass.com,Summit Partners,Webinar,Qualified,true,2024-12-01,,
LEAD000279,Naomi,Nakamura,naomi.nakamura279@outlook.com,Harbor & Co.,Conference,New,false,2025-01-24,,
LEAD000280,Sasha,Bergstrom,sasha.bergstrom280@realtyco.com,Summit Realty,Cold Outreach,Working,false,2025-10-28,,
LEAD000281,Tessa,Ahmed,tessa.ahmed281@outlook.com,Cornerstone Realty,Cold Outreach,Nurturing,true,2024-09-17,,
LEAD000282,Skyler,Castellanos,skyler.castellanos282@kw.com,Foxglove Real Estate,Conference,Nurturing,false,2025-07-05,,
LEAD000283,Riley,Rinaldi,riley.rinaldi283@realtyco.com,Foxglove & Co.,Partner,Working,false,2025-06-16,,
LEAD000284,Quinn,Halvorsen,quinn.halvorsen284@outlook.com,Harbor Partners,Paid Search,Nurturing,true,2023-12-14,,
LEAD000285,Avery,Kearney,avery.kearney285@gmail.com,Blackwood Group,Organic Search,Working,false,2023-05-05,,
LEAD000286,Skyler,Okonkwo,skyler.okonkwo286@outlook.com,Blackwood Real Estate,Webinar,Nurturing,false,2025-03-02,,
LEAD000287,Priya,Bergstrom,priya.bergstrom287@gmail.com,Cypress Realty,,Disqualified,false,2024-09-17,,
LEAD000288,Maya,Petrova,maya.petrova288@gmail.com,Ironwood Group,Social,Nurturing,false,2025-06-21,,
LEAD000289,Elena,Ahmed,elena.ahmed289@compass.com,Cornerstone Real Estate,Cold Outreach,Working,false,2024-06-04,,
LEAD000290,Maya,Kaplan,maya.kaplan290@realtyco.com,Cornerstone & Co.,Webinar,Qualified,true,2025-08-31,ACC00133,2025-10-14
LEAD000291,Casey,Kearney,casey.kearney291@compass.com,Meridian Partners,Conference,Qualified,false,2025-07-23,,
LEAD000292,Owen,Bautista,owen.bautista292@outlook.com,Beacon Realty,Paid Search,Nurturing,true,2023-11-14,,
LEAD000293,Julian,Castellanos,julian.castellanos293@compass.com,Cypress & Co.,Partner,Qualified,false,2024-06-03,,
LEAD000294,Maya,Ahmed,maya.ahmed294@compass.com,Foxglove Properties,Conference,New,false,2023-12-25,,
LEAD000295,Bianca,Rinaldi,bianca.rinaldi295@compass.com,Beacon Realty,Webinar,Qualified,true,2023-11-30,ACC00145,2023-12-10
LEAD000296,Quinn,Delgado,quinn.delgado296@outlook.com,Harbor Realty,Paid Search,New,false,2023-12-20,,
LEAD000297,Morgan,Whitfield,morgan.whitfield297@gmail.com,Stonebridge Real Estate,Webinar,New,false,2024-01-15,,
LEAD000298,Noel,Rinaldi,noel.rinaldi298@compass.com,Foxglove Real Estate,Partner,Disqualified,false,2025-06-07,,
LEAD000299,Grant,Kearney,grant.kearney299@realtyco.com,Cornerstone Group,Partner,Nurturing,true,2025-09-11,,
LEAD000300,Riley,Lindqvist,riley.lindqvist300@realtyco.com,Foxglove Properties,Webinar,Working,true,2023-05-07,,
LEAD000301,Riley,Bautista,riley.bautista301@compass.com,Foxglove Properties,Social,Qualified,true,2023-04-08,,
LEAD000302,Marcus,Osei,marcus.osei302@gmail.com,Beacon Partners,Cold Outreach,Qualified,false,2026-04-20,ACC00046,2026-05-05
LEAD000303,Avery,Thornton,avery.thornton303@kw.com,Harbor Group,Cold Outreach,Nurturing,true,2024-07-25,,
LEAD000304,Maya,Okonkwo,maya.okonkwo304@gmail.com,Summit & Co.,Partner,Qualified,true,2025-06-11,ACC00840,2025-06-19
LEAD000305,Devin,Lindqvist,devin.lindqvist305@realtyco.com,Summit Partners,Organic Search,Disqualified,false,2023-06-27,,
LEAD000306,Sasha,Vasquez,sasha.vasquez306@compass.com,Blackwood Real Estate,Partner,Disqualified,false,2023-07-25,,
LEAD000307,Camille,Okonkwo,camille.okonkwo307@kw.com,Cypress Properties,Paid Search,New,false,2025-12-06,,
LEAD000308,Marcus,Kearney,marcus.kearney308@compass.com,Ironwood Properties,Partner,Nurturing,true,2023-10-16,,
LEAD000309,Julian,Whitfield,julian.whitfield309@compass.com,Foxglove Real Estate,Webinar,Nurturing,true,2025-12-17,,
LEAD000310,Owen,Halvorsen,owen.halvorsen310@outlook.com,Lakeshore Partners,Organic Search,Nurturing,false,2026-06-12,,
LEAD000311,Bianca,Rinaldi,bianca.rinaldi311@gmail.com,Ridgeline Partners,Paid Search,New,false,2025-02-11,,
LEAD000312,Maya,Thornton,maya.thornton312@gmail.com,Meridian Group,Referral,New,false,2025-07-19,,
LEAD000313,Casey,Kaplan,casey.kaplan313@gmail.com,Beacon Partners,Cold Outreach,Working,true,2025-08-02,,
LEAD000314,Maya,Kaplan,maya.kaplan314@gmail.com,Harbor Real Estate,Social,Nurturing,false,2023-10-10,,
LEAD000315,Naomi,Kearney,naomi.kearney315@kw.com,Blackwood Properties,Conference,Qualified,true,2023-10-24,ACC00216,2023-11-04
LEAD000316,Theo,Halvorsen,theo.halvorsen316@realtyco.com,Stonebridge & Co.,Organic Search,Disqualified,false,2024-11-15,,
LEAD000317,Devin,Ahmed,devin.ahmed317@kw.com,Summit Group,Organic Search,Working,true,2023-09-28,,
LEAD000318,Owen,Castellanos,owen.castellanos318@gmail.com,Stonebridge Real Estate,Referral,Nurturing,true,2023-01-06,,
LEAD000319,Felix,Okonkwo,felix.okonkwo319@gmail.com,Beacon Properties,Partner,Qualified,true,2023-05-10,ACC00437,2023-05-30
LEAD000320,Casey,Ahmed,casey.ahmed320@realtyco.com,Summit Realty,Referral,Nurturing,true,2025-08-20,,
LEAD000321,Owen,Bautista,owen.bautista321@outlook.com,Ironwood Realty,Referral,Working,true,2024-01-10,,
LEAD000322,Sasha,Thornton,sasha.thornton322@gmail.com,Harbor Realty,,Qualified,true,2023-01-13,,
LEAD000323,Avery,Nakamura,avery.nakamura323@kw.com,Harbor & Co.,Organic Search,Working,false,2025-08-07,,
LEAD000324,Felix,Thornton,felix.thornton324@outlook.com,Summit Realty,,Nurturing,true,2024-04-10,,
LEAD000325,Tessa,Vasquez,tessa.vasquez325@gmail.com,Cypress Real Estate,Paid Search,Qualified,false,2023-01-31,,
LEAD000326,Sasha,Vasquez,sasha.vasquez326@compass.com,Cypress Partners,Webinar,New,false,2024-08-23,,
LEAD000327,Tessa,Kearney,tessa.kearney327@outlook.com,Meridian Group,Webinar,Working,true,2026-03-19,,
LEAD000328,Camille,Moreau,camille.moreau328@outlook.com,Beacon Properties,Organic Search,Nurturing,false,2025-04-26,,
LEAD000329,Sasha,Kaplan,sasha.kaplan329@outlook.com,Lakeshore Real Estate,,Working,false,2024-03-12,,
LEAD000330,Noel,Bergstrom,noel.bergstrom330@realtyco.com,Beacon Group,Organic Search,Disqualified,false,2024-01-11,,
LEAD000331,Owen,Bergstrom,owen.bergstrom331@kw.com,Summit & Co., Referral,Disqualified,false,2024-11-21,,
LEAD000332,Tessa,Rinaldi,tessa.rinaldi332@realtyco.com,Cypress Real Estate,Webinar,Disqualified,false,2024-02-01,,
LEAD000333,Skyler,Kearney,skyler.kearney333@realtyco.com,Ironwood Properties,Referral,Disqualified,false,2024-09-13,,
LEAD000334,Sasha,Okonkwo,sasha.okonkwo334@gmail.com,Ironwood Group,,Qualified,true,2024-11-08,,
LEAD000335,Priya,Thornton,priya.thornton335@compass.com,Ridgeline & Co.,Cold Outreach,New,false,2023-06-13,,
LEAD000336,Avery,Okonkwo,avery.okonkwo336@gmail.com,Beacon & Co.,Cold Outreach,Working,false,2026-01-12,,
LEAD000337,Felix,Whitfield,felix.whitfield337@kw.com,Cypress Partners,organic search,Disqualified,false,2026-05-13,,
LEAD000338,Morgan,Whitfield,morgan.whitfield338@gmail.com,Foxglove & Co.,Cold Outreach,Qualified,true,2023-10-19,ACC00047,2023-11-15
LEAD000339,Naomi,Whitfield,naomi.whitfield339@realtyco.com,Stonebridge Realty,Cold Outreach,Working,false,2025-04-11,,
LEAD000340,Avery,Kaplan,avery.kaplan340@gmail.com,Summit Properties,Referral,Qualified,false,2023-10-04,ACC00830,2023-12-01
LEAD000341,Maya,Okonkwo,maya.okonkwo341@outlook.com,Lakeshore & Co.,Cold Outreach,New,false,2023-06-11,,
LEAD000342,Grant,Ahmed,grant.ahmed342@kw.com,Harbor Partners,,Working,false,2025-06-20,,
LEAD000343,Casey,Rinaldi,casey.rinaldi343@realtyco.com,Foxglove Realty,Paid Search,Nurturing,false,2026-05-03,,
LEAD000344,Grant,Kaplan,grant.kaplan344@gmail.com,Cornerstone & Co.,Paid Search,Qualified,false,2023-04-09,ACC00611,2023-05-01
LEAD000345,Morgan,Whitfield,morgan.whitfield345@outlook.com,Ironwood Realty,Cold Outreach,New,false,2024-07-22,,
LEAD000346,Owen,Lindqvist,owen.lindqvist346@outlook.com,Foxglove Group,Organic Search,Disqualified,false,2023-05-12,,
LEAD000347,Theo,Nakamura,theo.nakamura347@compass.com,Lakeshore Properties,Cold Outreach,Qualified,true,2026-01-22,,
LEAD000348,Noel,Kaplan,noel.kaplan348@gmail.com,Foxglove Realty,Paid Search,Disqualified,false,2023-03-10,,
LEAD000349,Noel,Osei,noel.osei349@kw.com,Beacon Group,,Working,true,2026-01-26,,
LEAD000350,Maya,Bergstrom,maya.bergstrom350@outlook.com,Foxglove Properties,Conference,New,false,2025-09-07,,
LEAD000351,Bianca,Lindqvist,bianca.lindqvist351@kw.com,Beacon Partners,Cold Outreach,New,false,2024-09-20,,
LEAD000352,Noel,Nakamura,noel.nakamura352@realtyco.com,Summit Realty,,New,false,2024-11-15,,
LEAD000353,Camille,Delgado,camille.delgado353@outlook.com,Blackwood Realty,Cold Outreach,Disqualified,false,2025-02-16,,
LEAD000354,Julian,Kearney,julian.kearney354@outlook.com,Cornerstone Properties,Referral,Qualified,true,2024-06-05,ACC00665,2024-07-27
LEAD000355,Morgan,Kaplan,morgan.kaplan355@gmail.com,Lakeshore Properties,Paid Search,Disqualified,false,2023-02-01,,
LEAD000356,Avery,Kearney,avery.kearney356@outlook.com,Harbor Realty,Partner,Working,true,2026-02-12,,
LEAD000357,Julian,Bergstrom,julian.bergstrom357@kw.com,Lakeshore Real Estate,Paid Search,Disqualified,false,2023-10-06,,
LEAD000358,Sasha,Kearney,sasha.kearney358@compass.com,Ironwood Group,Cold Outreach,Qualified,true,2025-07-12,ACC00388,2025-08-21
LEAD000359,Jordan,Bergstrom,jordan.bergstrom359@gmail.com,Stonebridge Properties,Partner,Disqualified,false,2024-05-07,,
LEAD000360,Julian,Thornton,julian.thornton360@kw.com,Summit & Co.,,Nurturing,true,2024-12-25,,
LEAD000361,Avery,Rinaldi,avery.rinaldi361@compass.com,Summit Properties,Organic Search,Working,true,2023-08-23,,
LEAD000362,Maya,Nakamura,maya.nakamura362@compass.com,Harbor Real Estate,,Disqualified,false,2023-07-22,,
LEAD000363,Bianca,Halvorsen,bianca.halvorsen363@gmail.com,Cypress Partners,Cold Outreach,Working,true,2023-01-09,,
LEAD000364,Devin,Vasquez,devin.vasquez364@kw.com,Stonebridge Partners,Organic Search,Nurturing,true,2026-01-31,,
LEAD000365,Maya,Moreau,maya.moreau365@kw.com,Cypress & Co.,Paid Search,Qualified,true,2025-02-20,,
LEAD000366,Skyler,Kaplan,skyler.kaplan366@compass.com,Beacon Properties,Partner,New,false,2026-01-26,,
LEAD000367,Owen,Ahmed,owen.ahmed367@outlook.com,Ridgeline & Co.,Conference,Qualified,false,2024-11-10,,
LEAD000368,Quinn,Whitfield,quinn.whitfield368@outlook.com,Ridgeline & Co.,Referral,Nurturing,false,2023-04-21,,
LEAD000369,Jordan,Ahmed,jordan.ahmed369@outlook.com,Stonebridge Properties,Conference,Disqualified,false,2023-07-01,,
LEAD000370,Felix,Bautista,felix.bautista370@compass.com,Stonebridge Properties,Organic Search,Working,false,2023-08-13,,
LEAD000371,Grant,Castellanos,grant.castellanos371@gmail.com,Blackwood & Co.,,New,false,2023-01-27,,
LEAD000372,Maya,Castellanos,maya.castellanos372@outlook.com,Stonebridge Realty,Referral,Working,true,2024-03-24,,
LEAD000373,Maya,Delgado,maya.delgado373@kw.com,Blackwood Partners,Referral,Disqualified,false,2023-03-26,,
LEAD000374,Skyler,Whitfield,skyler.whitfield374@kw.com,Beacon Partners,Cold Outreach,Nurturing,true,2023-04-28,,
LEAD000375,Bianca,Moreau,bianca.moreau375@gmail.com,Foxglove Properties,Webinar,New,false,2026-06-05,,
LEAD000376,Theo,Kaplan,theo.kaplan376@outlook.com,Meridian & Co.,Organic Search,Nurturing,false,2025-05-01,,
LEAD000377,Skyler,Moreau,skyler.moreau377@compass.com,Blackwood Realty,Conference,Disqualified,false,2023-03-01,,
LEAD000378,Theo,Petrova,theo.petrova378@kw.com,Beacon Realty,referral,Disqualified,false,2025-03-13,,
LEAD000379,Owen,Okonkwo,owen.okonkwo379@kw.com,Ironwood Partners,Partner,Working,false,2025-01-21,,
LEAD000380,Jordan,Petrova,jordan.petrova380@compass.com,Ironwood Group,Partner,New,false,2024-04-23,,
LEAD000381,Devin,Okonkwo,devin.okonkwo381@kw.com,Ironwood Partners,Conference,Qualified,false,2024-09-12,ACC00361,2024-09-17
LEAD000382,Grant,Lindqvist,grant.lindqvist382@realtyco.com,Summit Group,Webinar,Nurturing,true,2026-05-23,,
LEAD000383,Noel,Nakamura,noel.nakamura383@outlook.com,Ironwood Realty,Webinar,New,false,2025-07-18,,
LEAD000384,Riley,Lindqvist,riley.lindqvist384@outlook.com,Stonebridge Group,Conference,Working,false,2023-10-28,,
LEAD000385,Sasha,Vasquez,sasha.vasquez385@gmail.com,Cypress & Co.,Referral,Nurturing,true,2024-06-29,,
LEAD000386,Theo,Moreau,theo.moreau386@gmail.com,Foxglove Real Estate,Referral,Disqualified,false,2025-04-14,,
LEAD000387,Bianca,Petrova,bianca.petrova387@outlook.com,Ridgeline & Co.,Webinar,Working,false,2024-06-23,,
LEAD000388,Marcus,Rinaldi,marcus.rinaldi388@outlook.com,Cornerstone Properties,Cold Outreach,Working,true,2024-01-18,,
LEAD000389,Skyler,Okonkwo,skyler.okonkwo389@compass.com,Beacon Partners,,Qualified,true,2024-05-08,,
LEAD000390,Felix,Ahmed,felix.ahmed390@compass.com,Foxglove Group,Social,Working,true,2025-01-27,,
LEAD000391,Julian,Petrova,julian.petrova391@realtyco.com,Cornerstone Group,Conference,Disqualified,false,2026-04-16,,
LEAD000392,Rowan,Osei,rowan.osei392@kw.com,Stonebridge Real Estate,Social,Working,false,2025-01-29,,
LEAD000393,Noel,Kaplan,noel.kaplan393@outlook.com,Lakeshore Group,Webinar,New,false,2025-06-01,,
LEAD000394,Devin,Whitfield,devin.whitfield394@realtyco.com,Cypress Realty,Paid Search,Disqualified,false,2026-01-01,,
LEAD000395,Priya,Nakamura,priya.nakamura395@kw.com,Blackwood Partners,Referral,Nurturing,true,2025-03-28,,
LEAD000396,Rowan,Whitfield,rowan.whitfield396@compass.com,Harbor Group,Conference,Working,true,2025-07-17,,
LEAD000397,Morgan,Lindqvist,morgan.lindqvist397@outlook.com,Ridgeline Partners,Conference,Nurturing,false,2023-04-18,,
LEAD000398,Marcus,Vasquez,marcus.vasquez398@compass.com,Ironwood Properties,Webinar,New,false,2024-09-24,,
LEAD000399,Grant,Rinaldi,grant.rinaldi399@compass.com,Foxglove & Co.,Organic Search,New,false,2024-04-07,,
LEAD000400,Felix,Moreau,felix.moreau400@gmail.com,Harbor Group,Cold Outreach,New,false,2025-10-12,,
LEAD000401,Felix,Kearney,felix.kearney401@outlook.com,Lakeshore & Co.,Organic Search,Working,true,2025-07-03,,
LEAD000402,Quinn,Osei,quinn.osei402@kw.com,Summit Realty,Social,Qualified,true,2025-11-01,ACC00648,2025-12-17
LEAD000403,Naomi,Nakamura,naomi.nakamura403@outlook.com,Beacon Partners,Partner,Qualified,true,2023-02-21,,
LEAD000404,Bianca,Osei,bianca.osei404@gmail.com,Harbor Group,Cold Outreach,New,false,2025-03-30,,
LEAD000405,Jordan,Okonkwo,jordan.okonkwo405@realtyco.com,Lakeshore & Co.,Referral,New,false,2025-01-01,,
LEAD000406,Owen,Okonkwo,owen.okonkwo406@gmail.com,Blackwood Properties,Paid Search,Qualified,true,2023-03-16,,
LEAD000407,Grant,Delgado,grant.delgado407@compass.com,Stonebridge Realty,,Working,false,2023-09-03,,
LEAD000408,Skyler,Petrova,skyler.petrova408@gmail.com,Cornerstone Partners,Organic Search,New,false,2025-12-19,,
LEAD000409,Theo,Thornton,theo.thornton409@gmail.com,Meridian & Co.,Referral,Disqualified,false,2024-12-19,,
LEAD000410,Quinn,Halvorsen,quinn.halvorsen410@compass.com,Lakeshore & Co.,Cold Outreach,Working,false,2024-05-19,,
LEAD000411,Rowan,Castellanos,rowan.castellanos411@compass.com,Cornerstone Real Estate,Referral,Working,true,2023-12-13,,
LEAD000412,Quinn,Whitfield,quinn.whitfield412@outlook.com,Lakeshore Properties,Cold Outreach,Qualified,true,2024-08-11,,
LEAD000413,Tessa,Osei,tessa.osei413@gmail.com,Summit Real Estate,Cold Outreach,Nurturing,false,2023-06-28,,
LEAD000414,Jordan,Bautista,jordan.bautista414@outlook.com,Cornerstone Partners,Partner,Qualified,true,2024-01-19,ACC00007,2024-02-23
LEAD000415,Avery,Halvorsen,avery.halvorsen415@compass.com,Cornerstone Real Estate,Referral,Qualified,false,2023-09-13,,
LEAD000416,Naomi,Nakamura,naomi.nakamura416@realtyco.com,Cypress Group,Social,Qualified,false,2023-07-03,ACC00339,2023-08-20
LEAD000417,Camille,Delgado,camille.delgado417@outlook.com,Cornerstone & Co.,Social,New,false,2024-10-26,,
LEAD000418,Casey,Castellanos,casey.castellanos418@outlook.com,Lakeshore Real Estate,Paid Search,Working,false,2023-11-27,,
LEAD000419,Felix,Castellanos,felix.castellanos419@outlook.com,Meridian Group,Referral,New,false,2024-01-13,,
LEAD000420,Skyler,Thornton,skyler.thornton420@kw.com,Cornerstone Realty,Partner,Disqualified,false,2023-04-11,,
LEAD000421,Naomi,Moreau,naomi.moreau421@gmail.com,Cornerstone Realty,Paid Search,Nurturing,true,2025-12-24,,
LEAD000422,Priya,Bergstrom,priya.bergstrom422@gmail.com,Cornerstone Partners,Conference,Qualified,true,2026-02-18,ACC00406,2026-02-21
LEAD000423,Grant,Okonkwo,grant.okonkwo423@kw.com,Foxglove Group,Conference,Working,true,2025-11-07,,
LEAD000424,Priya,Ahmed,priya.ahmed424@outlook.com,Foxglove & Co.,Paid Search,New,false,2025-09-02,,
LEAD000425,Riley,Thornton,riley.thornton425@gmail.com,Meridian & Co.,Partner,Working,true,2023-06-27,,
LEAD000426,Tessa,Ahmed,tessa.ahmed426@compass.com,Lakeshore Partners,Organic Search,Disqualified,false,2023-02-04,,
LEAD000427,Sasha,Halvorsen,sasha.halvorsen427@gmail.com,Blackwood Properties,,Qualified,true,2025-01-02,,
LEAD000428,Quinn,Whitfield,quinn.whitfield428@gmail.com,Cornerstone Real Estate,Social,Qualified,true,2023-05-26,ACC00411,2023-06-17
LEAD000429,Maya,Osei,maya.osei429@compass.com,Beacon Properties,Social,Qualified,true,2025-04-06,ACC00136,2025-05-15
LEAD000430,Tessa,Halvorsen,tessa.halvorsen430@outlook.com,Ridgeline Partners,,Nurturing,false,2025-09-17,,
LEAD000431,Grant,Whitfield,grant.whitfield431@compass.com,Meridian Partners,Cold Outreach,Disqualified,false,2025-07-31,,
LEAD000432,Naomi,Kearney,naomi.kearney432@compass.com,Stonebridge & Co.,Cold Outreach,Qualified,true,2025-05-10,ACC00607,2025-06-22
LEAD000433,Morgan,Kaplan,morgan.kaplan433@compass.com,Foxglove & Co.,Cold Outreach,New,false,2025-02-21,,
LEAD000434,Bianca,Vasquez,bianca.vasquez434@gmail.com,Meridian Realty,Webinar,New,false,2024-01-08,,
LEAD000435,Devin,Whitfield,devin.whitfield435@realtyco.com,Meridian & Co.,Social,Working,true,2024-12-15,,
LEAD000436,Marcus,Halvorsen,marcus.halvorsen436@compass.com,Beacon Partners,,Working,true,2023-01-15,,
LEAD000437,Sasha,Osei,sasha.osei437@kw.com,Blackwood Realty,Partner,Working,true,2025-10-13,,
LEAD000438,Skyler,Petrova,skyler.petrova438@realtyco.com,Summit Realty,Partner,New,false,2024-12-12,,
LEAD000439,Tessa,Bergstrom,tessa.bergstrom439@gmail.com,Meridian & Co.,Cold Outreach,Nurturing,true,2024-12-23,,
LEAD000440,Elena,Osei,elena.osei440@compass.com,Foxglove Group,Referral,New,false,2026-06-16,,
LEAD000441,Casey,Petrova,casey.petrova441@gmail.com,Ridgeline Group,Cold Outreach,Qualified,true,2024-04-01,ACC00892,2024-05-20
LEAD000442,Quinn,Bautista,quinn.bautista442@realtyco.com,Cornerstone Realty,Social,New,false,2023-11-26,,
LEAD000443,Priya,Lindqvist,priya.lindqvist443@realtyco.com,Ironwood & Co.,Cold Outreach,Working,true,2025-12-10,,
LEAD000444,Marcus,Vasquez,marcus.vasquez444@realtyco.com,Harbor Group,Conference,Working,true,2024-06-20,,
LEAD000445,Noel,Bergstrom,noel.bergstrom445@realtyco.com,Blackwood Real Estate,Webinar,Disqualified,false,2026-05-29,,
LEAD000446,Julian,Lindqvist,julian.lindqvist446@compass.com,Foxglove & Co.,Conference,Working,false,2024-04-08,,
LEAD000447,Quinn,Castellanos,quinn.castellanos447@kw.com,Stonebridge Properties,Paid Search,New,false,2024-04-04,,
LEAD000448,Bianca,Kearney,bianca.kearney448@gmail.com,Meridian Partners,Conference,New,false,2025-12-05,,
LEAD000449,Casey,Okonkwo,casey.okonkwo449@realtyco.com,Cypress Group,Organic Search,Nurturing,true,2023-12-21,,
LEAD000450,Naomi,Osei,naomi.osei450@outlook.com,Summit Properties,Cold Outreach,Nurturing,true,2025-01-28,,
LEAD000451,Marcus,Ahmed,marcus.ahmed451@gmail.com,Ridgeline & Co.,Partner,Working,true,2026-03-06,,
LEAD000452,Bianca,Okonkwo,bianca.okonkwo452@gmail.com,Cornerstone & Co.,Referral,New,false,2023-02-26,,
LEAD000453,Julian,Vasquez,julian.vasquez453@outlook.com,Lakeshore Real Estate,Cold Outreach,Nurturing,true,2025-03-16,,
LEAD000454,Grant,Halvorsen,grant.halvorsen454@compass.com,Meridian Properties,Partner,New,false,2023-01-05,,
LEAD000455,Riley,Ahmed,riley.ahmed455@gmail.com,Harbor Properties,Conference,Qualified,false,2025-01-08,ACC00587,2025-01-25
LEAD000456,Sasha,Thornton,sasha.thornton456@kw.com,Ridgeline & Co.,Webinar,New,false,2023-04-09,,
LEAD000457,Felix,Castellanos,felix.castellanos457@outlook.com,Blackwood Partners,Webinar,Working,true,2023-03-10,,
LEAD000458,Morgan,Whitfield,morgan.whitfield458@kw.com,Cypress Realty,Webinar,Qualified,true,2024-09-08,ACC00266,2024-10-28
LEAD000459,Naomi,Vasquez,naomi.vasquez459@gmail.com,Ridgeline & Co.,Conference,Nurturing,true,2023-10-16,,
LEAD000460,Grant,Halvorsen,grant.halvorsen460@gmail.com,Blackwood Properties,,Working,false,2025-06-16,,
LEAD000461,Jordan,Castellanos,jordan.castellanos461@compass.com,Meridian Group,Cold Outreach,New,false,2024-04-12,,
LEAD000462,Tessa,Petrova,tessa.petrova462@outlook.com,Cornerstone Properties,Referral,Qualified,true,2024-11-23,,
LEAD000463,Casey,Bergstrom,casey.bergstrom463@compass.com,Harbor Properties,,Working,true,2023-01-20,,
LEAD000464,Avery,Bergstrom,avery.bergstrom464@kw.com,Harbor & Co.,Webinar,Working,false,2023-02-14,,
LEAD000465,Grant,Osei,grant.osei465@kw.com,Ridgeline Partners,Cold Outreach,New,false,2025-07-23,,
LEAD000466,Theo,Thornton,theo.thornton466@realtyco.com,Foxglove Group,Webinar,New,false,2024-10-07,,
LEAD000467,Skyler,Okonkwo,skyler.okonkwo467@realtyco.com,Beacon Properties,Referral,Nurturing,true,2023-06-10,,
LEAD000468,Skyler,Ahmed,skyler.ahmed468@compass.com,Stonebridge Realty,Paid Search,New,false,2023-09-27,,
LEAD000469,Riley,Rinaldi,riley.rinaldi469@realtyco.com,Summit Partners,Referral,New,false,2023-11-30,,
LEAD000470,Felix,Osei,felix.osei470@kw.com,Foxglove & Co.,Social,Disqualified,false,2024-06-14,,
LEAD000471,Maya,Halvorsen,maya.halvorsen471@outlook.com,Blackwood Realty,Conference,Qualified,true,2024-10-19,,
LEAD000472,Naomi,Kearney,naomi.kearney472@compass.com,Harbor Properties,Social,Qualified,true,2024-04-10,ACC00214,2024-05-04
LEAD000473,Theo,Okonkwo,theo.okonkwo473@compass.com,Stonebridge & Co.,Cold Outreach,Qualified,true,2026-04-12,ACC00020,2026-05-01
LEAD000474,Rowan,Halvorsen,rowan.halvorsen474@gmail.com,Ridgeline Realty,Webinar,Qualified,true,2024-05-25,ACC00002,2024-06-08
LEAD000475,Jordan,Moreau,jordan.moreau475@realtyco.com,Stonebridge Real Estate,Social,New,false,2025-12-23,,
LEAD000476,Tessa,Okonkwo,tessa.okonkwo476@gmail.com,Foxglove Properties,Social,Qualified,true,2023-06-01,ACC00655,2023-07-18
LEAD000477,Devin,Moreau,devin.moreau477@realtyco.com,Stonebridge Realty,Conference,New,false,2026-04-18,,
LEAD000478,Camille,Moreau,camille.moreau478@realtyco.com,Cornerstone Properties,Referral,Working,true,2023-12-20,,
LEAD000479,Quinn,Nakamura,quinn.nakamura479@gmail.com,Ironwood Properties,Cold Outreach,New,false,2023-02-13,,
LEAD000480,Noel,Vasquez,noel.vasquez480@outlook.com,Stonebridge & Co.,Partner,New,false,2024-06-17,,
LEAD000481,Avery,Kearney,avery.kearney481@kw.com,Summit Group,Webinar,Working,true,2024-02-05,,
LEAD000482,Owen,Halvorsen,owen.halvorsen482@outlook.com,Summit Group,,Nurturing,true,2025-11-07,,
LEAD000483,Noel,Bautista,noel.bautista483@kw.com,Beacon Group,Organic Search,New,false,2024-12-16,,
LEAD000484,Theo,Nakamura,theo.nakamura484@compass.com,Stonebridge Group,Partner,New,false,2025-03-24,,
LEAD000485,Tessa,Bergstrom,tessa.bergstrom485@outlook.com,Ridgeline Group,Referral,Working,true,2024-07-02,,
LEAD000486,Avery,Osei,avery.osei486@compass.com,Ridgeline Realty,Partner,New,false,2023-06-14,,
LEAD000487,Naomi,Thornton,naomi.thornton487@kw.com,Cornerstone Realty,Referral,New,false,2026-03-18,,
LEAD000488,Casey,Vasquez,casey.vasquez488@outlook.com,Foxglove Partners,Partner,Working,true,2024-10-08,,
LEAD000489,Theo,Lindqvist,theo.lindqvist489@compass.com,Summit & Co.,PAID SEARCH,Working,false,2024-01-04,,
LEAD000490,Priya,Moreau,priya.moreau490@compass.com,Summit Realty,Webinar,Working,true,2024-02-03,,
LEAD000491,Sasha,Bergstrom,sasha.bergstrom491@outlook.com,Harbor Group,organic search,New,false,2023-11-18,,
LEAD000492,Felix,Lindqvist,felix.lindqvist492@kw.com,Ironwood Group,Organic Search,Qualified,false,2025-11-13,ACC00456,2025-12-20
LEAD000493,Morgan,Moreau,morgan.moreau493@kw.com,Blackwood Group,Cold Outreach,Nurturing,false,2025-12-23,,
LEAD000494,Grant,Whitfield,grant.whitfield494@kw.com,Beacon & Co.,Partner,Disqualified,false,2023-03-29,,
LEAD000495,Owen,Halvorsen,owen.halvorsen495@kw.com,Blackwood Partners,Cold Outreach,Qualified,false,2024-05-15,,
LEAD000496,Felix,Moreau,felix.moreau496@outlook.com,Harbor Real Estate,Partner,New,false,2026-05-05,,
LEAD000497,Casey,Osei,casey.osei497@realtyco.com,Stonebridge Realty,,New,false,2023-10-24,,
LEAD000498,Jordan,Lindqvist,jordan.lindqvist498@kw.com,Cypress Real Estate,Conference,Qualified,false,2023-12-01,ACC00147,2024-01-19
LEAD000499,Maya,Moreau,maya.moreau499@kw.com,Meridian Real Estate,Social,Working,true,2023-07-04,,
LEAD000500,Theo,Ahmed,theo.ahmed500@compass.com,Summit Realty,Organic Search,New,false,2026-03-24,,
LEAD000501,Rowan,Osei,rowan.osei501@gmail.com,Summit Group,,Qualified,false,2025-05-14,ACC00687,2025-05-17
LEAD000502,Felix,Nakamura,felix.nakamura502@gmail.com,Summit Group,Cold Outreach,Working,true,2026-01-09,,
LEAD000503,Priya,Nakamura,priya.nakamura503@compass.com,Stonebridge Realty,Webinar,Disqualified,false,2024-07-07,,
LEAD000504,Devin,Kearney,devin.kearney504@compass.com,Meridian Realty,Partner,Nurturing,true,2023-11-28,,
LEAD000505,Noel,Kearney,noel.kearney505@outlook.com,Ridgeline Real Estate,Referral,Disqualified,false,2025-06-04,,
LEAD000506,Skyler,Bautista,skyler.bautista506@outlook.com,Cornerstone Partners,Partner,Disqualified,false,2026-06-02,,
LEAD000507,Tessa,Kaplan,tessa.kaplan507@compass.com,Ironwood Properties,Cold Outreach,Disqualified,false,2025-11-01,,
LEAD000508,Noel,Rinaldi,noel.rinaldi508@gmail.com,Summit Realty,Webinar,Working,true,2023-08-03,,
LEAD000509,Grant,Bautista,grant.bautista509@compass.com,Cypress & Co.,Webinar,Qualified,false,2023-11-18,ACC00289,2024-01-03
LEAD000510,Devin,Nakamura,devin.nakamura510@gmail.com,Ironwood Partners,Organic Search,Disqualified,false,2025-08-02,,
LEAD000511,Camille,Petrova,camille.petrova511@compass.com,Ridgeline Realty,Paid Search,Working,true,2023-07-14,,
LEAD000512,Sasha,Bautista,sasha.bautista512@outlook.com,Beacon Real Estate,Conference,New,false,2023-07-25,,
LEAD000513,Julian,Osei,julian.osei513@kw.com,Meridian Real Estate,Social,Qualified,true,2023-08-28,ACC00669,2023-10-07
LEAD000514,Sasha,Lindqvist,sasha.lindqvist514@outlook.com,Stonebridge Partners,Social,Qualified,true,2024-12-17,,
LEAD000515,Maya,Petrova,maya.petrova515@realtyco.com,Meridian Realty,Partner,Nurturing,true,2025-12-29,,
LEAD000516,Julian,Delgado,julian.delgado516@kw.com,Foxglove & Co.,Referral,Working,true,2024-09-22,,
LEAD000517,Julian,Lindqvist,julian.lindqvist517@compass.com,Ironwood Partners,Paid Search,New,false,2023-10-07,,
LEAD000518,Bianca,Lindqvist,bianca.lindqvist518@gmail.com,Cypress Realty,Social,Working,true,2023-05-09,,
LEAD000519,Theo,Rinaldi,theo.rinaldi519@compass.com,Meridian Group,Social,Working,true,2024-09-20,,
LEAD000520,Riley,Bautista,riley.bautista520@realtyco.com,Beacon Real Estate,Conference,Nurturing,false,2024-02-01,,
LEAD000521,Priya,Delgado,priya.delgado521@gmail.com,Blackwood Group,Organic Search,Nurturing,true,2025-03-27,,
LEAD000522,Theo,Nakamura,theo.nakamura522@outlook.com,Harbor Realty,Partner,Working,true,2025-11-20,,
LEAD000523,Casey,Rinaldi,casey.rinaldi523@gmail.com,Summit Real Estate,Partner,Nurturing,true,2023-03-22,,
LEAD000524,Sasha,Ahmed,sasha.ahmed524@realtyco.com,Beacon Group,organic search,Qualified,false,2025-01-04,,
LEAD000525,Sasha,Kearney,sasha.kearney525@compass.com,Lakeshore Partners,Social,Qualified,false,2024-04-30,,
LEAD000526,Rowan,Whitfield,rowan.whitfield526@gmail.com,Summit Properties,Social,Disqualified,false,2023-11-02,,
LEAD000527,Jordan,Thornton,jordan.thornton527@compass.com,Lakeshore & Co.,Partner,Disqualified,false,2025-03-10,,
LEAD000528,Skyler,Whitfield,skyler.whitfield528@compass.com,Cornerstone Partners,Partner,Nurturing,false,2025-01-02,,
LEAD000529,Grant,Lindqvist,grant.lindqvist529@kw.com,Stonebridge Realty,Social,Nurturing,false,2025-06-03,,
LEAD000530,Owen,Halvorsen,owen.halvorsen530@outlook.com,Ironwood Group,Partner,Qualified,false,2023-11-28,ACC00242,2024-01-10
LEAD000531,Morgan,Okonkwo,morgan.okonkwo531@realtyco.com,Ridgeline Real Estate,Conference,Working,true,2024-04-17,,
LEAD000532,Jordan,Petrova,jordan.petrova532@compass.com,Ironwood Group,Conference,Disqualified,false,2025-09-18,,
LEAD000533,Quinn,Lindqvist,quinn.lindqvist533@compass.com,Meridian Partners,Partner,Qualified,false,2023-03-21,ACC00049,2023-04-15
LEAD000534,Casey,Vasquez,casey.vasquez534@gmail.com,Lakeshore Properties,Referral,New,false,2025-05-21,,
LEAD000535,Skyler,Lindqvist,skyler.lindqvist535@realtyco.com,Cypress Group,Paid Search,Disqualified,false,2025-06-19,,
LEAD000536,Grant,Vasquez,grant.vasquez536@gmail.com,Cornerstone Real Estate,Webinar,Working,true,2025-02-01,,
LEAD000537,Avery,Halvorsen,avery.halvorsen537@outlook.com,Stonebridge Real Estate,Referral,New,false,2023-06-17,,
LEAD000538,Jordan,Whitfield,jordan.whitfield538@gmail.com,Harbor & Co.,Partner,New,false,2024-05-25,,
LEAD000539,Camille,Bergstrom,camille.bergstrom539@realtyco.com,Cypress & Co.,Social,Working,true,2023-10-21,,
LEAD000540,Rowan,Thornton,rowan.thornton540@realtyco.com,Ridgeline Properties,Cold Outreach,Working,true,2026-02-12,,
LEAD000541,Marcus,Nakamura,marcus.nakamura541@compass.com,Lakeshore Partners,Referral,Working,true,2024-12-10,,
LEAD000542,Riley,Rinaldi,riley.rinaldi542@realtyco.com,Meridian Realty,PAID SEARCH,New,false,2023-05-17,,
LEAD000543,Elena,Rinaldi,elena.rinaldi543@realtyco.com,Foxglove Properties,Conference,Working,true,2025-07-19,,
LEAD000544,Casey,Lindqvist,casey.lindqvist544@compass.com,Blackwood & Co.,Conference,Qualified,false,2025-06-16,ACC00349,2025-07-11
LEAD000545,Bianca,Rinaldi,bianca.rinaldi545@outlook.com,Summit Group,Conference,Disqualified,false,2024-02-13,,
LEAD000546,Rowan,Halvorsen,rowan.halvorsen546@gmail.com,Harbor & Co.,Paid Search,New,false,2025-11-11,,
LEAD000547,Skyler,Bergstrom,skyler.bergstrom547@outlook.com,Cypress Realty, Referral,Nurturing,true,2025-12-03,,
LEAD000548,Quinn,Halvorsen,quinn.halvorsen548@compass.com,Ironwood Properties,Social,Working,true,2026-01-17,,
LEAD000549,Riley,Vasquez,riley.vasquez549@outlook.com,Lakeshore & Co.,Organic Search,Working,true,2024-01-07,,
LEAD000550,Owen,Okonkwo,owen.okonkwo550@realtyco.com,Ironwood Partners,Organic Search,New,false,2023-07-27,,
LEAD000551,Riley,Halvorsen,riley.halvorsen551@kw.com,Meridian Realty,Partner,Nurturing,false,2025-06-25,,
LEAD000552,Rowan,Delgado,rowan.delgado552@kw.com,Blackwood Group,Referral,Disqualified,false,2025-03-22,,
LEAD000553,Jordan,Whitfield,jordan.whitfield553@realtyco.com,Beacon Properties,,Nurturing,true,2023-03-17,,
LEAD000554,Sasha,Bergstrom,sasha.bergstrom554@outlook.com,Foxglove Group, Referral,Qualified,true,2024-11-28,ACC00343,2024-12-19
LEAD000555,Felix,Bautista,felix.bautista555@compass.com,Stonebridge Partners,Conference,Disqualified,false,2025-11-24,,
LEAD000556,Bianca,Thornton,bianca.thornton556@realtyco.com,Foxglove & Co.,Referral,Qualified,true,2025-06-16,,
LEAD000557,Owen,Castellanos,owen.castellanos557@compass.com,Beacon & Co.,organic search,New,false,2025-11-27,,
LEAD000558,Sasha,Kaplan,sasha.kaplan558@compass.com,Beacon Realty,Conference,New,false,2023-10-09,,
LEAD000559,Julian,Whitfield,julian.whitfield559@realtyco.com,Harbor Group,Conference,Working,false,2024-11-03,,
LEAD000560,Skyler,Osei,skyler.osei560@gmail.com,Ridgeline & Co.,Referral,Nurturing,true,2025-10-13,,
LEAD000561,Avery,Delgado,avery.delgado561@compass.com,Cornerstone Real Estate,Cold Outreach,Qualified,false,2025-12-17,ACC00505,2025-12-25
LEAD000562,Camille,Kearney,camille.kearney562@gmail.com,Summit & Co.,Conference,Working,false,2023-06-13,,
LEAD000563,Grant,Nakamura,grant.nakamura563@realtyco.com,Ridgeline Real Estate,Social,New,false,2023-08-04,,
LEAD000564,Tessa,Osei,tessa.osei564@realtyco.com,Stonebridge Real Estate,Webinar,Qualified,true,2026-04-13,ACC00795,2026-06-08
LEAD000565,Avery,Rinaldi,avery.rinaldi565@gmail.com,Harbor Real Estate,Cold Outreach,Qualified,true,2023-01-25,ACC00695,2023-03-16
LEAD000566,Bianca,Kaplan,bianca.kaplan566@compass.com,Beacon Group,Webinar,Nurturing,true,2023-01-22,,
LEAD000567,Priya,Thornton,priya.thornton567@gmail.com,Stonebridge Real Estate,Webinar,New,false,2023-09-06,,
LEAD000568,Priya,Kearney,priya.kearney568@outlook.com,Blackwood Properties,,Working,false,2023-07-26,,
LEAD000569,Skyler,Petrova,skyler.petrova569@kw.com,Ironwood Properties,Cold Outreach,Qualified,false,2023-05-23,ACC00215,2023-06-08
LEAD000570,Riley,Delgado,riley.delgado570@outlook.com,Meridian Realty,Partner,New,false,2024-12-15,,
LEAD000571,Maya,Whitfield,maya.whitfield571@kw.com,Harbor Group,Cold Outreach,Disqualified,false,2024-11-14,,
LEAD000572,Naomi,Lindqvist,naomi.lindqvist572@kw.com,Ironwood Properties,Webinar,Working,true,2025-07-11,,
LEAD000573,Bianca,Nakamura,bianca.nakamura573@kw.com,Blackwood Properties,Cold Outreach,New,false,2025-01-01,,
LEAD000574,Noel,Okonkwo,noel.okonkwo574@gmail.com,Ridgeline Real Estate,Webinar,New,false,2023-10-02,,
LEAD000575,Theo,Osei,theo.osei575@realtyco.com,Ridgeline Real Estate,,Disqualified,false,2025-02-13,,
LEAD000576,Riley,Petrova,riley.petrova576@gmail.com,Meridian & Co.,,Qualified,true,2024-06-06,ACC00575,2024-06-11
LEAD000577,Priya,Delgado,priya.delgado577@realtyco.com,Harbor Realty,Conference,Working,true,2024-11-16,,
LEAD000578,Sasha,Kearney,sasha.kearney578@kw.com,Ironwood Properties,Referral,Working,true,2023-01-03,,
LEAD000579,Owen,Moreau,owen.moreau579@compass.com,Meridian Properties,Conference,Working,true,2024-06-23,,
LEAD000580,Skyler,Whitfield,skyler.whitfield580@kw.com,Ironwood Group,Partner,New,false,2026-03-24,,
LEAD000581,Maya,Whitfield,maya.whitfield581@compass.com,Beacon Group,Referral,Qualified,false,2026-03-12,,
LEAD000582,Devin,Moreau,devin.moreau582@outlook.com,Beacon Realty,Cold Outreach,Disqualified,false,2024-04-30,,
LEAD000583,Julian,Ahmed,julian.ahmed583@compass.com,Harbor Realty,Paid Search,Nurturing,false,2024-02-07,,
LEAD000584,Elena,Okonkwo,elena.okonkwo584@compass.com,Harbor Real Estate,Conference,Nurturing,true,2024-02-20,,
LEAD000585,Sasha,Halvorsen,sasha.halvorsen585@outlook.com,Cornerstone Partners,Cold Outreach,Working,true,2025-06-26,,
LEAD000586,Camille,Rinaldi,camille.rinaldi586@gmail.com,Lakeshore Properties,Conference,Qualified,true,2023-01-29,ACC00493,2023-03-12
LEAD000587,Naomi,Osei,naomi.osei587@outlook.com,Summit Group,Referral,Working,true,2023-02-17,,
LEAD000588,Quinn,Bergstrom,quinn.bergstrom588@gmail.com,Blackwood Group,Paid Search,Nurturing,true,2023-06-24,,
LEAD000589,Jordan,Halvorsen,jordan.halvorsen589@realtyco.com,Lakeshore Properties,Conference,New,false,2026-04-26,,
LEAD000590,Sasha,Kaplan,sasha.kaplan590@outlook.com,Ridgeline Group,Social,Working,true,2023-05-02,,
LEAD000591,Julian,Whitfield,julian.whitfield591@realtyco.com,Meridian Partners,Social,Working,true,2026-04-17,,
LEAD000592,Quinn,Thornton,quinn.thornton592@realtyco.com,Stonebridge & Co.,Social,Qualified,false,2023-06-10,ACC00689,2023-06-13
LEAD000593,Quinn,Osei,quinn.osei593@realtyco.com,Ironwood Real Estate,Organic Search,New,false,2023-07-24,,
LEAD000594,Tessa,Moreau,tessa.moreau594@compass.com,Ironwood Partners,,New,false,2025-02-20,,
LEAD000595,Maya,Nakamura,maya.nakamura595@kw.com,Stonebridge Properties, Referral,Qualified,true,2023-04-25,ACC00293,2023-06-24
LEAD000596,Devin,Delgado,devin.delgado596@compass.com,Lakeshore Realty,,Nurturing,true,2025-04-18,,
LEAD000597,Camille,Bergstrom,camille.bergstrom597@gmail.com,Summit Partners,Cold Outreach,Nurturing,true,2023-10-07,,
LEAD000598,Julian,Kaplan,julian.kaplan598@outlook.com,Cypress Partners,Paid Search,New,false,2024-01-24,,
LEAD000599,Bianca,Okonkwo,bianca.okonkwo599@gmail.com,Summit Group,Social,Qualified,true,2025-11-09,ACC00055,2025-11-23
LEAD000600,Maya,Ahmed,maya.ahmed600@gmail.com,Beacon Realty,organic search,Nurturing,true,2025-04-14,,
LEAD000601,Marcus,Bergstrom,marcus.bergstrom601@realtyco.com,Blackwood Properties,Paid Search,Working,true,2025-04-13,,
LEAD000602,Casey,Kaplan,casey.kaplan602@realtyco.com,Harbor Properties,Paid Search,Disqualified,false,2025-03-24,,
LEAD000603,Felix,Whitfield,felix.whitfield603@kw.com,Ridgeline Partners,Conference,Qualified,true,2026-04-09,,
LEAD000604,Skyler,Nakamura,skyler.nakamura604@outlook.com,Beacon Partners,Cold Outreach,Working,true,2025-05-11,,
LEAD000605,Julian,Lindqvist,julian.lindqvist605@realtyco.com,Stonebridge Group,Paid Search,Working,true,2026-02-15,,
LEAD000606,Devin,Moreau,devin.moreau606@compass.com,Meridian Realty,PAID SEARCH,New,false,2025-02-21,,
LEAD000607,Quinn,Osei,quinn.osei607@compass.com,Ironwood Group,Partner,Qualified,true,2026-01-11,,
LEAD000608,Tessa,Bautista,tessa.bautista608@gmail.com,Cypress Real Estate,Referral,New,false,2025-05-12,,
LEAD000609,Elena,Lindqvist,elena.lindqvist609@compass.com,Harbor Real Estate,,Qualified,true,2025-07-23,ACC00539,2025-09-06
LEAD000610,Jordan,Halvorsen,jordan.halvorsen610@compass.com,Stonebridge & Co.,Referral,New,false,2024-08-20,,
LEAD000611,Owen,Delgado,owen.delgado611@realtyco.com,Cypress Group,Referral,Disqualified,false,2025-03-15,,
LEAD000612,Owen,Osei,owen.osei612@outlook.com,Harbor Properties,Social,New,false,2024-07-07,,
LEAD000613,Bianca,Bautista,bianca.bautista613@gmail.com,Ridgeline Realty,Cold Outreach,New,false,2025-04-20,,
LEAD000614,Quinn,Delgado,quinn.delgado614@outlook.com,Cornerstone Realty,Referral,Working,true,2025-10-03,,
LEAD000615,Avery,Kearney,avery.kearney615@kw.com,Beacon Properties,Partner,Working,true,2025-11-28,,
LEAD000616,Theo,Whitfield,theo.whitfield616@gmail.com,Ironwood Real Estate,organic search,New,false,2023-01-07,,
LEAD000617,Felix,Castellanos,felix.castellanos617@compass.com,Foxglove Real Estate,Referral,Working,false,2024-04-26,,
LEAD000618,Bianca,Rinaldi,bianca.rinaldi618@gmail.com,Cypress Partners,Paid Search,Qualified,true,2026-06-19,ACC00326,2026-08-14
LEAD000619,Elena,Petrova,elena.petrova619@compass.com,Cypress Group,,Disqualified,false,2024-05-16,,
LEAD000620,Grant,Bergstrom,grant.bergstrom620@outlook.com,Beacon Realty,Partner,New,false,2024-05-25,,
LEAD000621,Morgan,Bautista,morgan.bautista621@realtyco.com,Stonebridge Group,Cold Outreach,Nurturing,true,2023-06-24,,
LEAD000622,Casey,Lindqvist,casey.lindqvist622@outlook.com,Lakeshore Properties,Paid Search,Qualified,true,2023-11-04,ACC00125,2023-11-30
LEAD000623,Tessa,Whitfield,tessa.whitfield623@compass.com,Blackwood Group,Cold Outreach,Nurturing,true,2025-07-03,,
LEAD000624,Maya,Ahmed,maya.ahmed624@outlook.com,Blackwood & Co.,Partner,Qualified,false,2025-04-08,ACC00061,2025-05-16
LEAD000625,Casey,Kearney,casey.kearney625@compass.com,Blackwood Realty,Referral,Nurturing,true,2023-07-07,,
LEAD000626,Noel,Castellanos,noel.castellanos626@realtyco.com,Stonebridge Group,Cold Outreach,New,false,2023-03-10,,
LEAD000627,Casey,Rinaldi,casey.rinaldi627@realtyco.com,Ridgeline Properties,Cold Outreach,New,false,2024-04-10,,
LEAD000628,Devin,Rinaldi,devin.rinaldi628@compass.com,Ridgeline Real Estate,Paid Search,New,false,2023-02-05,,
LEAD000629,Maya,Vasquez,maya.vasquez629@realtyco.com,Lakeshore Real Estate,Organic Search,Qualified,true,2023-08-08,,
LEAD000630,Grant,Petrova,grant.petrova630@outlook.com,Summit Group,,Nurturing,true,2023-08-23,,
LEAD000631,Avery,Okonkwo,avery.okonkwo631@gmail.com,Harbor & Co.,Referral,Working,false,2023-06-24,,
LEAD000632,Quinn,Delgado,quinn.delgado632@gmail.com,Foxglove Group,,New,false,2023-09-18,,
LEAD000633,Sasha,Thornton,sasha.thornton633@realtyco.com,Cornerstone & Co.,Social,Working,false,2023-01-24,,
LEAD000634,Elena,Lindqvist,elena.lindqvist634@outlook.com,Beacon Partners,Paid Search,New,false,2025-02-20,,
LEAD000635,Rowan,Lindqvist,rowan.lindqvist635@kw.com,Stonebridge & Co.,paid search,New,false,2025-02-23,,
LEAD000636,Naomi,Delgado,naomi.delgado636@realtyco.com,Cypress Partners,Social,Working,true,2024-09-25,,
LEAD000637,Tessa,Kearney,tessa.kearney637@outlook.com,Ironwood Partners,Referral,Qualified,false,2023-12-13,ACC00270,2024-01-14
LEAD000638,Owen,Petrova,owen.petrova638@kw.com,Ridgeline Properties,Partner,Disqualified,false,2025-05-06,,
LEAD000639,Elena,Kaplan,elena.kaplan639@realtyco.com,Meridian Group,Partner,Working,true,2025-06-24,,
LEAD000640,Riley,Nakamura,riley.nakamura640@gmail.com,Cypress Group,Paid Search,New,false,2026-03-30,,
LEAD000641,Owen,Halvorsen,owen.halvorsen641@outlook.com,Blackwood Realty,Referral,Working,true,2024-09-09,,
LEAD000642,Tessa,Petrova,tessa.petrova642@kw.com,Blackwood Real Estate,Referral,Working,false,2026-01-26,,
LEAD000643,Devin,Nakamura,devin.nakamura643@kw.com,Foxglove & Co.,Conference,New,false,2024-12-31,,
LEAD000644,Elena,Lindqvist,elena.lindqvist644@outlook.com,Cypress Real Estate,Organic Search,Nurturing,true,2023-06-30,,
LEAD000645,Casey,Rinaldi,casey.rinaldi645@realtyco.com,Foxglove Real Estate,Paid Search,Working,false,2024-05-25,,
LEAD000646,Owen,Bautista,owen.bautista646@kw.com,Blackwood Realty,Organic Search,Qualified,true,2024-01-02,ACC00805,2024-01-30
LEAD000647,Morgan,Moreau,morgan.moreau647@outlook.com,Foxglove & Co.,Referral,Working,true,2023-03-31,,
LEAD000648,Felix,Nakamura,felix.nakamura648@compass.com,Ironwood Realty,Paid Search,Working,false,2024-05-21,,
LEAD000649,Rowan,Halvorsen,rowan.halvorsen649@gmail.com,Summit Properties,Organic Search,Nurturing,true,2023-10-19,,
LEAD000650,Maya,Delgado,maya.delgado650@compass.com,Summit Realty,Social,Nurturing,true,2023-08-04,,
LEAD000651,Elena,Okonkwo,elena.okonkwo651@gmail.com,Cornerstone Realty,Webinar,Disqualified,false,2023-01-28,,
LEAD000652,Maya,Halvorsen,maya.halvorsen652@gmail.com,Stonebridge Realty,Social,Nurturing,false,2023-07-22,,
LEAD000653,Noel,Castellanos,noel.castellanos653@realtyco.com,Foxglove Partners,Paid Search,Nurturing,false,2024-12-27,,
LEAD000654,Priya,Thornton,priya.thornton654@realtyco.com,Cornerstone Group,,Disqualified,false,2023-01-20,,
LEAD000655,Owen,Nakamura,owen.nakamura655@kw.com,Cypress & Co.,Paid Search,Nurturing,true,2023-09-02,,
LEAD000656,Casey,Rinaldi,casey.rinaldi656@gmail.com,Ironwood Realty,Paid Search,Disqualified,false,2026-05-11,,
LEAD000657,Sasha,Bautista,sasha.bautista657@outlook.com,Foxglove Real Estate,Social,New,false,2023-08-16,,
LEAD000658,Bianca,Petrova,bianca.petrova658@outlook.com,Beacon Group,Social,New,false,2024-05-29,,
LEAD000659,Rowan,Okonkwo,rowan.okonkwo659@gmail.com,Ridgeline Group,Partner,New,false,2025-07-05,,
LEAD000660,Sasha,Whitfield,sasha.whitfield660@compass.com,Summit Realty,Cold Outreach,Nurturing,true,2026-01-29,,
LEAD000661,Elena,Lindqvist,elena.lindqvist661@gmail.com,Ironwood Real Estate,Referral,New,false,2024-02-02,,
LEAD000662,Jordan,Petrova,jordan.petrova662@kw.com,Summit Partners,Partner,Qualified,false,2026-05-18,ACC00095,2026-07-02
LEAD000663,Grant,Thornton,grant.thornton663@compass.com,Lakeshore & Co.,Partner,New,false,2023-05-16,,
LEAD000664,Felix,Castellanos,felix.castellanos664@kw.com,Blackwood Properties,,New,false,2023-07-03,,
LEAD000665,Noel,Kaplan,noel.kaplan665@realtyco.com,Summit & Co.,Social,New,false,2023-01-10,,
LEAD000666,Owen,Ahmed,owen.ahmed666@compass.com,Cornerstone Real Estate,Conference,Qualified,true,2023-11-17,ACC00516,2023-12-29
LEAD000667,Sasha,Lindqvist,sasha.lindqvist667@gmail.com,Summit Group,organic search,Qualified,false,2025-10-27,ACC00008,2025-12-20
LEAD000668,Jordan,Castellanos,jordan.castellanos668@realtyco.com,Stonebridge Real Estate,Cold Outreach,Working,false,2023-07-26,,
LEAD000669,Maya,Lindqvist,maya.lindqvist669@outlook.com,Blackwood Real Estate,Webinar,Qualified,true,2025-04-07,ACC00122,2025-05-01
LEAD000670,Avery,Vasquez,avery.vasquez670@realtyco.com,Ridgeline Partners,Organic Search,Nurturing,true,2023-02-04,,
LEAD000671,Bianca,Osei,bianca.osei671@realtyco.com,Stonebridge Realty,Cold Outreach,Nurturing,true,2023-09-08,,
LEAD000672,Riley,Rinaldi,riley.rinaldi672@compass.com,Lakeshore Real Estate,Cold Outreach,New,false,2025-10-06,,
LEAD000673,Camille,Bautista,camille.bautista673@gmail.com,Foxglove Real Estate,Cold Outreach,New,false,2023-07-21,,
LEAD000674,Julian,Nakamura,julian.nakamura674@realtyco.com,Ironwood & Co.,,Working,false,2024-04-10,,
LEAD000675,Devin,Ahmed,devin.ahmed675@gmail.com,Beacon Realty,Social,New,false,2025-05-15,,
LEAD000676,Avery,Rinaldi,avery.rinaldi676@realtyco.com,Foxglove Partners,Paid Search,Working,true,2024-02-21,,
LEAD000677,Naomi,Bergstrom,naomi.bergstrom677@outlook.com,Cypress Realty,Paid Search,Working,false,2025-09-12,,
LEAD000678,Julian,Lindqvist,julian.lindqvist678@kw.com,Foxglove Properties,Conference,Working,true,2023-05-30,,
LEAD000679,Quinn,Nakamura,quinn.nakamura679@compass.com,Ironwood Properties,Conference,Working,false,2024-11-11,,
LEAD000680,Quinn,Kearney,quinn.kearney680@kw.com,Blackwood Properties,Conference,Working,true,2025-11-23,,
LEAD000681,Naomi,Petrova,naomi.petrova681@outlook.com,Stonebridge Real Estate,referral,Disqualified,false,2024-02-28,,
LEAD000682,Noel,Halvorsen,noel.halvorsen682@kw.com,Stonebridge Real Estate,Referral,Disqualified,false,2025-05-05,,
LEAD000683,Camille,Okonkwo,camille.okonkwo683@kw.com,Meridian & Co.,Paid Search,Disqualified,false,2025-04-12,,
LEAD000684,Rowan,Nakamura,rowan.nakamura684@gmail.com,Foxglove Real Estate,Cold Outreach,Qualified,false,2023-04-28,ACC00816,2023-05-23
LEAD000685,Theo,Castellanos,theo.castellanos685@realtyco.com,Meridian Partners,Webinar,Qualified,true,2025-08-29,,
LEAD000686,Elena,Whitfield,elena.whitfield686@kw.com,Cypress Real Estate,Webinar,Qualified,false,2024-10-05,ACC00268,2024-10-11
LEAD000687,Camille,Vasquez,camille.vasquez687@gmail.com,Cornerstone Real Estate,Conference,Qualified,true,2024-12-06,ACC00352,2025-02-02
LEAD000688,Quinn,Halvorsen,quinn.halvorsen688@outlook.com,Ridgeline Realty,Partner,New,false,2024-03-06,,
LEAD000689,Maya,Nakamura,maya.nakamura689@kw.com,Ironwood Real Estate,referral,Qualified,true,2023-12-26,,
LEAD000690,Camille,Moreau,camille.moreau690@compass.com,Cypress Group,,Working,true,2025-05-16,,
LEAD000691,Elena,Kearney,elena.kearney691@gmail.com,Ironwood Real Estate,,New,false,2025-04-07,,
LEAD000692,Avery,Delgado,avery.delgado692@compass.com,Cypress Realty,Referral,Qualified,true,2026-04-12,,
LEAD000693,Elena,Nakamura,elena.nakamura693@kw.com,Cypress Realty,Conference,New,false,2025-03-25,,
LEAD000694,Riley,Rinaldi,riley.rinaldi694@outlook.com,Beacon Realty,Paid Search,New,false,2025-08-09,,
LEAD000695,Priya,Whitfield,priya.whitfield695@kw.com,Beacon Properties,Conference,New,false,2023-03-09,,
LEAD000696,Elena,Ahmed,elena.ahmed696@realtyco.com,Beacon Partners,Webinar,Qualified,false,2025-02-10,ACC00313,2025-03-21
LEAD000697,Sasha,Whitfield,sasha.whitfield697@kw.com,Lakeshore Group,Webinar,New,false,2026-01-10,,
LEAD000698,Jordan,Nakamura,jordan.nakamura698@compass.com,Cornerstone Properties,Cold Outreach,Nurturing,true,2024-12-17,,
LEAD000699,Quinn,Halvorsen,quinn.halvorsen699@gmail.com,Blackwood Real Estate,Organic Search,Qualified,false,2024-01-05,ACC00618,2024-02-18
LEAD000700,Jordan,Castellanos,jordan.castellanos700@kw.com,Ridgeline Real Estate,Partner,Qualified,true,2025-05-31,,
LEAD000701,Devin,Delgado,devin.delgado701@kw.com,Stonebridge Realty,Social,Qualified,true,2026-04-19,ACC00015,2026-04-23
LEAD000702,Sasha,Osei,sasha.osei702@kw.com,Summit Properties,Paid Search,Working,true,2024-09-09,,
LEAD000703,Avery,Moreau,avery.moreau703@realtyco.com,Cornerstone Real Estate,Referral,Qualified,true,2026-03-03,,
LEAD000704,Elena,Kearney,elena.kearney704@outlook.com,Cornerstone Properties,Paid Search,New,false,2026-03-18,,
LEAD000705,Quinn,Whitfield,quinn.whitfield705@realtyco.com,Foxglove Group,Webinar,New,false,2023-12-10,,
LEAD000706,Devin,Okonkwo,devin.okonkwo706@gmail.com,Cornerstone Partners,Webinar,Working,true,2023-08-21,,
LEAD000707,Sasha,Kearney,sasha.kearney707@outlook.com,Blackwood Properties,Webinar,Qualified,true,2024-08-06,ACC00081,2024-10-04
LEAD000708,Quinn,Osei,quinn.osei708@outlook.com,Harbor Properties,PAID SEARCH,Qualified,false,2023-09-28,ACC00244,2023-11-11
LEAD000709,Elena,Ahmed,elena.ahmed709@compass.com,Meridian Real Estate, Referral,Qualified,true,2023-07-05,ACC00701,2023-09-01
LEAD000710,Jordan,Moreau,jordan.moreau710@gmail.com,Beacon Partners,Webinar,Working,true,2023-10-20,,
LEAD000711,Devin,Ahmed,devin.ahmed711@realtyco.com,Foxglove Realty,Organic Search,Nurturing,true,2023-11-24,,
LEAD000712,Julian,Vasquez,julian.vasquez712@outlook.com,Stonebridge Partners,Referral,Qualified,true,2023-07-20,ACC00745,2023-08-15
LEAD000713,Tessa,Ahmed,tessa.ahmed713@realtyco.com,Ironwood Realty,Cold Outreach,Qualified,false,2025-08-27,ACC00554,2025-09-24
LEAD000714,Casey,Whitfield,casey.whitfield714@compass.com,Meridian Properties,Organic Search,New,false,2025-05-21,,
LEAD000715,Grant,Kearney,grant.kearney715@outlook.com,Ridgeline & Co.,Cold Outreach,Working,true,2024-07-04,,
LEAD000716,Devin,Bergstrom,devin.bergstrom716@outlook.com,Stonebridge Properties,,New,false,2024-11-10,,
LEAD000717,Morgan,Moreau,morgan.moreau717@kw.com,Beacon Real Estate,Webinar,New,false,2024-09-05,,
LEAD000718,Julian,Castellanos,julian.castellanos718@realtyco.com,Ridgeline Properties,Social,New,false,2024-06-18,,
LEAD000719,Riley,Bautista,riley.bautista719@realtyco.com,Stonebridge Real Estate,Webinar,Working,false,2026-01-21,,
LEAD000720,Bianca,Nakamura,bianca.nakamura720@gmail.com,Ironwood Partners,Conference,Nurturing,true,2023-01-16,,
LEAD000721,Bianca,Delgado,bianca.delgado721@compass.com,Ironwood Group,Webinar,Nurturing,true,2024-03-03,,
LEAD000722,Theo,Okonkwo,theo.okonkwo722@realtyco.com,Ironwood Group,Cold Outreach,Nurturing,true,2023-12-06,,
LEAD000723,Owen,Vasquez,owen.vasquez723@compass.com,Ridgeline Group,Cold Outreach,Nurturing,false,2025-10-28,,
LEAD000724,Maya,Halvorsen,maya.halvorsen724@compass.com,Blackwood Partners,Partner,New,false,2023-10-04,,
LEAD000725,Camille,Castellanos,camille.castellanos725@realtyco.com,Harbor Real Estate,Referral,Qualified,true,2026-04-12,ACC00412,2026-05-05
LEAD000726,Sasha,Nakamura,sasha.nakamura726@realtyco.com,Stonebridge & Co.,referral,Nurturing,false,2023-12-20,,
LEAD000727,Noel,Nakamura,noel.nakamura727@compass.com,Blackwood Properties,Social,Working,true,2024-09-06,,
LEAD000728,Riley,Nakamura,riley.nakamura728@compass.com,Meridian Properties,Webinar,New,false,2023-11-29,,
LEAD000729,Theo,Whitfield,theo.whitfield729@kw.com,Ironwood Realty,Partner,Qualified,true,2023-01-28,ACC00179,2023-02-08
LEAD000730,Priya,Okonkwo,priya.okonkwo730@kw.com,Blackwood & Co.,Cold Outreach,New,false,2026-04-04,,
LEAD000731,Jordan,Whitfield,jordan.whitfield731@realtyco.com,Cornerstone Real Estate,,Qualified,true,2024-04-19,ACC00707,2024-05-07
LEAD000732,Casey,Nakamura,casey.nakamura732@outlook.com,Ironwood Realty,Social,Disqualified,false,2024-09-02,,
LEAD000733,Maya,Okonkwo,maya.okonkwo733@gmail.com,Lakeshore Partners,Paid Search,Nurturing,true,2025-05-09,,
LEAD000734,Morgan,Osei,morgan.osei734@compass.com,Stonebridge Group,Social,Qualified,true,2023-04-23,ACC00240,2023-05-09
LEAD000735,Bianca,Vasquez,bianca.vasquez735@gmail.com,Beacon Partners,Social,Working,false,2024-04-12,,
LEAD000736,Rowan,Moreau,rowan.moreau736@compass.com,Blackwood Group,Webinar,New,false,2024-02-26,,
LEAD000737,Maya,Kaplan,maya.kaplan737@gmail.com,Ironwood Group,Conference,New,false,2025-06-10,,
LEAD000738,Elena,Lindqvist,elena.lindqvist738@kw.com,Cypress Group,Webinar,Nurturing,true,2023-08-27,,
LEAD000739,Tessa,Okonkwo,tessa.okonkwo739@outlook.com,Meridian Realty,Webinar,Nurturing,false,2025-05-14,,
LEAD000740,Tessa,Kaplan,tessa.kaplan740@compass.com,Beacon Realty,Cold Outreach,New,false,2025-08-27,,
LEAD000741,Riley,Halvorsen,riley.halvorsen741@realtyco.com,Cypress Properties,Webinar,Qualified,true,2026-06-14,ACC00746,2026-06-27
LEAD000742,Elena,Ahmed,elena.ahmed742@kw.com,Lakeshore Properties,Social,Working,true,2023-06-09,,
LEAD000743,Noel,Ahmed,noel.ahmed743@kw.com,Ridgeline Partners,Paid Search,Qualified,true,2025-07-07,ACC00608,2025-07-24
LEAD000744,Jordan,Ahmed,jordan.ahmed744@gmail.com,Meridian Group,Referral,Qualified,true,2025-08-15,ACC00885,2025-08-18
LEAD000745,Priya,Vasquez,priya.vasquez745@realtyco.com,Cornerstone Group,Conference,Working,false,2025-09-13,,
LEAD000746,Theo,Whitfield,theo.whitfield746@kw.com,Summit Group,Webinar,New,false,2023-03-08,,
LEAD000747,Camille,Osei,camille.osei747@compass.com,Blackwood Group,Conference,Nurturing,true,2023-07-12,,
LEAD000748,Jordan,Petrova,jordan.petrova748@kw.com,Blackwood Partners,Organic Search,Qualified,false,2025-02-07,,
LEAD000749,Casey,Petrova,casey.petrova749@gmail.com,Lakeshore & Co.,Partner,Qualified,true,2024-04-23,,
LEAD000750,Maya,Kaplan,maya.kaplan750@outlook.com,Beacon Partners,Cold Outreach,Qualified,false,2025-11-29,ACC00513,2025-12-05
LEAD000751,Quinn,Moreau,quinn.moreau751@compass.com,Ironwood Realty,Conference,Qualified,true,2023-01-23,ACC00337,2023-03-20
LEAD000752,Rowan,Thornton,rowan.thornton752@outlook.com,Stonebridge Properties,,Disqualified,false,2025-04-23,,
LEAD000753,Julian,Ahmed,julian.ahmed753@kw.com,Foxglove Properties,Webinar,Working,true,2025-05-20,,
LEAD000754,Noel,Halvorsen,noel.halvorsen754@kw.com,Meridian & Co.,Referral,Working,true,2023-09-04,,
LEAD000755,Riley,Whitfield,riley.whitfield755@realtyco.com,Cornerstone Real Estate,Social,Nurturing,false,2025-11-14,,
LEAD000756,Grant,Okonkwo,grant.okonkwo756@outlook.com,Blackwood & Co.,Social,Nurturing,false,2025-03-04,,
LEAD000757,Maya,Bautista,maya.bautista757@realtyco.com,Foxglove Group,Social,New,false,2026-06-19,,
LEAD000758,Avery,Lindqvist,avery.lindqvist758@compass.com,Ironwood & Co., Referral,New,false,2026-03-15,,
LEAD000759,Riley,Kearney,riley.kearney759@outlook.com,Summit Realty,,Working,true,2025-04-02,,
LEAD000760,Quinn,Whitfield,quinn.whitfield760@outlook.com,Cypress Real Estate,Webinar,Nurturing,true,2025-08-29,,
LEAD000761,Bianca,Kearney,bianca.kearney761@realtyco.com,Cornerstone Properties,Social,New,false,2023-11-24,,
LEAD000762,Julian,Kaplan,julian.kaplan762@realtyco.com,Ridgeline Partners,Paid Search,Working,true,2025-07-26,,
LEAD000763,Quinn,Whitfield,quinn.whitfield763@outlook.com,Lakeshore Group,Webinar,New,false,2024-02-27,,
LEAD000764,Grant,Whitfield,grant.whitfield764@kw.com,Beacon Realty,Conference,Nurturing,false,2023-08-20,,
LEAD000765,Theo,Nakamura,theo.nakamura765@gmail.com,Lakeshore Group,Cold Outreach,Working,false,2023-05-11,,
LEAD000766,Owen,Nakamura,owen.nakamura766@realtyco.com,Foxglove Properties,Webinar,Nurturing,false,2024-07-10,,
LEAD000767,Maya,Castellanos,maya.castellanos767@kw.com,Cypress Realty,Social,New,false,2023-06-04,,
LEAD000768,Noel,Petrova,noel.petrova768@compass.com,Meridian Realty,Webinar,Working,true,2024-07-09,,
LEAD000769,Naomi,Ahmed,naomi.ahmed769@gmail.com,Cornerstone Partners,Referral,New,false,2026-04-04,,
LEAD000770,Jordan,Moreau,jordan.moreau770@realtyco.com,Summit Partners,Paid Search,Working,false,2025-09-01,,
LEAD000771,Skyler,Whitfield,skyler.whitfield771@gmail.com,Beacon Properties,Paid Search,Disqualified,false,2025-11-16,,
LEAD000772,Noel,Castellanos,noel.castellanos772@realtyco.com,Blackwood Real Estate,Referral,New,false,2025-12-18,,
LEAD000773,Priya,Whitfield,priya.whitfield773@compass.com,Lakeshore Real Estate,Social,Nurturing,true,2023-02-09,,
LEAD000774,Naomi,Rinaldi,naomi.rinaldi774@kw.com,Meridian & Co.,,Nurturing,true,2024-07-18,,
LEAD000775,Theo,Petrova,theo.petrova775@compass.com,Summit Real Estate,Referral,New,false,2023-08-14,,
LEAD000776,Casey,Whitfield,casey.whitfield776@kw.com,Cornerstone & Co.,Organic Search,Qualified,false,2024-05-06,,
LEAD000777,Elena,Ahmed,elena.ahmed777@outlook.com,Foxglove Group,Webinar,Nurturing,true,2024-07-05,,
LEAD000778,Owen,Halvorsen,owen.halvorsen778@outlook.com,Blackwood Properties,Organic Search,Working,false,2023-01-13,,
LEAD000779,Devin,Delgado,devin.delgado779@outlook.com,Beacon Group,Paid Search,New,false,2025-04-15,,
LEAD000780,Rowan,Whitfield,rowan.whitfield780@gmail.com,Cornerstone Real Estate,Conference,Working,true,2024-01-10,,
LEAD000781,Julian,Whitfield,julian.whitfield781@realtyco.com,Summit Group,Conference,Working,true,2023-09-28,,
LEAD000782,Maya,Osei,maya.osei782@realtyco.com,Foxglove Realty,Organic Search,Qualified,false,2024-06-07,,
LEAD000783,Noel,Ahmed,noel.ahmed783@kw.com,Cornerstone Real Estate,Referral,Nurturing,true,2025-11-10,,
LEAD000784,Maya,Petrova,maya.petrova784@gmail.com,Ironwood Partners,Referral,Working,false,2025-04-21,,
LEAD000785,Theo,Bautista,theo.bautista785@compass.com,Blackwood Real Estate,Conference,New,false,2025-04-15,,
LEAD000786,Camille,Nakamura,camille.nakamura786@outlook.com,Ridgeline Partners,Paid Search,Nurturing,true,2023-10-04,,
LEAD000787,Casey,Whitfield,casey.whitfield787@compass.com,Meridian Partners,Partner,Disqualified,false,2025-02-25,,
LEAD000788,Quinn,Delgado,quinn.delgado788@compass.com,Foxglove Properties,Partner,Nurturing,true,2024-12-07,,
LEAD000789,Felix,Kearney,felix.kearney789@kw.com,Ironwood Real Estate,Webinar,Nurturing,true,2024-05-22,,
LEAD000790,Maya,Halvorsen,maya.halvorsen790@gmail.com,Cornerstone Group,Referral,New,false,2025-07-12,,
LEAD000791,Owen,Nakamura,owen.nakamura791@compass.com,Cypress & Co.,Conference,Qualified,true,2023-04-11,ACC00713,2023-04-26
LEAD000792,Theo,Kaplan,theo.kaplan792@gmail.com,Foxglove & Co.,referral,Working,false,2023-11-13,,
LEAD000793,Noel,Castellanos,noel.castellanos793@realtyco.com,Stonebridge Real Estate,Organic Search,Qualified,true,2026-06-17,ACC00676,2026-06-22
LEAD000794,Marcus,Moreau,marcus.moreau794@realtyco.com,Ridgeline & Co.,Webinar,Nurturing,false,2023-02-04,,
LEAD000795,Camille,Castellanos,camille.castellanos795@outlook.com,Blackwood Realty,Partner,Qualified,true,2023-03-09,ACC00519,2023-03-22
LEAD000796,Maya,Castellanos,maya.castellanos796@kw.com,Ironwood Partners,Referral,New,false,2023-04-24,,
LEAD000797,Theo,Moreau,theo.moreau797@compass.com,Summit & Co.,Partner,Disqualified,false,2024-06-18,,
LEAD000798,Devin,Petrova,devin.petrova798@gmail.com,Beacon Real Estate, Referral,Working,true,2025-12-29,,
LEAD000799,Morgan,Bautista,morgan.bautista799@realtyco.com,Summit Group,Cold Outreach,New,false,2025-05-31,,
LEAD000800,Rowan,Lindqvist,rowan.lindqvist800@outlook.com,Harbor & Co.,Conference,New,false,2025-10-02,,
LEAD000801,Skyler,Halvorsen,skyler.halvorsen801@kw.com,Beacon Properties,Partner,New,false,2024-10-08,,
LEAD000802,Naomi,Nakamura,naomi.nakamura802@outlook.com,Ironwood Realty,Social,Working,false,2023-05-31,,
LEAD000803,Grant,Nakamura,grant.nakamura803@gmail.com,Meridian Properties,Referral,Qualified,true,2023-04-03,ACC00485,2023-05-22
LEAD000804,Skyler,Delgado,skyler.delgado804@realtyco.com,Blackwood Partners,Paid Search,Qualified,true,2025-07-30,,
LEAD000805,Theo,Whitfield,theo.whitfield805@compass.com,Ironwood Properties,Social,Working,false,2024-07-08,,
LEAD000806,Priya,Kaplan,priya.kaplan806@compass.com,Harbor Partners,Social,New,false,2023-01-11,,
LEAD000807,Naomi,Okonkwo,naomi.okonkwo807@outlook.com,Cypress Real Estate,Cold Outreach,Qualified,true,2026-02-15,,
LEAD000808,Elena,Thornton,elena.thornton808@gmail.com,Cypress Group,Webinar,New,false,2025-02-24,,
LEAD000809,Owen,Whitfield,owen.whitfield809@gmail.com,Lakeshore Partners,Cold Outreach,New,false,2024-12-06,,
LEAD000810,Elena,Ahmed,elena.ahmed810@gmail.com,Foxglove Partners,Cold Outreach,Qualified,false,2025-03-14,,
LEAD000811,Avery,Okonkwo,avery.okonkwo811@realtyco.com,Harbor Real Estate,Paid Search,Qualified,true,2024-08-06,ACC00547,2024-08-29
LEAD000812,Avery,Bergstrom,avery.bergstrom812@outlook.com,Meridian Partners,Referral,New,false,2026-05-22,,
LEAD000813,Noel,Nakamura,noel.nakamura813@compass.com,Cypress Partners,Webinar,Disqualified,false,2023-03-23,,
LEAD000814,Grant,Ahmed,grant.ahmed814@kw.com,Lakeshore Properties,Social,New,false,2023-02-13,,
LEAD000815,Theo,Vasquez,theo.vasquez815@compass.com,Cornerstone Properties,Partner,Working,false,2023-07-05,,
LEAD000816,Priya,Osei,priya.osei816@kw.com,Blackwood Group,,New,false,2023-09-28,,
LEAD000817,Avery,Bautista,avery.bautista817@compass.com,Stonebridge Real Estate,Paid Search,Nurturing,true,2025-11-04,,
LEAD000818,Jordan,Nakamura,jordan.nakamura818@realtyco.com,Cornerstone Realty,Organic Search,Nurturing,true,2023-03-26,,
LEAD000819,Grant,Castellanos,grant.castellanos819@realtyco.com,Cypress Group,Partner,Working,true,2025-03-09,,
LEAD000820,Priya,Nakamura,priya.nakamura820@compass.com,Foxglove Partners,Webinar,New,false,2025-03-28,,
LEAD000821,Jordan,Lindqvist,jordan.lindqvist821@kw.com,Foxglove Realty,Referral,Nurturing,true,2025-07-20,,
LEAD000822,Elena,Thornton,elena.thornton822@compass.com,Foxglove & Co.,Conference,Qualified,false,2024-07-24,,
LEAD000823,Naomi,Delgado,naomi.delgado823@gmail.com,Meridian Real Estate,Social,Working,true,2023-06-13,,
LEAD000824,Rowan,Ahmed,rowan.ahmed824@outlook.com,Ironwood Properties,Social,Disqualified,false,2025-05-12,,
LEAD000825,Rowan,Vasquez,rowan.vasquez825@gmail.com,Ridgeline & Co.,Partner,Working,true,2026-03-26,,
LEAD000826,Felix,Kearney,felix.kearney826@kw.com,Summit Properties,Paid Search,Nurturing,false,2024-09-08,,
LEAD000827,Owen,Petrova,owen.petrova827@outlook.com,Summit Partners,Cold Outreach,New,false,2023-04-10,,
LEAD000828,Noel,Bergstrom,noel.bergstrom828@gmail.com,Foxglove & Co.,Paid Search,Nurturing,true,2025-06-07,,
LEAD000829,Avery,Kearney,avery.kearney829@gmail.com,Meridian Realty,,New,false,2026-04-18,,
LEAD000830,Quinn,Okonkwo,quinn.okonkwo830@realtyco.com,Ridgeline & Co.,Paid Search,Nurturing,true,2024-04-30,,
LEAD000831,Julian,Thornton,julian.thornton831@gmail.com,Meridian & Co.,Social,Working,false,2026-03-10,,
LEAD000832,Noel,Okonkwo,noel.okonkwo832@kw.com,Blackwood & Co.,,Qualified,true,2023-04-12,ACC00291,2023-06-06
LEAD000833,Elena,Castellanos,elena.castellanos833@compass.com,Blackwood & Co.,Cold Outreach,Nurturing,true,2023-03-31,,
LEAD000834,Priya,Bergstrom,priya.bergstrom834@realtyco.com,Cypress Properties,organic search,Qualified,true,2025-11-18,ACC00290,2025-12-13
LEAD000835,Marcus,Vasquez,marcus.vasquez835@realtyco.com,Ridgeline Realty,Partner,New,false,2025-03-26,,
LEAD000836,Camille,Halvorsen,camille.halvorsen836@outlook.com,Ironwood Realty,Cold Outreach,Working,false,2023-04-18,,
LEAD000837,Casey,Lindqvist,casey.lindqvist837@kw.com,Foxglove Properties,,New,false,2026-01-14,,
LEAD000838,Tessa,Petrova,tessa.petrova838@compass.com,Lakeshore Realty,Referral,New,false,2023-02-02,,
LEAD000839,Riley,Thornton,riley.thornton839@gmail.com,Ironwood Partners,,Working,false,2024-02-12,,
LEAD000840,Priya,Osei,priya.osei840@realtyco.com,Ridgeline Properties,Cold Outreach,Nurturing,true,2023-04-21,,
LEAD000841,Riley,Delgado,riley.delgado841@gmail.com,Stonebridge Partners,Cold Outreach,Nurturing,false,2024-05-17,,
LEAD000842,Felix,Thornton,felix.thornton842@kw.com,Meridian Realty,Organic Search,Disqualified,false,2024-03-13,,
LEAD000843,Priya,Rinaldi,priya.rinaldi843@realtyco.com,Stonebridge Partners,Organic Search,Qualified,true,2023-09-10,ACC00375,2023-10-10
LEAD000844,Tessa,Vasquez,tessa.vasquez844@compass.com,Beacon Group,Organic Search,Working,true,2025-03-06,,
LEAD000845,Sasha,Rinaldi,sasha.rinaldi845@kw.com,Beacon & Co.,Paid Search,Qualified,true,2025-03-21,,
LEAD000846,Elena,Bergstrom,elena.bergstrom846@kw.com,Beacon Properties,Organic Search,Nurturing,true,2023-01-13,,
LEAD000847,Casey,Halvorsen,casey.halvorsen847@realtyco.com,Summit Properties,Referral,Working,false,2024-03-11,,
LEAD000848,Casey,Vasquez,casey.vasquez848@kw.com,Ironwood Real Estate,Referral,Disqualified,false,2024-05-06,,
LEAD000849,Bianca,Nakamura,bianca.nakamura849@compass.com,Lakeshore & Co.,Referral,Qualified,true,2024-06-12,ACC00789,2024-06-29
LEAD000850,Casey,Bergstrom,casey.bergstrom850@gmail.com,Ironwood Real Estate,Paid Search,Disqualified,false,2024-01-09,,
LEAD000851,Skyler,Bergstrom,skyler.bergstrom851@realtyco.com,Beacon & Co.,Conference,New,false,2023-12-25,,
LEAD000852,Riley,Bautista,riley.bautista852@realtyco.com,Blackwood & Co.,Paid Search,Qualified,true,2023-11-02,,
LEAD000853,Noel,Okonkwo,noel.okonkwo853@compass.com,Cornerstone Realty,Cold Outreach,Qualified,true,2025-06-25,ACC00791,2025-07-10
LEAD000854,Maya,Petrova,maya.petrova854@kw.com,Foxglove & Co.,Webinar,New,false,2024-08-05,,
LEAD000855,Casey,Castellanos,casey.castellanos855@gmail.com,Ironwood & Co.,Social,New,false,2025-10-06,,
LEAD000856,Owen,Okonkwo,owen.okonkwo856@kw.com,Summit Properties,Partner,Qualified,true,2025-03-26,ACC00319,2025-05-19
LEAD000857,Jordan,Bergstrom,jordan.bergstrom857@outlook.com,Foxglove Group,Paid Search,Qualified,true,2025-02-14,,
LEAD000858,Jordan,Halvorsen,jordan.halvorsen858@kw.com,Beacon Group,Paid Search,New,false,2024-09-01,,
LEAD000859,Owen,Nakamura,owen.nakamura859@gmail.com,Ironwood Properties,Social,Working,true,2025-05-26,,
LEAD000860,Jordan,Bergstrom,jordan.bergstrom860@kw.com,Blackwood Partners,Webinar,Qualified,false,2025-04-09,ACC00777,2025-06-05
LEAD000861,Marcus,Rinaldi,marcus.rinaldi861@outlook.com,Meridian & Co.,Cold Outreach,Qualified,false,2024-07-01,ACC00323,2024-08-06
LEAD000862,Grant,Halvorsen,grant.halvorsen862@gmail.com,Blackwood Real Estate,Conference,Nurturing,false,2026-03-22,,
LEAD000863,Owen,Osei,owen.osei863@realtyco.com,Meridian & Co.,Cold Outreach,New,false,2023-03-12,,
LEAD000864,Grant,Delgado,grant.delgado864@outlook.com,Ridgeline Properties,Partner,Working,false,2023-10-20,,
LEAD000865,Bianca,Ahmed,bianca.ahmed865@compass.com,Foxglove Realty,Organic Search,Nurturing,false,2025-02-19,,
LEAD000866,Morgan,Vasquez,morgan.vasquez866@realtyco.com,Summit Realty,Conference,Working,false,2026-06-15,,
LEAD000867,Quinn,Rinaldi,quinn.rinaldi867@compass.com,Stonebridge Group,Referral,Nurturing,false,2025-06-13,,
LEAD000868,Marcus,Nakamura,marcus.nakamura868@compass.com,Stonebridge Partners,Cold Outreach,Nurturing,true,2023-11-27,,
LEAD000869,Owen,Bautista,owen.bautista869@compass.com,Foxglove Partners,Referral,Working,true,2025-12-13,,
LEAD000870,Grant,Kearney,grant.kearney870@outlook.com,Stonebridge & Co.,organic search,Disqualified,false,2024-08-17,,
LEAD000871,Elena,Thornton,elena.thornton871@compass.com,Cypress Group,Conference,Disqualified,false,2025-03-31,,
LEAD000872,Noel,Whitfield,noel.whitfield872@kw.com,Cornerstone & Co.,Partner,Qualified,true,2024-10-26,ACC00014,2024-12-18
LEAD000873,Avery,Rinaldi,avery.rinaldi873@compass.com,Summit Real Estate,Webinar,New,false,2023-11-12,,
LEAD000874,Casey,Osei,casey.osei874@kw.com,Lakeshore Group,Partner,New,false,2023-06-21,,
LEAD000875,Priya,Rinaldi,priya.rinaldi875@compass.com,Ironwood Group,Partner,Working,true,2025-11-03,,
LEAD000876,Devin,Halvorsen,devin.halvorsen876@realtyco.com,Summit Realty,Organic Search,Nurturing,true,2024-12-22,,
LEAD000877,Owen,Rinaldi,owen.rinaldi877@realtyco.com,Harbor Partners,Partner,Qualified,true,2024-11-22,ACC00104,2024-11-28
LEAD000878,Elena,Vasquez,elena.vasquez878@gmail.com,Cypress Real Estate,Referral,Working,true,2023-08-07,,
LEAD000879,Marcus,Whitfield,marcus.whitfield879@compass.com,Ironwood Realty,Webinar,Working,true,2023-10-22,,
LEAD000880,Rowan,Vasquez,rowan.vasquez880@kw.com,Cornerstone Realty,Paid Search,Disqualified,false,2025-08-20,,
LEAD000881,Theo,Lindqvist,theo.lindqvist881@outlook.com,Summit & Co.,Referral,Working,true,2024-07-02,,
LEAD000882,Jordan,Kearney,jordan.kearney882@realtyco.com,Stonebridge Realty,,Nurturing,true,2026-06-06,,
LEAD000883,Grant,Whitfield,grant.whitfield883@compass.com,Beacon Properties,Partner,Qualified,false,2026-04-10,ACC00407,2026-05-14
LEAD000884,Priya,Castellanos,priya.castellanos884@compass.com,Blackwood Real Estate,Conference,Working,true,2026-02-11,,
LEAD000885,Priya,Okonkwo,priya.okonkwo885@kw.com,Blackwood Real Estate,Webinar,Qualified,false,2025-08-08,,
LEAD000886,Avery,Vasquez,avery.vasquez886@compass.com,Foxglove Real Estate,Webinar,Qualified,true,2025-10-17,,
LEAD000887,Grant,Osei,grant.osei887@gmail.com,Cornerstone Realty,Referral,New,false,2023-01-03,,
LEAD000888,Devin,Bautista,devin.bautista888@realtyco.com,Ridgeline Realty,Referral,Qualified,true,2026-05-14,ACC00775,2026-05-29
LEAD000889,Bianca,Rinaldi,bianca.rinaldi889@realtyco.com,Meridian Group,Social,Working,false,2025-07-30,,
LEAD000890,Morgan,Lindqvist,morgan.lindqvist890@compass.com,Stonebridge Properties,Partner,Disqualified,false,2023-05-17,,
LEAD000891,Skyler,Whitfield,skyler.whitfield891@compass.com,Blackwood Realty,Referral,Qualified,true,2025-10-22,,
LEAD000892,Quinn,Bergstrom,quinn.bergstrom892@kw.com,Stonebridge Real Estate,Referral,Qualified,false,2024-03-26,ACC00663,2024-05-03
LEAD000893,Quinn,Rinaldi,quinn.rinaldi893@gmail.com,Beacon Properties,Social,Nurturing,false,2025-05-10,,
LEAD000894,Noel,Petrova,noel.petrova894@gmail.com,Cypress Realty,Webinar,Qualified,true,2024-01-08,ACC00206,2024-02-03
LEAD000895,Owen,Castellanos,owen.castellanos895@compass.com,Cypress Real Estate,Referral,Qualified,false,2024-08-26,ACC00450,2024-09-24
LEAD000896,Tessa,Castellanos,tessa.castellanos896@compass.com,Meridian Realty,Referral,Qualified,false,2024-04-27,ACC00229,2024-06-08
LEAD000897,Quinn,Bergstrom,quinn.bergstrom897@kw.com,Lakeshore Group,,Qualified,false,2025-08-23,,
LEAD000898,Maya,Kearney,maya.kearney898@compass.com,Lakeshore & Co.,Paid Search,Qualified,true,2025-07-06,,
LEAD000899,Naomi,Rinaldi,naomi.rinaldi899@compass.com,Harbor Real Estate,Social,New,false,2025-05-11,,
LEAD000900,Sasha,Okonkwo,sasha.okonkwo900@compass.com,Harbor Group,Webinar,New,false,2025-07-15,,
LEAD000901,Camille,Okonkwo,camille.okonkwo901@kw.com,Ridgeline Partners,Conference,Disqualified,false,2026-02-16,,
LEAD000902,Sasha,Delgado,sasha.delgado902@outlook.com,Cypress Realty,Conference,Working,false,2025-11-01,,
LEAD000903,Avery,Halvorsen,avery.halvorsen903@compass.com,Summit & Co.,Organic Search,Qualified,false,2025-03-27,ACC00755,2025-05-09
LEAD000904,Felix,Kaplan,felix.kaplan904@gmail.com,Cypress Properties,Organic Search,Qualified,false,2026-01-25,ACC00300,2026-02-21
LEAD000905,Avery,Halvorsen,avery.halvorsen905@gmail.com,Harbor Realty,Partner,Qualified,true,2023-01-15,,
LEAD000906,Casey,Bergstrom,casey.bergstrom906@outlook.com,Cornerstone Group,Referral,Nurturing,false,2025-09-12,,
LEAD000907,Owen,Osei,owen.osei907@realtyco.com,Summit Partners,Social,Working,true,2024-09-14,,
LEAD000908,Julian,Bautista,julian.bautista908@outlook.com,Lakeshore Group,Partner,Qualified,false,2026-06-11,,
LEAD000909,Avery,Halvorsen,avery.halvorsen909@outlook.com,Harbor Group,Webinar,Qualified,true,2025-06-24,,
LEAD000910,Naomi,Okonkwo,naomi.okonkwo910@outlook.com,Foxglove Realty,Social,New,false,2024-10-13,,
LEAD000911,Owen,Halvorsen,owen.halvorsen911@realtyco.com,Lakeshore Real Estate,Webinar,Qualified,true,2026-06-19,ACC00058,2026-06-24
LEAD000912,Morgan,Kaplan,morgan.kaplan912@gmail.com,Ridgeline Properties,Organic Search,New,false,2024-09-29,,
LEAD000913,Naomi,Vasquez,naomi.vasquez913@gmail.com,Lakeshore & Co.,Webinar,Disqualified,false,2023-04-11,,
LEAD000914,Noel,Kearney,noel.kearney914@kw.com,Meridian Partners,Organic Search,Working,true,2026-05-17,,
LEAD000915,Casey,Bergstrom,casey.bergstrom915@realtyco.com,Ironwood Partners,Conference,Nurturing,true,2024-09-11,,
LEAD000916,Marcus,Whitfield,marcus.whitfield916@realtyco.com,Summit Realty,Partner,Working,true,2024-04-19,,
LEAD000917,Casey,Vasquez,casey.vasquez917@outlook.com,Harbor Group,Webinar,Nurturing,true,2025-09-09,,
LEAD000918,Camille,Thornton,camille.thornton918@kw.com,Cornerstone Realty,Referral,New,false,2025-07-16,,
LEAD000919,Owen,Petrova,owen.petrova919@gmail.com,Lakeshore Real Estate,Webinar,New,false,2026-02-19,,
LEAD000920,Devin,Lindqvist,devin.lindqvist920@kw.com,Stonebridge Group,Webinar,Working,true,2023-12-02,,
LEAD000921,Devin,Ahmed,devin.ahmed921@outlook.com,Blackwood Group,Webinar,Qualified,false,2026-01-05,ACC00063,2026-02-06
LEAD000922,Camille,Ahmed,camille.ahmed922@gmail.com,Foxglove Partners,Referral,Qualified,true,2025-03-07,ACC00822,2025-03-28
LEAD000923,Theo,Moreau,theo.moreau923@outlook.com,Harbor Real Estate,Organic Search,Disqualified,false,2025-05-19,,
LEAD000924,Grant,Moreau,grant.moreau924@gmail.com,Cornerstone Group,Organic Search,Disqualified,false,2025-04-08,,
LEAD000925,Elena,Halvorsen,elena.halvorsen925@kw.com,Beacon Group,Paid Search,Nurturing,true,2025-03-02,,
LEAD000926,Casey,Castellanos,casey.castellanos926@gmail.com,Ridgeline Partners,Partner,Qualified,false,2026-01-02,ACC00634,2026-01-17
LEAD000927,Naomi,Thornton,naomi.thornton927@compass.com,Cornerstone Partners,Partner,New,false,2023-03-02,,
LEAD000928,Noel,Rinaldi,noel.rinaldi928@kw.com,Harbor Realty,Organic Search,Working,true,2025-07-30,,
LEAD000929,Priya,Petrova,priya.petrova929@gmail.com,Ridgeline Properties,Conference,Disqualified,false,2024-05-07,,
LEAD000930,Casey,Bergstrom,casey.bergstrom930@kw.com,Ironwood Real Estate,,Disqualified,false,2024-07-04,,
LEAD000931,Rowan,Osei,rowan.osei931@kw.com,Beacon Real Estate,Cold Outreach,New,false,2025-09-26,,
LEAD000932,Riley,Vasquez,riley.vasquez932@realtyco.com,Blackwood Realty,Conference,Working,true,2023-11-03,,
LEAD000933,Skyler,Bergstrom,skyler.bergstrom933@kw.com,Blackwood Properties,Organic Search,Disqualified,false,2024-12-18,,
LEAD000934,Noel,Okonkwo,noel.okonkwo934@compass.com,Meridian Group,Partner,Qualified,false,2023-08-14,ACC00199,2023-08-21
LEAD000935,Naomi,Petrova,naomi.petrova935@kw.com,Ironwood Group,Cold Outreach,Qualified,false,2026-06-08,ACC00134,2026-07-12
LEAD000936,Marcus,Okonkwo,marcus.okonkwo936@compass.com,Lakeshore Realty,Webinar,Disqualified,false,2023-02-23,,
LEAD000937,Quinn,Vasquez,quinn.vasquez937@realtyco.com,Blackwood & Co.,Organic Search,Qualified,true,2024-12-04,,
LEAD000938,Sasha,Petrova,sasha.petrova938@gmail.com,Blackwood Partners,Referral,Working,false,2025-09-12,,
LEAD000939,Rowan,Kaplan,rowan.kaplan939@kw.com,Blackwood Real Estate,Cold Outreach,Qualified,false,2024-06-01,ACC00738,2024-06-27
LEAD000940,Casey,Thornton,casey.thornton940@compass.com,Beacon Real Estate,Organic Search,Working,false,2023-07-10,,
LEAD000941,Skyler,Kaplan,skyler.kaplan941@kw.com,Beacon & Co.,Paid Search,Working,true,2023-10-02,,
LEAD000942,Morgan,Bautista,morgan.bautista942@gmail.com,Harbor & Co.,Paid Search,Nurturing,false,2024-02-02,,
LEAD000943,Camille,Bergstrom,camille.bergstrom943@gmail.com,Harbor Group,Conference,New,false,2023-06-25,,
LEAD000944,Rowan,Osei,rowan.osei944@gmail.com,Beacon Real Estate,Partner,New,false,2025-09-12,,
LEAD000945,Riley,Kearney,riley.kearney945@kw.com,Blackwood Properties,,Qualified,true,2025-07-23,ACC00184,2025-08-15
LEAD000946,Julian,Okonkwo,julian.okonkwo946@outlook.com,Cornerstone & Co.,Paid Search,Nurturing,true,2025-04-12,,
LEAD000947,Elena,Nakamura,elena.nakamura947@compass.com,Ironwood Group,paid search,New,false,2024-02-06,,
LEAD000948,Naomi,Vasquez,naomi.vasquez948@realtyco.com,Stonebridge Realty,Cold Outreach,New,false,2023-02-08,,
LEAD000949,Morgan,Lindqvist,morgan.lindqvist949@gmail.com,Blackwood Group,Paid Search,New,false,2023-11-11,,
LEAD000950,Felix,Castellanos,felix.castellanos950@outlook.com,Stonebridge Real Estate,Organic Search,Disqualified,false,2023-02-09,,
LEAD000951,Casey,Castellanos,casey.castellanos951@compass.com,Ridgeline Properties, Referral,Working,false,2023-10-05,,
LEAD000952,Jordan,Thornton,jordan.thornton952@realtyco.com,Cypress Group,referral,Qualified,true,2025-02-12,ACC00175,2025-02-28
LEAD000953,Bianca,Moreau,bianca.moreau953@compass.com,Ironwood Realty,Webinar,Working,false,2024-01-30,,
LEAD000954,Quinn,Bergstrom,quinn.bergstrom954@outlook.com,Cornerstone Group,Conference,Qualified,true,2026-05-09,ACC00668,2026-06-02
LEAD000955,Noel,Lindqvist,noel.lindqvist955@realtyco.com,Meridian Real Estate,Social,New,false,2024-09-02,,
LEAD000956,Tessa,Osei,tessa.osei956@compass.com,Lakeshore Properties,Conference,New,false,2024-01-31,,
LEAD000957,Tessa,Rinaldi,tessa.rinaldi957@realtyco.com,Ridgeline Real Estate,Webinar,Nurturing,true,2025-08-27,,
LEAD000958,Rowan,Thornton,rowan.thornton958@kw.com,Lakeshore Group,Organic Search,Working,true,2025-04-08,,
LEAD000959,Riley,Ahmed,riley.ahmed959@outlook.com,Foxglove Real Estate,Partner,Working,true,2025-09-26,,
LEAD000960,Tessa,Osei,tessa.osei960@outlook.com,Ironwood Real Estate,Organic Search,Working,false,2024-09-06,,
LEAD000961,Quinn,Lindqvist,quinn.lindqvist961@realtyco.com,Foxglove Properties,Conference,Working,true,2025-06-23,,
LEAD000962,Sasha,Osei,sasha.osei962@outlook.com,Stonebridge Partners,Cold Outreach,New,false,2023-09-18,,
LEAD000963,Camille,Castellanos,camille.castellanos963@outlook.com,Stonebridge & Co.,organic search,Qualified,true,2024-09-01,ACC00804,2024-09-30
LEAD000964,Rowan,Vasquez,rowan.vasquez964@compass.com,Lakeshore Real Estate,Webinar,Working,false,2024-07-09,,
LEAD000965,Rowan,Whitfield,rowan.whitfield965@kw.com,Meridian & Co.,Organic Search,Working,true,2025-04-25,,
LEAD000966,Theo,Kearney,theo.kearney966@gmail.com,Harbor Partners,Partner,Qualified,false,2023-06-08,ACC00135,2023-07-13
LEAD000967,Owen,Delgado,owen.delgado967@outlook.com,Beacon Properties,,New,false,2025-08-03,,
LEAD000968,Noel,Okonkwo,noel.okonkwo968@realtyco.com,Cypress Real Estate,Referral,Disqualified,false,2025-08-23,,
LEAD000969,Tessa,Halvorsen,tessa.halvorsen969@outlook.com,Harbor Group,Paid Search,Qualified,true,2026-02-08,ACC00584,2026-02-18
LEAD000970,Skyler,Lindqvist,skyler.lindqvist970@compass.com,Foxglove Properties,Partner,Qualified,true,2025-06-24,,
LEAD000971,Maya,Lindqvist,maya.lindqvist971@outlook.com,Stonebridge Real Estate,Partner,Qualified,false,2024-12-06,ACC00171,2025-01-07
LEAD000972,Bianca,Lindqvist,bianca.lindqvist972@compass.com,Foxglove Realty,Webinar,Nurturing,false,2023-01-24,,
LEAD000973,Morgan,Nakamura,morgan.nakamura973@gmail.com,Meridian Partners,Partner,Nurturing,true,2025-04-27,,
LEAD000974,Grant,Whitfield,grant.whitfield974@gmail.com,Summit Realty,Webinar,Working,false,2025-04-23,,
LEAD000975,Morgan,Nakamura,morgan.nakamura975@compass.com,Blackwood & Co.,Paid Search,Working,true,2024-12-17,,
LEAD000976,Riley,Delgado,riley.delgado976@kw.com,Foxglove Partners,Webinar,Working,false,2024-04-08,,
LEAD000977,Grant,Delgado,grant.delgado977@realtyco.com,Harbor & Co.,Organic Search,Nurturing,true,2024-07-14,,
LEAD000978,Riley,Osei,riley.osei978@compass.com,Harbor Realty,,Disqualified,false,2025-10-07,,
LEAD000979,Noel,Whitfield,noel.whitfield979@gmail.com,Ridgeline Real Estate,organic search,Qualified,true,2024-08-02,,
LEAD000980,Tessa,Osei,tessa.osei980@gmail.com,Meridian Real Estate,Partner,Disqualified,false,2023-09-01,,
LEAD000981,Jordan,Bergstrom,jordan.bergstrom981@compass.com,Stonebridge Group,Referral,New,false,2024-08-20,,
LEAD000982,Marcus,Kearney,marcus.kearney982@kw.com,Summit & Co.,Referral,New,false,2024-06-18,,
LEAD000983,Camille,Moreau,camille.moreau983@realtyco.com,Beacon Realty,Organic Search,New,false,2025-09-21,,
LEAD000984,Maya,Kaplan,maya.kaplan984@gmail.com,Ridgeline Group,Organic Search,Qualified,false,2025-10-11,ACC00356,2025-11-02
LEAD000985,Grant,Whitfield,grant.whitfield985@kw.com,Stonebridge Realty,organic search,Qualified,false,2023-11-27,ACC00301,2023-12-08
LEAD000986,Theo,Delgado,theo.delgado986@kw.com,Blackwood Partners,Social,Working,true,2025-06-12,,
LEAD000987,Riley,Bergstrom,riley.bergstrom987@kw.com,Harbor Real Estate,,Qualified,false,2026-02-08,ACC00190,2026-02-18
LEAD000988,Quinn,Bergstrom,quinn.bergstrom988@outlook.com,Harbor Group,Organic Search,New,false,2023-11-07,,
LEAD000989,Skyler,Vasquez,skyler.vasquez989@outlook.com,Ironwood Realty,Partner,Working,true,2023-04-16,,
LEAD000990,Elena,Thornton,elena.thornton990@gmail.com,Summit Properties,Referral,Qualified,true,2024-11-21,,
LEAD000991,Marcus,Halvorsen,marcus.halvorsen991@compass.com,Blackwood Real Estate,Social,Nurturing,true,2023-05-14,,
LEAD000992,Devin,Osei,devin.osei992@compass.com,Cornerstone Realty,Conference,Disqualified,false,2025-03-10,,
LEAD000993,Avery,Thornton,avery.thornton993@kw.com,Cornerstone Group,Cold Outreach,Working,true,2023-08-06,,
LEAD000994,Owen,Lindqvist,owen.lindqvist994@kw.com,Ironwood Properties,Referral,Working,false,2023-10-26,,
LEAD000995,Devin,Petrova,devin.petrova995@gmail.com,Harbor Group,Paid Search,Nurturing,false,2025-01-21,,
LEAD000996,Naomi,Ahmed,naomi.ahmed996@outlook.com,Blackwood Realty,,Qualified,false,2023-08-16,ACC00423,2023-09-14
LEAD000997,Owen,Rinaldi,owen.rinaldi997@kw.com,Cypress Real Estate,,Qualified,true,2023-07-30,,
LEAD000998,Elena,Moreau,elena.moreau998@compass.com,Stonebridge Realty, Referral,New,false,2025-09-22,,
LEAD000999,Morgan,Thornton,morgan.thornton999@compass.com,Ridgeline Group,Referral,New,false,2023-11-27,,
LEAD001000,Avery,Kearney,avery.kearney1000@outlook.com,Lakeshore Real Estate,Social,New,false,2024-07-22,,
LEAD001001,Bianca,Lindqvist,bianca.lindqvist1001@compass.com,Harbor Properties,PAID SEARCH,Working,true,2023-03-07,,
LEAD001002,Morgan,Moreau,morgan.moreau1002@realtyco.com,Cornerstone Group,Cold Outreach,Qualified,false,2024-05-19,,
LEAD001003,Julian,Castellanos,julian.castellanos1003@realtyco.com,Beacon Real Estate, Referral,Working,false,2023-12-04,,
LEAD001004,Theo,Rinaldi,theo.rinaldi1004@gmail.com,Harbor Realty,,Disqualified,false,2025-12-09,,
LEAD001005,Marcus,Moreau,marcus.moreau1005@realtyco.com,Ridgeline Real Estate,Cold Outreach,New,false,2024-08-12,,
LEAD001006,Morgan,Ahmed,morgan.ahmed1006@outlook.com,Cypress Realty,Social,Qualified,true,2024-08-12,ACC00552,2024-10-10
LEAD001007,Naomi,Bautista,naomi.bautista1007@realtyco.com,Beacon Real Estate,,Working,true,2026-02-11,,
LEAD001008,Avery,Bergstrom,avery.bergstrom1008@outlook.com,Stonebridge Partners,organic search,Working,true,2025-08-09,,
LEAD001009,Avery,Vasquez,avery.vasquez1009@realtyco.com,Meridian Real Estate,Cold Outreach,Disqualified,false,2024-11-10,,
LEAD001010,Marcus,Whitfield,marcus.whitfield1010@gmail.com,Ironwood Real Estate,Conference,Disqualified,false,2026-01-20,,
LEAD001011,Tessa,Okonkwo,tessa.okonkwo1011@compass.com,Ironwood Realty,Cold Outreach,Nurturing,true,2024-09-02,,
LEAD001012,Felix,Okonkwo,felix.okonkwo1012@kw.com,Blackwood Group,Cold Outreach,Working,true,2025-03-06,,
LEAD001013,Jordan,Kaplan,jordan.kaplan1013@outlook.com,Ironwood & Co.,Cold Outreach,Working,true,2025-03-28,,
LEAD001014,Marcus,Kearney,marcus.kearney1014@outlook.com,Beacon & Co.,Referral,Nurturing,true,2023-04-30,,
LEAD001015,Theo,Nakamura,theo.nakamura1015@kw.com,Ridgeline Group,Partner,Working,false,2026-06-09,,
LEAD001016,Avery,Kearney,avery.kearney1016@outlook.com,Blackwood Real Estate,Referral,Working,true,2024-07-31,,
LEAD001017,Jordan,Ahmed,jordan.ahmed1017@realtyco.com,Lakeshore Properties,Social,Working,false,2023-06-13,,
LEAD001018,Noel,Moreau,noel.moreau1018@compass.com,Summit Partners,Cold Outreach,Working,true,2024-11-01,,
LEAD001019,Camille,Petrova,camille.petrova1019@outlook.com,Cornerstone & Co.,Referral,New,false,2023-01-31,,
LEAD001020,Casey,Vasquez,casey.vasquez1020@gmail.com,Lakeshore & Co.,Conference,Disqualified,false,2026-05-13,,
LEAD001021,Sasha,Castellanos,sasha.castellanos1021@outlook.com,Meridian Partners,Partner,Working,true,2025-12-11,,
LEAD001022,Maya,Kaplan,maya.kaplan1022@outlook.com,Ridgeline Realty,Referral,New,false,2025-06-25,,
LEAD001023,Marcus,Kaplan,marcus.kaplan1023@realtyco.com,Foxglove Properties,Social,Qualified,true,2025-04-14,,
LEAD001024,Noel,Petrova,noel.petrova1024@gmail.com,Ironwood Properties,Webinar,Disqualified,false,2026-05-22,,
LEAD001025,Casey,Thornton,casey.thornton1025@outlook.com,Cypress Realty,Webinar,Working,true,2023-03-09,,
LEAD001026,Devin,Whitfield,devin.whitfield1026@compass.com,Summit Realty,,New,false,2024-01-14,,
LEAD001027,Bianca,Bergstrom,bianca.bergstrom1027@compass.com,Beacon Realty,Webinar,Working,true,2024-05-13,,
LEAD001028,Avery,Okonkwo,avery.okonkwo1028@kw.com,Ridgeline Properties,Referral,Working,false,2023-02-14,,
LEAD001029,Noel,Ahmed,noel.ahmed1029@realtyco.com,Summit & Co.,Organic Search,Disqualified,false,2025-10-05,,
LEAD001030,Julian,Castellanos,julian.castellanos1030@outlook.com,Stonebridge Properties,Paid Search,Qualified,true,2024-04-09,,
LEAD001031,Noel,Rinaldi,noel.rinaldi1031@realtyco.com,Cornerstone Partners,Organic Search,Working,true,2025-08-11,,
LEAD001032,Felix,Moreau,felix.moreau1032@compass.com,Stonebridge Realty,Conference,Working,false,2026-06-13,,
LEAD001033,Grant,Rinaldi,grant.rinaldi1033@outlook.com,Foxglove Partners,Partner,Qualified,true,2025-10-18,ACC00658,2025-11-12
LEAD001034,Tessa,Kaplan,tessa.kaplan1034@realtyco.com,Beacon Real Estate,Paid Search,New,false,2023-09-14,,
LEAD001035,Jordan,Osei,jordan.osei1035@compass.com,Foxglove Partners,Paid Search,Qualified,true,2023-06-01,ACC00715,2023-07-14
LEAD001036,Naomi,Halvorsen,naomi.halvorsen1036@outlook.com,Foxglove Partners,Webinar,New,false,2025-05-25,,
LEAD001037,Morgan,Kearney,morgan.kearney1037@compass.com,Stonebridge Group,,New,false,2024-12-29,,
LEAD001038,Naomi,Bautista,naomi.bautista1038@gmail.com,Blackwood Properties,Partner,Nurturing,true,2025-01-22,,
LEAD001039,Skyler,Whitfield,skyler.whitfield1039@outlook.com,Meridian Real Estate,Paid Search,Qualified,true,2023-03-24,,
LEAD001040,Maya,Castellanos,maya.castellanos1040@compass.com,Ironwood Partners,Organic Search,Working,true,2024-05-13,,
LEAD001041,Casey,Halvorsen,casey.halvorsen1041@kw.com,Ironwood Group,Conference,Qualified,true,2026-01-01,ACC00727,2026-02-16
LEAD001042,Priya,Delgado,priya.delgado1042@realtyco.com,Foxglove Realty,,New,false,2025-12-08,,
LEAD001043,Noel,Thornton,noel.thornton1043@kw.com,Cornerstone Group,Partner,New,false,2023-12-02,,
LEAD001044,Riley,Castellanos,riley.castellanos1044@outlook.com,Beacon Group,Referral,Working,false,2025-09-26,,
LEAD001045,Priya,Petrova,priya.petrova1045@kw.com,Cypress Group,Social,Working,true,2026-06-10,,
LEAD001046,Quinn,Nakamura,quinn.nakamura1046@outlook.com,Lakeshore Realty,Conference,Qualified,false,2024-07-24,ACC00631,2024-08-22
LEAD001047,Bianca,Castellanos,bianca.castellanos1047@realtyco.com,Harbor Properties,Partner,Nurturing,false,2026-03-08,,
LEAD001048,Jordan,Osei,jordan.osei1048@realtyco.com,Stonebridge Realty,Social,Qualified,true,2023-09-16,ACC00297,2023-10-03
LEAD001049,Bianca,Delgado,bianca.delgado1049@compass.com,Harbor Group,Conference,New,false,2024-06-11,,
LEAD001050,Tessa,Thornton,tessa.thornton1050@kw.com,Cypress & Co.,Referral,Disqualified,false,2023-01-09,,
LEAD001051,Maya,Whitfield,maya.whitfield1051@outlook.com,Lakeshore Realty,Cold Outreach,Qualified,false,2024-08-10,ACC00158,2024-10-08
LEAD001052,Marcus,Okonkwo,marcus.okonkwo1052@gmail.com,Blackwood Partners,Paid Search,Nurturing,true,2025-07-28,,
LEAD001053,Casey,Bergstrom,casey.bergstrom1053@gmail.com,Meridian & Co.,Social,Disqualified,false,2024-01-31,,
LEAD001054,Maya,Ahmed,maya.ahmed1054@kw.com,Summit Partners,Organic Search,Working,true,2024-10-10,,
LEAD001055,Naomi,Bergstrom,naomi.bergstrom1055@outlook.com,Ridgeline Realty,Partner,New,false,2023-10-15,,
LEAD001056,Jordan,Bautista,jordan.bautista1056@compass.com,Cornerstone Properties,Conference,Qualified,false,2024-08-21,,
LEAD001057,Skyler,Osei,skyler.osei1057@compass.com,Meridian Partners,,Qualified,true,2025-07-13,ACC00436,2025-08-29
LEAD001058,Felix,Kaplan,felix.kaplan1058@realtyco.com,Meridian Group,,Working,false,2024-02-28,,
LEAD001059,Theo,Castellanos,theo.castellanos1059@gmail.com,Harbor Properties,Cold Outreach,Working,true,2023-02-19,,
LEAD001060,Theo,Thornton,theo.thornton1060@gmail.com,Harbor Realty,Webinar,Qualified,false,2023-07-11,,
LEAD001061,Marcus,Petrova,marcus.petrova1061@gmail.com,Cypress Realty,Social,Disqualified,false,2023-08-13,,
LEAD001062,Skyler,Bautista,skyler.bautista1062@gmail.com,Blackwood Properties,Paid Search,New,false,2025-11-09,,
LEAD001063,Riley,Thornton,riley.thornton1063@outlook.com,Lakeshore Properties,Partner,Working,true,2025-04-10,,
LEAD001064,Naomi,Moreau,naomi.moreau1064@realtyco.com,Cypress Realty,Webinar,Working,true,2024-07-16,,
LEAD001065,Theo,Whitfield,theo.whitfield1065@realtyco.com,Beacon Realty,Partner,Working,true,2023-07-31,,
LEAD001066,Julian,Kearney,julian.kearney1066@kw.com,Foxglove Realty,Paid Search,New,false,2024-06-21,,
LEAD001067,Noel,Bautista,noel.bautista1067@gmail.com,Harbor Group,Webinar,New,false,2026-02-18,,
LEAD001068,Owen,Petrova,owen.petrova1068@kw.com,Ironwood Partners,Partner,Nurturing,true,2025-05-18,,
LEAD001069,Felix,Bautista,felix.bautista1069@gmail.com,Stonebridge Group,Webinar,New,false,2024-02-18,,
LEAD001070,Avery,Vasquez,avery.vasquez1070@compass.com,Harbor Real Estate,Webinar,Working,true,2026-01-03,,
LEAD001071,Priya,Rinaldi,priya.rinaldi1071@outlook.com,Meridian & Co.,Cold Outreach,Disqualified,false,2023-11-04,,
LEAD001072,Bianca,Bautista,bianca.bautista1072@outlook.com,Harbor Partners,Conference,Working,false,2023-12-01,,
LEAD001073,Maya,Halvorsen,maya.halvorsen1073@realtyco.com,Ironwood Partners,,Working,true,2024-11-17,,
LEAD001074,Theo,Delgado,theo.delgado1074@kw.com,Ridgeline Partners,,Qualified,false,2023-01-09,ACC00378,2023-01-22
LEAD001075,Tessa,Kearney,tessa.kearney1075@gmail.com,Ridgeline Group,Conference,Qualified,true,2024-03-30,,
LEAD001076,Owen,Thornton,owen.thornton1076@compass.com,Beacon Properties,Partner,Working,false,2024-09-06,,
LEAD001077,Avery,Kearney,avery.kearney1077@outlook.com,Cypress & Co.,Social,Qualified,false,2026-03-01,ACC00853,2026-04-02
LEAD001078,Camille,Halvorsen,camille.halvorsen1078@gmail.com,Harbor Real Estate,Social,Disqualified,false,2025-08-18,,
LEAD001079,Marcus,Castellanos,marcus.castellanos1079@kw.com,Cornerstone Realty,Referral,Nurturing,false,2024-10-15,,
LEAD001080,Jordan,Whitfield,jordan.whitfield1080@realtyco.com,Foxglove Group,organic search,Qualified,true,2025-06-25,ACC00732,2025-07-10
LEAD001081,Grant,Okonkwo,grant.okonkwo1081@gmail.com,Meridian & Co.,Social,Qualified,false,2024-12-15,ACC00462,2025-01-17
LEAD001082,Morgan,Halvorsen,morgan.halvorsen1082@realtyco.com,Ironwood Partners,Partner,Nurturing,false,2023-08-10,,
LEAD001083,Tessa,Lindqvist,tessa.lindqvist1083@realtyco.com,Blackwood Realty,Partner,Working,true,2023-03-25,,
LEAD001084,Maya,Thornton,maya.thornton1084@kw.com,Foxglove & Co.,Referral,Disqualified,false,2023-11-08,,
LEAD001085,Devin,Delgado,devin.delgado1085@gmail.com,Meridian Realty,Webinar,New,false,2025-07-28,,
LEAD001086,Elena,Bergstrom,elena.bergstrom1086@kw.com,Summit Realty,,Qualified,true,2023-01-28,ACC00798,2023-02-15
LEAD001087,Naomi,Moreau,naomi.moreau1087@outlook.com,Ironwood Realty,,Qualified,true,2023-06-19,ACC00127,2023-07-17
LEAD001088,Jordan,Castellanos,jordan.castellanos1088@kw.com,Lakeshore Real Estate,Cold Outreach,Qualified,true,2025-04-01,ACC00521,2025-05-28
LEAD001089,Sasha,Delgado,sasha.delgado1089@outlook.com,Lakeshore Partners,Cold Outreach,Nurturing,false,2024-03-27,,
LEAD001090,Theo,Nakamura,theo.nakamura1090@gmail.com,Blackwood Partners,Conference,Nurturing,true,2023-08-09,,
LEAD001091,Maya,Bautista,maya.bautista1091@gmail.com,Cornerstone Realty,Partner,Qualified,false,2025-04-26,ACC00650,2025-05-08
LEAD001092,Camille,Castellanos,camille.castellanos1092@compass.com,Lakeshore Group,Partner,Qualified,false,2025-04-14,ACC00120,2025-05-12
LEAD001093,Bianca,Nakamura,bianca.nakamura1093@outlook.com,Summit Real Estate,referral,Qualified,true,2025-10-17,,
LEAD001094,Jordan,Kaplan,jordan.kaplan1094@compass.com,Summit Real Estate,Partner,Working,false,2024-09-14,,
LEAD001095,Elena,Delgado,elena.delgado1095@outlook.com,Stonebridge Realty,Social,Working,false,2023-10-21,,
LEAD001096,Maya,Delgado,maya.delgado1096@kw.com,Meridian & Co.,Cold Outreach,Qualified,false,2024-04-25,,
LEAD001097,Skyler,Whitfield,skyler.whitfield1097@gmail.com,Cypress Real Estate,,New,false,2023-07-03,,
LEAD001098,Bianca,Bergstrom,bianca.bergstrom1098@realtyco.com,Cypress Realty,Social,Qualified,true,2023-05-16,,
LEAD001099,Naomi,Bergstrom,naomi.bergstrom1099@compass.com,Ridgeline Real Estate,,Nurturing,false,2024-11-18,,
LEAD001100,Theo,Bergstrom,theo.bergstrom1100@outlook.com,Ironwood Partners,Conference,Qualified,true,2023-04-12,ACC00409,2023-04-20
LEAD001101,Naomi,Whitfield,naomi.whitfield1101@compass.com,Blackwood Partners,Organic Search,Qualified,false,2025-11-14,ACC00569,2025-12-09
LEAD001102,Elena,Rinaldi,elena.rinaldi1102@gmail.com,Summit Group,Cold Outreach,Working,false,2023-01-08,,
LEAD001103,Skyler,Bergstrom,skyler.bergstrom1103@kw.com,Meridian Real Estate,Partner,New,false,2023-01-18,,
LEAD001104,Marcus,Castellanos,marcus.castellanos1104@outlook.com,Beacon Partners,Organic Search,Working,false,2023-07-13,,
LEAD001105,Devin,Whitfield,devin.whitfield1105@gmail.com,Cypress Partners,Partner,Working,true,2023-08-01,,
LEAD001106,Casey,Bautista,casey.bautista1106@compass.com,Cypress & Co.,Webinar,Working,false,2026-01-16,,
LEAD001107,Avery,Kaplan,avery.kaplan1107@outlook.com,Ironwood Partners,Referral,Nurturing,true,2025-03-23,,
LEAD001108,Owen,Bautista,owen.bautista1108@kw.com,Lakeshore Properties,Webinar,Working,true,2023-01-23,,
LEAD001109,Naomi,Kearney,naomi.kearney1109@realtyco.com,Meridian Real Estate,Paid Search,Working,true,2026-06-01,,
LEAD001110,Priya,Vasquez,priya.vasquez1110@compass.com,Beacon Partners,Social,Working,true,2025-09-03,,
LEAD001111,Sasha,Delgado,sasha.delgado1111@realtyco.com,Summit Realty,Cold Outreach,Nurturing,false,2026-02-14,,
LEAD001112,Marcus,Moreau,marcus.moreau1112@compass.com,Meridian Properties,Organic Search,Working,true,2025-06-21,,
LEAD001113,Casey,Thornton,casey.thornton1113@kw.com,Harbor & Co.,Cold Outreach,Nurturing,true,2025-03-22,,
LEAD001114,Marcus,Bautista,marcus.bautista1114@gmail.com,Stonebridge Real Estate,,Qualified,true,2025-05-27,,
LEAD001115,Elena,Nakamura,elena.nakamura1115@realtyco.com,Foxglove Partners,Social,Disqualified,false,2025-12-06,,
LEAD001116,Jordan,Bergstrom,jordan.bergstrom1116@gmail.com,Harbor & Co.,referral,Qualified,true,2023-02-04,ACC00429,2023-03-19
LEAD001117,Naomi,Okonkwo,naomi.okonkwo1117@compass.com,Lakeshore Properties,Conference,Qualified,false,2025-10-07,ACC00420,2025-11-21
LEAD001118,Quinn,Bergstrom,quinn.bergstrom1118@kw.com,Ridgeline Realty,Partner,Qualified,true,2024-01-23,ACC00187,2024-01-27
LEAD001119,Camille,Delgado,camille.delgado1119@kw.com,Ridgeline Group,Referral,Disqualified,false,2023-02-10,,
LEAD001120,Maya,Rinaldi,maya.rinaldi1120@realtyco.com,Beacon & Co.,Webinar,Qualified,true,2025-01-14,ACC00421,2025-01-18
LEAD001121,Naomi,Ahmed,naomi.ahmed1121@realtyco.com,Ironwood & Co.,Partner,Disqualified,false,2024-09-16,,
LEAD001122,Camille,Ahmed,camille.ahmed1122@outlook.com,Lakeshore & Co.,Partner,Nurturing,true,2023-04-12,,
LEAD001123,Devin,Bergstrom,devin.bergstrom1123@kw.com,Cypress Real Estate,Cold Outreach,Working,false,2024-06-04,,
LEAD001124,Tessa,Thornton,tessa.thornton1124@realtyco.com,Cypress & Co.,Webinar,Qualified,false,2025-11-18,ACC00880,2026-01-10
LEAD001125,Grant,Thornton,grant.thornton1125@outlook.com,Ironwood Partners,Partner,Qualified,false,2026-01-25,,
LEAD001126,Owen,Vasquez,owen.vasquez1126@compass.com,Beacon Realty,,Qualified,false,2024-05-07,ACC00866,2024-06-02
LEAD001127,Theo,Lindqvist,theo.lindqvist1127@realtyco.com,Blackwood Properties,Referral,Qualified,false,2024-05-14,ACC00042,2024-05-30
LEAD001128,Felix,Osei,felix.osei1128@gmail.com,Stonebridge Group,Cold Outreach,New,false,2026-05-07,,
LEAD001129,Priya,Okonkwo,priya.okonkwo1129@outlook.com,Stonebridge Realty,Paid Search,Working,true,2025-01-09,,
LEAD001130,Skyler,Ahmed,skyler.ahmed1130@kw.com,Ridgeline Real Estate,Webinar,Qualified,true,2023-12-19,ACC00017,2024-02-07
LEAD001131,Naomi,Thornton,naomi.thornton1131@kw.com,Ridgeline Group,Webinar,New,false,2023-01-10,,
LEAD001132,Sasha,Thornton,sasha.thornton1132@gmail.com,Blackwood Group,,New,false,2023-08-14,,
LEAD001133,Avery,Nakamura,avery.nakamura1133@outlook.com,Beacon Real Estate,Organic Search,Disqualified,false,2026-02-25,,
LEAD001134,Elena,Bergstrom,elena.bergstrom1134@gmail.com,Harbor Properties,Social,Qualified,true,2024-04-03,ACC00565,2024-04-11
LEAD001135,Devin,Whitfield,devin.whitfield1135@realtyco.com,Ridgeline Real Estate,Referral,Nurturing,true,2024-07-16,,
LEAD001136,Grant,Petrova,grant.petrova1136@realtyco.com,Beacon Properties,Cold Outreach,New,false,2024-01-11,,
LEAD001137,Owen,Delgado,owen.delgado1137@gmail.com,Blackwood & Co.,Cold Outreach,Working,false,2026-02-08,,
LEAD001138,Jordan,Kaplan,jordan.kaplan1138@realtyco.com,Lakeshore Group,Webinar,New,false,2026-04-12,,
LEAD001139,Priya,Bergstrom,priya.bergstrom1139@compass.com,Harbor Partners,Paid Search,Nurturing,true,2025-07-18,,
LEAD001140,Rowan,Rinaldi,rowan.rinaldi1140@realtyco.com,Beacon Group,Partner,Qualified,false,2024-05-27,,
LEAD001141,Felix,Nakamura,felix.nakamura1141@kw.com,Summit Real Estate,Conference,New,false,2025-05-21,,
LEAD001142,Elena,Bautista,elena.bautista1142@compass.com,Summit Partners,Social,New,false,2023-08-31,,
LEAD001143,Bianca,Bergstrom,bianca.bergstrom1143@compass.com,Lakeshore Realty,Partner,Qualified,true,2023-06-21,ACC00054,2023-08-02
LEAD001144,Camille,Okonkwo,camille.okonkwo1144@compass.com,Meridian Real Estate,,Working,true,2024-09-28,,
LEAD001145,Casey,Osei,casey.osei1145@outlook.com,Cornerstone Group,Webinar,New,false,2025-06-21,,
LEAD001146,Rowan,Bautista,rowan.bautista1146@realtyco.com,Foxglove Properties,Paid Search,Disqualified,false,2026-02-12,,
LEAD001147,Jordan,Castellanos,jordan.castellanos1147@outlook.com,Cypress Properties,Webinar,Working,false,2025-01-26,,
LEAD001148,Rowan,Moreau,rowan.moreau1148@realtyco.com,Beacon Partners,Conference,Working,true,2024-05-19,,
LEAD001149,Theo,Kaplan,theo.kaplan1149@realtyco.com,Foxglove Group,Cold Outreach,New,false,2023-08-14,,
LEAD001150,Skyler,Kaplan,skyler.kaplan1150@compass.com,Lakeshore Properties,Webinar,Working,false,2025-12-03,,
LEAD001151,Riley,Okonkwo,riley.okonkwo1151@kw.com,Ridgeline & Co.,Social,Qualified,true,2023-11-18,ACC00514,2023-11-22
LEAD001152,Grant,Rinaldi,grant.rinaldi1152@gmail.com,Beacon Properties,Referral,Working,false,2026-05-23,,
LEAD001153,Owen,Moreau,owen.moreau1153@compass.com,Ridgeline Properties,referral,Qualified,true,2025-05-25,ACC00066,2025-07-19
LEAD001154,Sasha,Bergstrom,sasha.bergstrom1154@gmail.com,Summit Group,Organic Search,Qualified,true,2025-03-24,ACC00249,2025-04-26
LEAD001155,Owen,Rinaldi,owen.rinaldi1155@gmail.com,Lakeshore Properties,Paid Search,Qualified,true,2025-09-25,,
LEAD001156,Elena,Vasquez,elena.vasquez1156@kw.com,Stonebridge Real Estate,Paid Search,New,false,2023-04-15,,
LEAD001157,Rowan,Kearney,rowan.kearney1157@realtyco.com,Summit Properties,Paid Search,Working,true,2025-10-09,,
LEAD001158,Owen,Petrova,owen.petrova1158@compass.com,Stonebridge Properties,,Qualified,true,2025-07-15,ACC00764,2025-07-18
LEAD001159,Grant,Rinaldi,grant.rinaldi1159@outlook.com,Cornerstone Partners,Conference,Nurturing,true,2024-12-13,,
LEAD001160,Morgan,Okonkwo,morgan.okonkwo1160@gmail.com,Lakeshore Realty,Webinar,Qualified,true,2023-06-04,ACC00594,2023-06-11
LEAD001161,Elena,Petrova,elena.petrova1161@outlook.com,Cypress & Co.,Organic Search,New,false,2023-05-04,,
LEAD001162,Sasha,Nakamura,sasha.nakamura1162@gmail.com,Foxglove Partners,Webinar,Qualified,true,2025-01-10,,
LEAD001163,Felix,Osei,felix.osei1163@compass.com,Foxglove & Co.,Partner,Working,false,2024-03-31,,
LEAD001164,Naomi,Halvorsen,naomi.halvorsen1164@compass.com,Meridian & Co.,Partner,Nurturing,true,2024-05-17,,
LEAD001165,Camille,Osei,camille.osei1165@outlook.com,Harbor Group,,New,false,2025-09-14,,
LEAD001166,Maya,Moreau,maya.moreau1166@kw.com,Cornerstone Group,Social,Working,true,2023-04-14,,
LEAD001167,Avery,Kearney,avery.kearney1167@gmail.com,Cypress Group,Cold Outreach,New,false,2026-05-27,,
LEAD001168,Riley,Moreau,riley.moreau1168@realtyco.com,Lakeshore Partners,Organic Search,Working,true,2026-04-11,,
LEAD001169,Casey,Petrova,casey.petrova1169@outlook.com,Beacon Partners,Cold Outreach,New,false,2024-12-05,,
LEAD001170,Camille,Kaplan,camille.kaplan1170@compass.com,Cypress Partners,Social,Qualified,false,2024-04-28,ACC00039,2024-06-18
LEAD001171,Tessa,Bergstrom,tessa.bergstrom1171@kw.com,Ironwood Partners,Cold Outreach,New,false,2026-04-12,,
LEAD001172,Sasha,Bergstrom,sasha.bergstrom1172@gmail.com,Cornerstone Real Estate,Cold Outreach,New,false,2023-02-21,,
LEAD001173,Owen,Halvorsen,owen.halvorsen1173@realtyco.com,Foxglove Partners,Paid Search,Qualified,false,2024-08-09,,
LEAD001174,Marcus,Lindqvist,marcus.lindqvist1174@outlook.com,Summit Group,Partner,Working,false,2025-03-11,,
LEAD001175,Morgan,Kaplan,morgan.kaplan1175@gmail.com,Lakeshore Properties,Partner,Qualified,true,2025-07-25,ACC00601,2025-09-08
LEAD001176,Rowan,Moreau,rowan.moreau1176@realtyco.com,Beacon Realty,Partner,Qualified,false,2026-05-15,ACC00553,2026-06-13
LEAD001177,Noel,Vasquez,noel.vasquez1177@gmail.com,Cornerstone Partners,Partner,Disqualified,false,2025-02-11,,
LEAD001178,Sasha,Kearney,sasha.kearney1178@kw.com,Foxglove Real Estate,,Nurturing,false,2024-04-18,,
LEAD001179,Rowan,Petrova,rowan.petrova1179@outlook.com,Stonebridge Real Estate,Organic Search,New,false,2024-04-09,,
LEAD001180,Morgan,Nakamura,morgan.nakamura1180@gmail.com,Blackwood Realty,Paid Search,Working,true,2025-09-15,,
LEAD001181,Grant,Castellanos,grant.castellanos1181@outlook.com,Blackwood Partners,Organic Search,New,false,2026-03-31,,
LEAD001182,Morgan,Bautista,morgan.bautista1182@kw.com,Foxglove Realty,PAID SEARCH,Nurturing,false,2024-01-30,,
LEAD001183,Camille,Vasquez,camille.vasquez1183@realtyco.com,Meridian Real Estate,Conference,Nurturing,true,2025-07-06,,
LEAD001184,Theo,Okonkwo,theo.okonkwo1184@gmail.com,Blackwood Real Estate,Referral,Nurturing,false,2024-10-08,,
LEAD001185,Priya,Osei,priya.osei1185@gmail.com,Ironwood Realty,Organic Search,New,false,2024-12-29,,
LEAD001186,Camille,Delgado,camille.delgado1186@kw.com,Cornerstone Realty,Partner,New,false,2024-10-03,,
LEAD001187,Quinn,Rinaldi,quinn.rinaldi1187@kw.com,Harbor Partners,Cold Outreach,New,false,2025-01-20,,
LEAD001188,Theo,Lindqvist,theo.lindqvist1188@compass.com,Harbor Realty,Partner,Disqualified,false,2026-05-31,,
LEAD001189,Bianca,Delgado,bianca.delgado1189@gmail.com,Harbor Properties,Paid Search,New,false,2025-12-12,,
LEAD001190,Naomi,Whitfield,naomi.whitfield1190@outlook.com,Harbor Partners,Organic Search,New,false,2025-10-20,,
LEAD001191,Rowan,Delgado,rowan.delgado1191@compass.com,Lakeshore Group,Organic Search,Nurturing,true,2025-05-13,,
LEAD001192,Jordan,Lindqvist,jordan.lindqvist1192@realtyco.com,Lakeshore Real Estate,Paid Search,Nurturing,false,2026-05-18,,
LEAD001193,Owen,Bergstrom,owen.bergstrom1193@compass.com,Cypress Realty,Partner,Qualified,true,2024-11-30,ACC00851,2025-01-10
LEAD001194,Elena,Delgado,elena.delgado1194@realtyco.com,Harbor Partners,Referral,Disqualified,false,2026-05-21,,
LEAD001195,Elena,Kaplan,elena.kaplan1195@realtyco.com,Beacon Partners,Referral,New,false,2026-05-14,,
LEAD001196,Quinn,Moreau,quinn.moreau1196@compass.com,Ironwood Properties,Webinar,New,false,2024-01-09,,
LEAD001197,Bianca,Ahmed,bianca.ahmed1197@compass.com,Blackwood Group,Conference,New,false,2025-01-03,,
LEAD001198,Rowan,Moreau,rowan.moreau1198@outlook.com,Summit Partners,Partner,New,false,2024-10-04,,
LEAD001199,Theo,Petrova,theo.petrova1199@realtyco.com,Lakeshore Real Estate,Cold Outreach,Qualified,true,2025-12-03,ACC00107,2026-01-02
LEAD001200,Casey,Ahmed,casey.ahmed1200@realtyco.com,Foxglove Realty,Referral,Qualified,true,2023-03-07,,
LEAD001201,Owen,Kaplan,owen.kaplan1201@kw.com,Summit Partners,Webinar,Qualified,false,2023-05-17,ACC00579,2023-06-16
LEAD001202,Morgan,Halvorsen,morgan.halvorsen1202@outlook.com,Foxglove Properties,Conference,Qualified,false,2024-04-08,ACC00785,2024-04-19
LEAD001203,Elena,Moreau,elena.moreau1203@outlook.com,Ridgeline & Co.,Webinar,New,false,2026-06-17,,
LEAD001204,Rowan,Osei,rowan.osei1204@compass.com,Harbor & Co.,Conference,New,false,2024-10-02,,
LEAD001205,Marcus,Lindqvist,marcus.lindqvist1205@gmail.com,Ridgeline & Co.,Referral,Qualified,true,2024-07-03,ACC00108,2024-08-17
LEAD001206,Devin,Whitfield,devin.whitfield1206@gmail.com,Harbor & Co.,Conference,Working,false,2026-05-15,,
LEAD001207,Tessa,Kaplan,tessa.kaplan1207@compass.com,Blackwood Realty,Partner,New,false,2024-11-19,,
LEAD001208,Marcus,Halvorsen,marcus.halvorsen1208@kw.com,Summit Group,Webinar,Qualified,true,2024-12-20,ACC00515,2025-01-04
LEAD001209,Naomi,Castellanos,naomi.castellanos1209@outlook.com,Ironwood Realty,Cold Outreach,Qualified,false,2024-09-06,ACC00395,2024-10-11
LEAD001210,Riley,Whitfield,riley.whitfield1210@outlook.com,Stonebridge Real Estate,Cold Outreach,Nurturing,true,2024-02-13,,
LEAD001211,Quinn,Okonkwo,quinn.okonkwo1211@kw.com,Meridian Properties,Webinar,Qualified,false,2023-12-24,ACC00623,2024-02-07
LEAD001212,Bianca,Thornton,bianca.thornton1212@realtyco.com,Harbor Realty,Webinar,New,false,2024-04-23,,
LEAD001213,Naomi,Kearney,naomi.kearney1213@outlook.com,Blackwood Realty,Paid Search,Qualified,true,2024-01-28,ACC00593,2024-02-17
LEAD001214,Grant,Nakamura,grant.nakamura1214@realtyco.com,Foxglove Real Estate,Webinar,New,false,2025-11-15,,
LEAD001215,Sasha,Bergstrom,sasha.bergstrom1215@compass.com,Ironwood Partners,Conference,Working,false,2024-05-02,,
LEAD001216,Elena,Okonkwo,elena.okonkwo1216@realtyco.com,Ridgeline Group,Partner,Working,true,2025-11-05,,
LEAD001217,Sasha,Nakamura,sasha.nakamura1217@outlook.com,Lakeshore Realty,Referral,Working,true,2025-02-24,,
LEAD001218,Devin,Nakamura,devin.nakamura1218@gmail.com,Cornerstone Real Estate,Cold Outreach,Qualified,true,2026-02-19,,
LEAD001219,Theo,Osei,theo.osei1219@kw.com,Ironwood Group,Cold Outreach,Nurturing,true,2024-08-03,,
LEAD001220,Julian,Moreau,julian.moreau1220@realtyco.com,Blackwood Properties,,Qualified,true,2026-01-30,,
LEAD001221,Julian,Delgado,julian.delgado1221@kw.com,Foxglove Partners,Conference,Nurturing,true,2024-07-16,,
LEAD001222,Tessa,Osei,tessa.osei1222@gmail.com,Beacon & Co.,Conference,Working,false,2025-07-10,,
LEAD001223,Naomi,Whitfield,naomi.whitfield1223@gmail.com,Harbor Realty,Paid Search,Working,false,2025-06-06,,
LEAD001224,Skyler,Bautista,skyler.bautista1224@realtyco.com,Ironwood Partners,Social,Working,false,2024-06-17,,
LEAD001225,Avery,Vasquez,avery.vasquez1225@realtyco.com,Blackwood Real Estate,Partner,Qualified,false,2023-06-06,ACC00078,2023-07-21
LEAD001226,Grant,Nakamura,grant.nakamura1226@realtyco.com,Meridian & Co.,Conference,Disqualified,false,2024-02-23,,
LEAD001227,Tessa,Bautista,tessa.bautista1227@gmail.com,Foxglove Group,Paid Search,Working,false,2024-11-02,,
LEAD001228,Tessa,Bergstrom,tessa.bergstrom1228@realtyco.com,Ridgeline Real Estate,Cold Outreach,New,false,2025-09-19,,
LEAD001229,Tessa,Kaplan,tessa.kaplan1229@gmail.com,Ridgeline Group,Referral,New,false,2025-08-23,,
LEAD001230,Jordan,Bergstrom,jordan.bergstrom1230@kw.com,Stonebridge Properties,Cold Outreach,Disqualified,false,2026-01-08,,
LEAD001231,Noel,Lindqvist,noel.lindqvist1231@realtyco.com,Meridian Properties,Organic Search,Working,false,2025-11-19,,
LEAD001232,Tessa,Kearney,tessa.kearney1232@outlook.com,Summit & Co.,Partner,Nurturing,false,2023-04-17,,
LEAD001233,Avery,Kaplan,avery.kaplan1233@realtyco.com,Harbor Real Estate,Social,Working,true,2023-10-17,,
LEAD001234,Avery,Lindqvist,avery.lindqvist1234@realtyco.com,Cypress Partners,Cold Outreach,Qualified,false,2025-10-28,ACC00541,2025-11-29
LEAD001235,Jordan,Delgado,jordan.delgado1235@outlook.com,Stonebridge Partners,Cold Outreach,New,false,2025-03-04,,
LEAD001236,Skyler,Ahmed,skyler.ahmed1236@kw.com,Cypress Real Estate,Conference,Nurturing,true,2024-09-14,,
LEAD001237,Felix,Bergstrom,felix.bergstrom1237@outlook.com,Lakeshore Partners,Organic Search,New,false,2024-04-21,,
LEAD001238,Grant,Osei,grant.osei1238@outlook.com,Harbor Partners,Social,Qualified,true,2023-07-01,ACC00477,2023-08-29
LEAD001239,Devin,Rinaldi,devin.rinaldi1239@outlook.com,Ironwood Properties,Partner,Working,false,2025-08-03,,
LEAD001240,Julian,Kearney,julian.kearney1240@compass.com,Beacon Partners,Paid Search,Nurturing,true,2024-10-03,,
LEAD001241,Camille,Thornton,camille.thornton1241@compass.com,Stonebridge Group,Conference,Qualified,true,2026-06-09,,
LEAD001242,Devin,Delgado,devin.delgado1242@outlook.com,Beacon Partners,Social,Qualified,true,2025-07-02,,
LEAD001243,Sasha,Halvorsen,sasha.halvorsen1243@kw.com,Ironwood Partners,Paid Search,Disqualified,false,2024-07-30,,
LEAD001244,Devin,Kaplan,devin.kaplan1244@gmail.com,Lakeshore Partners,Social,Working,false,2024-09-23,,
LEAD001245,Naomi,Delgado,naomi.delgado1245@realtyco.com,Stonebridge Realty,Paid Search,New,false,2023-05-02,,
LEAD001246,Tessa,Thornton,tessa.thornton1246@realtyco.com,Stonebridge Group,Cold Outreach,New,false,2025-03-26,,
LEAD001247,Priya,Bergstrom,priya.bergstrom1247@outlook.com,Lakeshore Properties,Cold Outreach,Working,false,2025-12-11,,
LEAD001248,Grant,Castellanos,grant.castellanos1248@gmail.com,Summit Group,Partner,Qualified,true,2025-04-22,,
LEAD001249,Bianca,Kaplan,bianca.kaplan1249@realtyco.com,Ironwood Realty,Paid Search,Nurturing,true,2023-05-24,,
LEAD001250,Maya,Bautista,maya.bautista1250@gmail.com,Cypress Realty,Partner,Disqualified,false,2026-03-08,,
LEAD001251,Grant,Vasquez,grant.vasquez1251@realtyco.com,Ironwood Partners,Webinar,Working,true,2025-10-25,,
LEAD001252,Felix,Lindqvist,felix.lindqvist1252@kw.com,Cypress Partners,Social,New,false,2025-08-21,,
LEAD001253,Grant,Whitfield,grant.whitfield1253@kw.com,Cypress Properties,Social,Working,false,2024-07-28,,
LEAD001254,Avery,Thornton,avery.thornton1254@compass.com,Lakeshore Realty,Cold Outreach,Disqualified,false,2023-09-30,,
LEAD001255,Owen,Kaplan,owen.kaplan1255@outlook.com,Meridian & Co.,Referral,New,false,2024-07-19,,
LEAD001256,Quinn,Halvorsen,quinn.halvorsen1256@kw.com,Foxglove Properties,Conference,Working,true,2025-05-15,,
LEAD001257,Tessa,Nakamura,tessa.nakamura1257@gmail.com,Cypress Partners,Organic Search,New,false,2023-11-15,,
LEAD001258,Noel,Okonkwo,noel.okonkwo1258@gmail.com,Blackwood Partners,Social,Qualified,false,2024-09-23,ACC00113,2024-11-02
LEAD001259,Owen,Vasquez,owen.vasquez1259@gmail.com,Cornerstone Group,Conference,Qualified,true,2023-12-10,,
LEAD001260,Marcus,Moreau,marcus.moreau1260@outlook.com,Lakeshore Realty,Referral,Nurturing,true,2023-02-04,,
LEAD001261,Felix,Osei,felix.osei1261@outlook.com,Harbor Properties,Conference,Qualified,false,2025-04-27,ACC00427,2025-05-06
LEAD001262,Riley,Bautista,riley.bautista1262@kw.com,Lakeshore Real Estate,Paid Search,New,false,2024-01-20,,
LEAD001263,Riley,Thornton,riley.thornton1263@realtyco.com,Lakeshore Real Estate,Cold Outreach,Qualified,false,2024-03-06,ACC00142,2024-04-16
LEAD001264,Jordan,Bautista,jordan.bautista1264@kw.com,Lakeshore Group,Organic Search,Nurturing,false,2024-09-13,,
LEAD001265,Morgan,Petrova,morgan.petrova1265@compass.com,Cornerstone Realty,Cold Outreach,New,false,2025-08-01,,
LEAD001266,Bianca,Bergstrom,bianca.bergstrom1266@gmail.com,Cornerstone Real Estate,Organic Search,New,false,2024-09-29,,
LEAD001267,Riley,Ahmed,riley.ahmed1267@outlook.com,Blackwood Properties,Webinar,Qualified,true,2025-02-27,,
LEAD001268,Theo,Thornton,theo.thornton1268@gmail.com,Meridian & Co.,Social,Working,false,2026-03-22,,
LEAD001269,Quinn,Kaplan,quinn.kaplan1269@realtyco.com,Harbor Realty,Cold Outreach,Disqualified,false,2025-11-20,,
LEAD001270,Marcus,Petrova,marcus.petrova1270@realtyco.com,Lakeshore Properties,Webinar,Working,false,2023-06-30,,
LEAD001271,Riley,Vasquez,riley.vasquez1271@kw.com,Beacon Real Estate,Paid Search,Working,true,2024-04-02,,
LEAD001272,Maya,Moreau,maya.moreau1272@realtyco.com,Lakeshore Partners,Partner,Nurturing,true,2023-04-08,,
LEAD001273,Maya,Osei,maya.osei1273@gmail.com,Cypress & Co.,Conference,Disqualified,false,2024-05-01,,
LEAD001274,Quinn,Moreau,quinn.moreau1274@outlook.com,Summit Partners,Partner,Qualified,true,2023-10-17,ACC00737,2023-11-10
LEAD001275,Riley,Moreau,riley.moreau1275@kw.com,Foxglove Partners,Partner,Disqualified,false,2023-02-16,,
LEAD001276,Maya,Kaplan,maya.kaplan1276@outlook.com,Ridgeline & Co.,Paid Search,Qualified,true,2023-02-05,,
LEAD001277,Felix,Moreau,felix.moreau1277@gmail.com,Foxglove Partners,Referral,New,false,2025-04-08,,
LEAD001278,Devin,Petrova,devin.petrova1278@kw.com,Ridgeline Realty,Partner,Nurturing,true,2023-12-16,,
LEAD001279,Naomi,Ahmed,naomi.ahmed1279@realtyco.com,Beacon Properties,organic search,New,false,2025-10-13,,
LEAD001280,Casey,Kearney,casey.kearney1280@kw.com,Blackwood Real Estate,Paid Search,New,false,2025-07-22,,
LEAD001281,Priya,Halvorsen,priya.halvorsen1281@gmail.com,Ridgeline Real Estate,Conference,Nurturing,true,2023-09-21,,
LEAD001282,Marcus,Vasquez,marcus.vasquez1282@gmail.com,Stonebridge Properties,Paid Search,Disqualified,false,2024-01-17,,
LEAD001283,Naomi,Bautista,naomi.bautista1283@outlook.com,Blackwood Realty,PAID SEARCH,New,false,2025-03-29,,
LEAD001284,Tessa,Thornton,tessa.thornton1284@kw.com,Stonebridge Real Estate,Social,Disqualified,false,2024-09-07,,
LEAD001285,Priya,Okonkwo,priya.okonkwo1285@compass.com,Cypress Group,PAID SEARCH,Disqualified,false,2026-04-01,,
LEAD001286,Tessa,Petrova,tessa.petrova1286@realtyco.com,Foxglove Group,,Disqualified,false,2024-06-15,,
LEAD001287,Tessa,Castellanos,tessa.castellanos1287@kw.com,Stonebridge Partners,Social,Disqualified,false,2024-03-27,,
LEAD001288,Devin,Osei,devin.osei1288@gmail.com,Ironwood & Co.,,Working,true,2026-06-10,,
LEAD001289,Casey,Whitfield,casey.whitfield1289@gmail.com,Blackwood Partners,Organic Search,Nurturing,false,2023-06-30,,
LEAD001290,Elena,Rinaldi,elena.rinaldi1290@realtyco.com,Cypress Real Estate,Paid Search ,New,false,2023-06-13,,
LEAD001291,Priya,Bergstrom,priya.bergstrom1291@compass.com,Stonebridge Realty,Referral,Working,true,2026-02-21,,
LEAD001292,Bianca,Okonkwo,bianca.okonkwo1292@outlook.com,Meridian Group,Webinar,New,false,2025-01-10,,
LEAD001293,Riley,Osei,riley.osei1293@outlook.com,Foxglove & Co.,Webinar,Qualified,true,2025-08-29,ACC00483,2025-09-15
LEAD001294,Avery,Kearney,avery.kearney1294@kw.com,Lakeshore Partners,Partner,Nurturing,false,2024-06-07,,
LEAD001295,Casey,Nakamura,casey.nakamura1295@compass.com,Summit Realty,Referral,Disqualified,false,2025-01-22,,
LEAD001296,Owen,Delgado,owen.delgado1296@compass.com,Cypress Group,Webinar,New,false,2023-11-12,,
LEAD001297,Tessa,Kearney,tessa.kearney1297@kw.com,Cypress Realty,Partner,Working,true,2024-09-02,,
LEAD001298,Noel,Ahmed,noel.ahmed1298@realtyco.com,Meridian Group,Webinar,Working,false,2024-10-25,,
LEAD001299,Camille,Vasquez,camille.vasquez1299@kw.com,Lakeshore Group,Organic Search,New,false,2023-10-28,,
LEAD001300,Grant,Vasquez,grant.vasquez1300@compass.com,Stonebridge Partners,Referral,Nurturing,false,2026-05-13,,
LEAD001301,Riley,Kaplan,riley.kaplan1301@outlook.com,Ironwood Partners,Partner,Disqualified,false,2024-08-19,,
LEAD001302,Priya,Moreau,priya.moreau1302@realtyco.com,Meridian Partners,Social,Working,true,2023-08-30,,
LEAD001303,Priya,Kaplan,priya.kaplan1303@kw.com,Beacon Real Estate,Partner,New,false,2025-01-03,,
LEAD001304,Theo,Osei,theo.osei1304@compass.com,Ridgeline Realty,paid search,Working,false,2024-05-01,,
LEAD001305,Noel,Delgado,noel.delgado1305@outlook.com,Ridgeline Group,Organic Search,Nurturing,true,2023-03-19,,
LEAD001306,Owen,Ahmed,owen.ahmed1306@kw.com,Cypress Realty,Webinar,Qualified,true,2026-01-13,ACC00463,2026-02-09
LEAD001307,Owen,Ahmed,owen.ahmed1307@realtyco.com,Summit Properties,Paid Search,Qualified,true,2025-06-11,,
LEAD001308,Marcus,Kearney,marcus.kearney1308@outlook.com,Lakeshore Real Estate,Organic Search,New,false,2023-01-11,,
LEAD001309,Noel,Petrova,noel.petrova1309@gmail.com,Lakeshore Properties,Organic Search,Working,true,2025-09-22,,
LEAD001310,Noel,Okonkwo,noel.okonkwo1310@kw.com,Foxglove & Co.,Partner,Working,true,2026-06-13,,
LEAD001311,Casey,Okonkwo,casey.okonkwo1311@compass.com,Meridian Realty,Webinar,Qualified,true,2024-11-12,,
LEAD001312,Maya,Castellanos,maya.castellanos1312@outlook.com,Cypress Group,Cold Outreach,Qualified,false,2025-12-22,,
LEAD001313,Quinn,Kaplan,quinn.kaplan1313@outlook.com,Cypress Properties,Cold Outreach,Qualified,false,2025-01-01,ACC00341,2025-02-15
LEAD001314,Grant,Halvorsen,grant.halvorsen1314@gmail.com,Ridgeline Partners,Cold Outreach,Nurturing,true,2025-07-18,,
LEAD001315,Elena,Delgado,elena.delgado1315@kw.com,Summit Partners,Cold Outreach,Qualified,true,2026-05-28,ACC00728,2026-07-17
LEAD001316,Avery,Halvorsen,avery.halvorsen1316@compass.com,Cypress Realty,Organic Search,Qualified,true,2024-12-04,,
LEAD001317,Devin,Thornton,devin.thornton1317@realtyco.com,Meridian Properties,Referral,Working,true,2023-05-21,,
LEAD001318,Grant,Moreau,grant.moreau1318@outlook.com,Cypress & Co.,Conference,New,false,2025-05-29,,
LEAD001319,Priya,Halvorsen,priya.halvorsen1319@realtyco.com,Meridian Realty,Social,Working,true,2024-07-11,,
LEAD001320,Devin,Vasquez,devin.vasquez1320@outlook.com,Ironwood Real Estate,Conference,Qualified,true,2024-09-12,ACC00896,2024-10-04
LEAD001321,Camille,Moreau,camille.moreau1321@outlook.com,Stonebridge Realty,Partner,New,false,2024-11-19,,
LEAD001322,Bianca,Ahmed,bianca.ahmed1322@realtyco.com,Cornerstone Group,Paid Search,Qualified,true,2026-06-08,ACC00834,2026-06-18
LEAD001323,Julian,Moreau,julian.moreau1323@outlook.com,Blackwood Real Estate,Paid Search,Qualified,false,2023-04-15,ACC00305,2023-06-11
LEAD001324,Rowan,Kaplan,rowan.kaplan1324@realtyco.com,Beacon Real Estate,Social,Working,true,2024-06-21,,
LEAD001325,Elena,Moreau,elena.moreau1325@kw.com,Blackwood Realty,Cold Outreach,Disqualified,false,2024-04-02,,
LEAD001326,Noel,Kearney,noel.kearney1326@realtyco.com,Ridgeline Properties,Cold Outreach,Nurturing,false,2024-11-04,,
LEAD001327,Sasha,Thornton,sasha.thornton1327@realtyco.com,Beacon & Co.,Cold Outreach,Qualified,true,2025-02-02,ACC00400,2025-03-14
LEAD001328,Camille,Thornton,camille.thornton1328@compass.com,Blackwood & Co.,Organic Search,New,false,2025-10-24,,
LEAD001329,Naomi,Moreau,naomi.moreau1329@realtyco.com,Beacon Realty,Partner,New,false,2024-02-01,,
LEAD001330,Marcus,Whitfield,marcus.whitfield1330@kw.com,Foxglove & Co.,Organic Search,Disqualified,false,2025-08-10,,
LEAD001331,Morgan,Ahmed,morgan.ahmed1331@gmail.com,Cypress Group,Social,Qualified,false,2025-10-06,ACC00833,2025-10-27
LEAD001332,Bianca,Vasquez,bianca.vasquez1332@kw.com,Summit Realty,Webinar,Working,true,2023-03-27,,
LEAD001333,Skyler,Petrova,skyler.petrova1333@gmail.com,Foxglove Realty,,Working,false,2023-07-26,,
LEAD001334,Julian,Okonkwo,julian.okonkwo1334@compass.com,Ironwood & Co.,Social,Qualified,true,2025-02-23,ACC00315,2025-03-29
LEAD001335,Owen,Vasquez,owen.vasquez1335@realtyco.com,Meridian Properties,Organic Search,New,false,2024-10-04,,
LEAD001336,Grant,Kearney,grant.kearney1336@kw.com,Beacon Properties,Partner,Qualified,true,2026-04-13,ACC00302,2026-04-28
LEAD001337,Grant,Thornton,grant.thornton1337@outlook.com,Ridgeline Real Estate,,New,false,2025-12-15,,
LEAD001338,Sasha,Delgado,sasha.delgado1338@gmail.com,Cornerstone Real Estate,Organic Search,Working,true,2024-07-07,,
LEAD001339,Elena,Delgado,elena.delgado1339@kw.com,Foxglove Group,Social,Working,false,2023-04-07,,
LEAD001340,Rowan,Osei,rowan.osei1340@kw.com,Beacon Realty,Webinar,Qualified,false,2025-04-09,,
LEAD001341,Elena,Bautista,elena.bautista1341@gmail.com,Foxglove Realty,Webinar,Qualified,false,2023-02-15,,
LEAD001342,Grant,Bergstrom,grant.bergstrom1342@outlook.com,Ironwood Realty,Partner,Nurturing,true,2025-01-15,,
LEAD001343,Priya,Nakamura,priya.nakamura1343@compass.com,Blackwood & Co.,Webinar,Nurturing,false,2025-04-30,,
LEAD001344,Riley,Castellanos,riley.castellanos1344@gmail.com,Ridgeline & Co.,Partner,Nurturing,true,2025-11-03,,
LEAD001345,Skyler,Nakamura,skyler.nakamura1345@outlook.com,Ironwood Realty,Conference,New,false,2023-06-04,,
LEAD001346,Morgan,Halvorsen,morgan.halvorsen1346@realtyco.com,Beacon Group,Referral,Qualified,true,2026-01-24,ACC00370,2026-03-16
LEAD001347,Elena,Petrova,elena.petrova1347@gmail.com,Harbor Real Estate,Webinar,Qualified,true,2025-02-01,ACC00264,2025-02-22
LEAD001348,Maya,Kearney,maya.kearney1348@gmail.com,Foxglove Group,Organic Search,New,false,2024-12-02,,
LEAD001349,Casey,Okonkwo,casey.okonkwo1349@compass.com,Blackwood Realty,Organic Search,Qualified,true,2024-02-27,,
LEAD001350,Elena,Halvorsen,elena.halvorsen1350@gmail.com,Harbor Group,Conference,New,false,2023-06-14,,
LEAD001351,Grant,Bautista,grant.bautista1351@gmail.com,Harbor Realty,Webinar,Working,true,2024-05-14,,
LEAD001352,Quinn,Kearney,quinn.kearney1352@kw.com,Ironwood Group,,New,false,2024-02-29,,
LEAD001353,Julian,Halvorsen,julian.halvorsen1353@gmail.com,Cypress Properties,Paid Search,Nurturing,false,2023-04-05,,
LEAD001354,Noel,Castellanos,noel.castellanos1354@kw.com,Stonebridge Realty,,Working,true,2026-05-21,,
LEAD001355,Quinn,Moreau,quinn.moreau1355@compass.com,Ironwood Real Estate,,Nurturing,true,2025-10-18,,
LEAD001356,Marcus,Moreau,marcus.moreau1356@outlook.com,Foxglove Properties,Partner,Working,true,2025-10-23,,
LEAD001357,Marcus,Vasquez,marcus.vasquez1357@gmail.com,Meridian Real Estate,Conference,Nurturing,true,2025-03-31,,
LEAD001358,Jordan,Vasquez,jordan.vasquez1358@kw.com,Foxglove Realty,Paid Search,Qualified,true,2024-04-17,ACC00317,2024-05-26
LEAD001359,Casey,Vasquez,casey.vasquez1359@gmail.com,Stonebridge Group,Social,New,false,2023-08-23,,
LEAD001360,Sasha,Moreau,sasha.moreau1360@kw.com,Beacon Realty,Partner,New,false,2024-01-20,,
LEAD001361,Julian,Ahmed,julian.ahmed1361@outlook.com,Foxglove Partners,Organic Search,New,false,2023-12-25,,
LEAD001362,Felix,Castellanos,felix.castellanos1362@compass.com,Stonebridge Realty,referral,New,false,2024-11-29,,
LEAD001363,Sasha,Bautista,sasha.bautista1363@outlook.com,Meridian Properties,Cold Outreach,Nurturing,true,2025-07-21,,
LEAD001364,Devin,Kearney,devin.kearney1364@kw.com,Lakeshore Partners,Conference,Qualified,true,2024-04-17,ACC00479,2024-04-20
LEAD001365,Priya,Kaplan,priya.kaplan1365@compass.com,Cornerstone & Co.,Conference,Working,false,2025-09-10,,
LEAD001366,Morgan,Whitfield,morgan.whitfield1366@outlook.com,Cornerstone Realty,Organic Search,Qualified,true,2023-11-30,ACC00338,2024-01-06
LEAD001367,Devin,Bautista,devin.bautista1367@outlook.com,Lakeshore Real Estate,Social,New,false,2026-04-08,,
LEAD001368,Julian,Moreau,julian.moreau1368@gmail.com,Cornerstone Realty,Social,Nurturing,true,2025-10-06,,
LEAD001369,Owen,Rinaldi,owen.rinaldi1369@kw.com,Summit Group,,Working,true,2023-04-27,,
LEAD001370,Noel,Ahmed,noel.ahmed1370@outlook.com,Beacon Partners,Webinar,Qualified,true,2026-01-12,ACC00451,2026-01-28
LEAD001371,Morgan,Kearney,morgan.kearney1371@gmail.com,Ironwood Group,Partner,Qualified,true,2025-07-17,ACC00265,2025-07-23
LEAD001372,Priya,Rinaldi,priya.rinaldi1372@outlook.com,Cornerstone Properties,Organic Search,Working,true,2024-04-22,,
LEAD001373,Tessa,Rinaldi,tessa.rinaldi1373@realtyco.com,Harbor Realty,Social,Working,true,2024-11-13,,
LEAD001374,Elena,Kearney,elena.kearney1374@outlook.com,Harbor Real Estate,Conference,Disqualified,false,2023-03-30,,
LEAD001375,Riley,Thornton,riley.thornton1375@gmail.com,Beacon Real Estate,Paid Search,New,false,2025-03-03,,
LEAD001376,Bianca,Thornton,bianca.thornton1376@gmail.com,Harbor Realty,Conference,Working,true,2026-04-02,,
LEAD001377,Bianca,Halvorsen,bianca.halvorsen1377@realtyco.com,Ironwood Group,Conference,Working,true,2025-03-14,,
LEAD001378,Owen,Rinaldi,owen.rinaldi1378@realtyco.com,Blackwood & Co.,Referral,Working,true,2023-11-07,,
LEAD001379,Skyler,Whitfield,skyler.whitfield1379@realtyco.com,Stonebridge Partners,Conference,Working,true,2026-05-31,,
LEAD001380,Tessa,Petrova,tessa.petrova1380@compass.com,Ridgeline Partners,Referral,Qualified,false,2026-04-23,ACC00690,2026-05-09
LEAD001381,Camille,Okonkwo,camille.okonkwo1381@realtyco.com,Beacon Realty,Social,Working,false,2025-06-25,,
LEAD001382,Skyler,Osei,skyler.osei1382@outlook.com,Stonebridge Partners,Partner,Nurturing,true,2023-10-23,,
LEAD001383,Riley,Okonkwo,riley.okonkwo1383@compass.com,Meridian Partners,Webinar,New,false,2025-06-15,,
LEAD001384,Quinn,Nakamura,quinn.nakamura1384@outlook.com,Blackwood Properties,Partner,Disqualified,false,2023-03-08,,
LEAD001385,Quinn,Bergstrom,quinn.bergstrom1385@compass.com,Meridian Properties,,New,false,2024-01-30,,
LEAD001386,Elena,Ahmed,elena.ahmed1386@kw.com,Meridian Group,Paid Search,Disqualified,false,2025-02-15,,
LEAD001387,Maya,Bergstrom,maya.bergstrom1387@compass.com,Ironwood Group,Partner,Qualified,false,2023-01-05,ACC00408,2023-02-05
LEAD001388,Theo,Lindqvist,theo.lindqvist1388@kw.com,Blackwood Group,Referral,Qualified,true,2023-07-05,ACC00146,2023-08-27
LEAD001389,Sasha,Vasquez,sasha.vasquez1389@gmail.com,Harbor Real Estate,Social,Working,true,2024-08-11,,
LEAD001390,Owen,Whitfield,owen.whitfield1390@compass.com,Summit Group,Referral,Disqualified,false,2024-06-08,,
LEAD001391,Rowan,Rinaldi,rowan.rinaldi1391@gmail.com,Beacon Real Estate,Conference,Working,false,2025-04-20,,
LEAD001392,Tessa,Kearney,tessa.kearney1392@outlook.com,Summit Properties,Social,New,false,2025-12-21,,
LEAD001393,Felix,Castellanos,felix.castellanos1393@gmail.com,Meridian & Co.,organic search,New,false,2023-12-12,,
LEAD001394,Priya,Kearney,priya.kearney1394@compass.com,Foxglove Properties,Partner,Disqualified,false,2025-04-01,,
LEAD001395,Sasha,Halvorsen,sasha.halvorsen1395@kw.com,Cornerstone & Co.,Social,Disqualified,false,2026-03-04,,
LEAD001396,Riley,Ahmed,riley.ahmed1396@gmail.com,Beacon & Co.,Conference,Qualified,true,2023-11-19,ACC00168,2024-01-13
LEAD001397,Marcus,Lindqvist,marcus.lindqvist1397@outlook.com,Cypress Real Estate,,New,false,2023-08-24,,
LEAD001398,Owen,Whitfield,owen.whitfield1398@gmail.com,Ridgeline Real Estate,,New,false,2025-08-22,,
LEAD001399,Camille,Lindqvist,camille.lindqvist1399@gmail.com,Stonebridge Partners,organic search,Qualified,true,2024-11-24,ACC00597,2024-11-27
LEAD001400,Devin,Ahmed,devin.ahmed1400@outlook.com,Foxglove & Co.,Partner,Nurturing,true,2023-05-17,,
LEAD001401,Elena,Petrova,elena.petrova1401@realtyco.com,Ridgeline Partners,Referral,Qualified,false,2025-04-30,,
LEAD001402,Bianca,Rinaldi,bianca.rinaldi1402@kw.com,Summit Partners,Conference,New,false,2024-06-01,,
LEAD001403,Sasha,Vasquez,sasha.vasquez1403@realtyco.com,Cypress Partners,Webinar,Nurturing,true,2024-08-21,,
LEAD001404,Rowan,Kearney,rowan.kearney1404@gmail.com,Blackwood Group,Partner,Qualified,true,2024-03-18,ACC00458,2024-05-10
LEAD001405,Theo,Castellanos,theo.castellanos1405@gmail.com,Meridian & Co., Referral,Nurturing,true,2024-04-14,,
LEAD001406,Morgan,Thornton,morgan.thornton1406@kw.com,Foxglove Properties,Organic Search,Disqualified,false,2023-04-01,,
LEAD001407,Avery,Castellanos,avery.castellanos1407@realtyco.com,Ridgeline Properties,organic search,Nurturing,true,2024-12-18,,
LEAD001408,Casey,Rinaldi,casey.rinaldi1408@compass.com,Lakeshore Real Estate,Conference,Qualified,true,2023-01-08,,
LEAD001409,Morgan,Vasquez,morgan.vasquez1409@outlook.com,Meridian & Co.,Cold Outreach,Qualified,true,2026-01-01,ACC00172,2026-02-26
LEAD001410,Marcus,Nakamura,marcus.nakamura1410@realtyco.com,Stonebridge Realty,Social,Disqualified,false,2023-02-09,,
LEAD001411,Marcus,Nakamura,marcus.nakamura1411@outlook.com,Ironwood Properties,Social,Nurturing,true,2024-09-04,,
LEAD001412,Riley,Bautista,riley.bautista1412@compass.com,Beacon & Co.,Webinar,New,false,2026-01-22,,
LEAD001413,Julian,Bergstrom,julian.bergstrom1413@realtyco.com,Blackwood Properties,Social,Disqualified,false,2025-06-08,,
LEAD001414,Naomi,Lindqvist,naomi.lindqvist1414@outlook.com,Meridian Partners,Cold Outreach,Qualified,true,2024-02-09,ACC00392,2024-03-14
LEAD001415,Morgan,Vasquez,morgan.vasquez1415@gmail.com,Ridgeline Real Estate,Conference,Nurturing,false,2025-04-11,,
LEAD001416,Jordan,Bergstrom,jordan.bergstrom1416@kw.com,Summit & Co.,Paid Search,Nurturing,true,2024-07-07,,
LEAD001417,Jordan,Lindqvist,jordan.lindqvist1417@kw.com,Ridgeline Group,Organic Search,Working,false,2023-01-20,,
LEAD001418,Noel,Petrova,noel.petrova1418@outlook.com,Ironwood Real Estate,Referral,Disqualified,false,2023-10-11,,
LEAD001419,Rowan,Okonkwo,rowan.okonkwo1419@gmail.com,Foxglove Group,Organic Search,Qualified,true,2026-05-04,,
LEAD001420,Rowan,Moreau,rowan.moreau1420@realtyco.com,Harbor Group,Social,New,false,2023-08-21,,
LEAD001421,Camille,Vasquez,camille.vasquez1421@outlook.com,Meridian Properties,Paid Search,Nurturing,true,2025-05-12,,
LEAD001422,Priya,Bautista,priya.bautista1422@compass.com,Cypress & Co.,Social,New,false,2024-07-12,,
LEAD001423,Rowan,Vasquez,rowan.vasquez1423@kw.com,Beacon Realty,Partner,Disqualified,false,2026-06-16,,
LEAD001424,Devin,Bergstrom,devin.bergstrom1424@kw.com,Stonebridge Properties,Paid Search,Qualified,true,2026-05-03,ACC00230,2026-05-25
LEAD001425,Avery,Okonkwo,avery.okonkwo1425@realtyco.com,Beacon Partners,referral,Qualified,true,2024-02-20,ACC00432,2024-03-21
LEAD001426,Naomi,Lindqvist,naomi.lindqvist1426@realtyco.com,Foxglove Realty,Referral,Qualified,false,2024-09-08,ACC00698,2024-10-01
LEAD001427,Marcus,Nakamura,marcus.nakamura1427@gmail.com,Stonebridge Partners,Organic Search,New,false,2024-05-24,,
LEAD001428,Julian,Thornton,julian.thornton1428@outlook.com,Foxglove Real Estate,Webinar,Working,true,2024-07-02,,
LEAD001429,Avery,Ahmed,avery.ahmed1429@realtyco.com,Ridgeline Real Estate,Webinar,Qualified,true,2024-10-16,,
LEAD001430,Maya,Bergstrom,maya.bergstrom1430@gmail.com,Cornerstone Properties,Social,Qualified,true,2024-11-15,,
LEAD001431,Camille,Bergstrom,camille.bergstrom1431@outlook.com,Summit Properties,Cold Outreach,Disqualified,false,2024-07-21,,
LEAD001432,Rowan,Osei,rowan.osei1432@gmail.com,Foxglove Real Estate,Organic Search,Qualified,true,2024-09-27,,
LEAD001433,Skyler,Rinaldi,skyler.rinaldi1433@gmail.com,Ironwood Realty,Paid Search,Working,true,2023-11-19,,
LEAD001434,Casey,Vasquez,casey.vasquez1434@kw.com,Summit Real Estate,Paid Search ,Working,false,2023-07-16,,
LEAD001435,Elena,Okonkwo,elena.okonkwo1435@kw.com,Blackwood Realty,Referral,Qualified,true,2024-07-13,ACC00858,2024-08-06
LEAD001436,Theo,Nakamura,theo.nakamura1436@outlook.com,Cypress Realty,Cold Outreach,New,false,2025-01-30,,
LEAD001437,Camille,Bautista,camille.bautista1437@gmail.com,Lakeshore & Co.,Organic Search,Qualified,false,2023-06-04,,
LEAD001438,Felix,Lindqvist,felix.lindqvist1438@compass.com,Stonebridge Partners,Conference,Disqualified,false,2026-06-05,,
LEAD001439,Morgan,Vasquez,morgan.vasquez1439@kw.com,Ironwood Properties,Cold Outreach,Disqualified,false,2025-10-15,,
LEAD001440,Quinn,Bautista,quinn.bautista1440@kw.com,Harbor & Co.,Conference,New,false,2023-09-27,,
LEAD001441,Tessa,Castellanos,tessa.castellanos1441@gmail.com,Summit Partners,Cold Outreach,Qualified,true,2023-06-02,ACC00112,2023-06-13
LEAD001442,Riley,Vasquez,riley.vasquez1442@compass.com,Foxglove Partners,Conference,Working,true,2023-03-27,,
LEAD001443,Devin,Osei,devin.osei1443@outlook.com,Foxglove Properties,Social,New,false,2026-05-04,,
LEAD001444,Maya,Osei,maya.osei1444@gmail.com,Blackwood Partners,Paid Search,New,false,2023-02-19,,
LEAD001445,Felix,Moreau,felix.moreau1445@compass.com,Cypress Real Estate,Webinar,Nurturing,true,2023-04-13,,
LEAD001446,Sasha,Delgado,sasha.delgado1446@gmail.com,Ironwood Properties,Conference,Disqualified,false,2023-03-20,,
LEAD001447,Sasha,Bautista,sasha.bautista1447@compass.com,Stonebridge Group,Partner,Nurturing,true,2023-08-22,,
LEAD001448,Grant,Thornton,grant.thornton1448@compass.com,Cypress Properties,Paid Search,Qualified,true,2025-05-11,ACC00766,2025-06-08
LEAD001449,Quinn,Bautista,quinn.bautista1449@gmail.com,Stonebridge & Co.,Paid Search,Nurturing,false,2023-03-12,,
LEAD001450,Morgan,Lindqvist,morgan.lindqvist1450@realtyco.com,Summit Partners,Referral,Working,true,2025-07-05,,
LEAD001451,Felix,Whitfield,felix.whitfield1451@kw.com,Cypress Real Estate,,Working,true,2025-12-28,,
LEAD001452,Bianca,Thornton,bianca.thornton1452@compass.com,Cornerstone Partners,Conference,Working,true,2023-07-31,,
LEAD001453,Riley,Ahmed,riley.ahmed1453@kw.com,Ironwood Real Estate,Social,New,false,2025-03-04,,
LEAD001454,Owen,Osei,owen.osei1454@kw.com,Harbor Realty,,Nurturing,true,2025-07-09,,
LEAD001455,Devin,Osei,devin.osei1455@outlook.com,Blackwood Properties,Cold Outreach,Qualified,false,2023-04-04,,
LEAD001456,Riley,Bautista,riley.bautista1456@gmail.com,Stonebridge Realty,Social,Disqualified,false,2023-04-10,,
LEAD001457,Casey,Thornton,casey.thornton1457@kw.com,Stonebridge Partners,Cold Outreach,Qualified,true,2025-12-19,ACC00769,2026-02-09
LEAD001458,Rowan,Whitfield,rowan.whitfield1458@compass.com,Ridgeline Partners,Organic Search,Nurturing,true,2024-02-14,,
LEAD001459,Marcus,Kearney,marcus.kearney1459@realtyco.com,Foxglove Realty,,New,false,2025-09-11,,
LEAD001460,Casey,Thornton,casey.thornton1460@realtyco.com,Meridian Realty,Cold Outreach,Qualified,true,2024-08-17,,
LEAD001461,Felix,Okonkwo,felix.okonkwo1461@kw.com,Cornerstone Real Estate,Webinar,Nurturing,true,2026-02-28,,
LEAD001462,Casey,Lindqvist,casey.lindqvist1462@outlook.com,Foxglove Realty,organic search,Working,true,2025-02-12,,
LEAD001463,Bianca,Kaplan,bianca.kaplan1463@compass.com,Cornerstone Realty,Webinar,Nurturing,true,2024-08-19,,
LEAD001464,Maya,Ahmed,maya.ahmed1464@kw.com,Lakeshore Group,Social,Nurturing,true,2023-08-06,,
LEAD001465,Noel,Castellanos,noel.castellanos1465@compass.com,Meridian Partners,Social,Working,true,2025-11-14,,
LEAD001466,Priya,Castellanos,priya.castellanos1466@outlook.com,Ridgeline Properties,Cold Outreach,New,false,2025-07-15,,
LEAD001467,Jordan,Castellanos,jordan.castellanos1467@kw.com,Beacon Realty,,Working,true,2024-04-04,,
LEAD001468,Riley,Thornton,riley.thornton1468@compass.com,Summit Group,PAID SEARCH,Qualified,true,2025-11-28,ACC00031,2026-01-25
LEAD001469,Noel,Osei,noel.osei1469@compass.com,Cypress Group,Organic Search,New,false,2023-03-30,,
LEAD001470,Elena,Halvorsen,elena.halvorsen1470@gmail.com,Lakeshore Properties,Paid Search,New,false,2026-06-11,,
LEAD001471,Camille,Petrova,camille.petrova1471@realtyco.com,Blackwood Group,Cold Outreach,Qualified,true,2026-06-06,,
LEAD001472,Casey,Nakamura,casey.nakamura1472@gmail.com,Cornerstone Partners,Referral,Working,true,2024-06-15,,
LEAD001473,Riley,Lindqvist,riley.lindqvist1473@gmail.com,Stonebridge Properties,paid search,Disqualified,false,2025-01-21,,
LEAD001474,Noel,Petrova,noel.petrova1474@outlook.com,Foxglove Real Estate,Organic Search,Nurturing,true,2026-04-17,,
LEAD001475,Noel,Kaplan,noel.kaplan1475@compass.com,Stonebridge Realty,Conference,Qualified,false,2023-02-20,ACC00139,2023-03-27
LEAD001476,Bianca,Castellanos,bianca.castellanos1476@kw.com,Ironwood Real Estate,Partner,Qualified,true,2024-10-07,ACC00786,2024-10-29
LEAD001477,Skyler,Lindqvist,skyler.lindqvist1477@gmail.com,Cypress Realty,paid search,New,false,2023-05-10,,
LEAD001478,Morgan,Kearney,morgan.kearney1478@gmail.com,Stonebridge & Co.,,Disqualified,false,2023-08-01,,
LEAD001479,Rowan,Nakamura,rowan.nakamura1479@realtyco.com,Beacon Realty,Organic Search,New,false,2024-10-06,,
LEAD001480,Owen,Thornton,owen.thornton1480@kw.com,Beacon Realty,Paid Search,New,false,2025-04-28,,
LEAD001481,Marcus,Bautista,marcus.bautista1481@realtyco.com,Lakeshore Partners,,New,false,2025-07-28,,
LEAD001482,Elena,Vasquez,elena.vasquez1482@kw.com,Meridian Group,Referral,Working,false,2025-08-28,,
LEAD001483,Julian,Ahmed,julian.ahmed1483@kw.com,Blackwood Group,Webinar,Disqualified,false,2023-02-25,,
LEAD001484,Theo,Bautista,theo.bautista1484@outlook.com,Ironwood & Co.,Paid Search,Nurturing,false,2025-07-10,,
LEAD001485,Theo,Lindqvist,theo.lindqvist1485@gmail.com,Ironwood Realty,Referral,Working,true,2023-07-02,,
LEAD001486,Tessa,Rinaldi,tessa.rinaldi1486@kw.com,Ironwood Properties,Webinar,Qualified,true,2024-12-19,ACC00617,2025-01-13
LEAD001487,Jordan,Kaplan,jordan.kaplan1487@gmail.com,Ridgeline Group,Partner,Working,true,2023-02-24,,
LEAD001488,Jordan,Petrova,jordan.petrova1488@compass.com,Ironwood Partners,,Working,true,2024-08-14,,
LEAD001489,Sasha,Petrova,sasha.petrova1489@kw.com,Summit & Co.,Conference,Nurturing,true,2026-04-10,,
LEAD001490,Morgan,Whitfield,morgan.whitfield1490@gmail.com,Beacon Partners,Social,New,false,2023-04-20,,
LEAD001491,Rowan,Halvorsen,rowan.halvorsen1491@gmail.com,Beacon Real Estate,Conference,Qualified,true,2024-10-03,,
LEAD001492,Riley,Rinaldi,riley.rinaldi1492@realtyco.com,Meridian Realty,Partner,Disqualified,false,2023-08-07,,
LEAD001493,Quinn,Kaplan,quinn.kaplan1493@realtyco.com,Lakeshore Real Estate,Conference,Disqualified,false,2024-07-02,,
LEAD001494,Tessa,Rinaldi,tessa.rinaldi1494@compass.com,Stonebridge Partners,Webinar,Qualified,false,2024-07-26,ACC00324,2024-09-09
LEAD001495,Priya,Thornton,priya.thornton1495@gmail.com,Cornerstone & Co.,Webinar,New,false,2023-11-28,,
LEAD001496,Rowan,Thornton,rowan.thornton1496@compass.com,Meridian Properties,Paid Search,Working,true,2024-05-14,,
LEAD001497,Noel,Thornton,noel.thornton1497@compass.com,Beacon & Co.,Partner,Disqualified,false,2024-03-15,,
LEAD001498,Julian,Bergstrom,julian.bergstrom1498@realtyco.com,Ironwood & Co.,Social,Nurturing,false,2023-08-01,,
LEAD001499,Elena,Bautista,elena.bautista1499@compass.com,Ironwood Group,Referral,Qualified,false,2025-10-11,ACC00006,2025-11-05
LEAD001500,Rowan,Castellanos,rowan.castellanos1500@outlook.com,Blackwood Real Estate,Partner,Qualified,true,2025-09-08,ACC00085,2025-09-16
LEAD001501,Morgan,Halvorsen,morgan.halvorsen1501@gmail.com,Lakeshore Group,Partner,New,false,2026-06-01,,
LEAD001502,Sasha,Moreau,sasha.moreau1502@outlook.com,Harbor & Co.,Webinar,Nurturing,true,2025-09-05,,
LEAD001503,Casey,Vasquez,casey.vasquez1503@compass.com,Cornerstone Group,Partner,Nurturing,false,2023-02-20,,
LEAD001504,Noel,Lindqvist,noel.lindqvist1504@compass.com,Beacon Realty,Webinar,Nurturing,true,2025-03-31,,
LEAD001505,Marcus,Vasquez,marcus.vasquez1505@realtyco.com,Foxglove Properties,,Qualified,true,2025-01-08,ACC00260,2025-01-26
LEAD001506,Morgan,Kearney,morgan.kearney1506@outlook.com,Lakeshore Group,Partner,Nurturing,true,2025-03-20,,
LEAD001507,Naomi,Okonkwo,naomi.okonkwo1507@gmail.com,Summit & Co.,Paid Search,Disqualified,false,2024-11-05,,
LEAD001508,Riley,Moreau,riley.moreau1508@compass.com,Beacon Properties,Organic Search,Working,true,2023-04-24,,
LEAD001509,Elena,Bautista,elena.bautista1509@compass.com,Cypress Properties,Referral,New,false,2023-06-17,,
LEAD001510,Naomi,Delgado,naomi.delgado1510@compass.com,Meridian Realty,Conference,Working,false,2025-12-23,,
LEAD001511,Grant,Kearney,grant.kearney1511@realtyco.com,Foxglove Group,Social,Qualified,true,2025-04-09,ACC00159,2025-04-15
LEAD001512,Camille,Rinaldi,camille.rinaldi1512@realtyco.com,Stonebridge Partners,Partner,Disqualified,false,2024-05-16,,
LEAD001513,Riley,Castellanos,riley.castellanos1513@outlook.com,Summit Partners,Organic Search,New,false,2023-09-16,,
LEAD001514,Skyler,Kaplan,skyler.kaplan1514@kw.com,Harbor & Co.,Partner,New,false,2025-12-13,,
LEAD001515,Naomi,Bergstrom,naomi.bergstrom1515@kw.com,Meridian Properties,Referral,New,false,2023-03-01,,
LEAD001516,Tessa,Bautista,tessa.bautista1516@gmail.com,Ironwood Partners,Cold Outreach,Nurturing,true,2024-01-23,,
LEAD001517,Avery,Bergstrom,avery.bergstrom1517@outlook.com,Foxglove Properties,Webinar,Qualified,false,2023-10-29,ACC00100,2023-12-17
LEAD001518,Casey,Kearney,casey.kearney1518@outlook.com,Ironwood Real Estate,Partner,Disqualified,false,2023-11-02,,
LEAD001519,Rowan,Rinaldi,rowan.rinaldi1519@outlook.com,Ridgeline Group,Conference,Qualified,true,2026-04-09,ACC00673,2026-06-06
LEAD001520,Theo,Osei,theo.osei1520@outlook.com,Stonebridge & Co.,Conference,Nurturing,true,2024-06-10,,
LEAD001521,Maya,Kearney,maya.kearney1521@outlook.com,Cornerstone Realty,Organic Search,New,false,2025-06-09,,
LEAD001522,Tessa,Ahmed,tessa.ahmed1522@realtyco.com,Lakeshore & Co.,Paid Search,New,false,2023-02-19,,
LEAD001523,Devin,Okonkwo,devin.okonkwo1523@gmail.com,Ridgeline Group,Referral,Disqualified,false,2025-03-06,,
LEAD001524,Bianca,Moreau,bianca.moreau1524@outlook.com,Beacon Properties,Paid Search,Working,true,2023-11-08,,
LEAD001525,Quinn,Petrova,quinn.petrova1525@gmail.com,Cypress Realty,Paid Search,Nurturing,true,2025-03-20,,
LEAD001526,Priya,Thornton,priya.thornton1526@kw.com,Meridian Properties,Social,Working,true,2026-04-22,,
LEAD001527,Devin,Halvorsen,devin.halvorsen1527@outlook.com,Blackwood & Co.,Cold Outreach,New,false,2026-03-31,,
LEAD001528,Julian,Ahmed,julian.ahmed1528@kw.com,Summit Properties,,Qualified,false,2023-06-24,,
LEAD001529,Tessa,Castellanos,tessa.castellanos1529@kw.com,Harbor Realty,Partner,Nurturing,true,2024-12-28,,
LEAD001530,Sasha,Lindqvist,sasha.lindqvist1530@kw.com,Cornerstone Realty,Webinar,Qualified,false,2023-11-25,ACC00181,2023-12-21
LEAD001531,Owen,Castellanos,owen.castellanos1531@compass.com,Beacon Properties,Referral,Nurturing,false,2026-03-29,,
LEAD001532,Quinn,Moreau,quinn.moreau1532@outlook.com,Harbor Properties,Social,Nurturing,true,2023-03-22,,
LEAD001533,Rowan,Osei,rowan.osei1533@gmail.com,Beacon Properties,Conference,New,false,2024-12-24,,
LEAD001534,Avery,Kaplan,avery.kaplan1534@outlook.com,Cypress Partners,Social,Nurturing,true,2026-06-17,,
LEAD001535,Grant,Kaplan,grant.kaplan1535@realtyco.com,Harbor Properties,Referral,Qualified,true,2025-06-13,ACC00416,2025-07-11
LEAD001536,Felix,Vasquez,felix.vasquez1536@gmail.com,Summit Real Estate,Cold Outreach,Qualified,true,2024-12-24,ACC00742,2025-01-19
LEAD001537,Marcus,Kearney,marcus.kearney1537@gmail.com,Summit Properties,Referral,New,false,2024-06-08,,
LEAD001538,Tessa,Whitfield,tessa.whitfield1538@compass.com,Cornerstone Realty,Referral,New,false,2025-07-14,,
LEAD001539,Maya,Delgado,maya.delgado1539@kw.com,Lakeshore Properties,Referral,New,false,2024-07-10,,
LEAD001540,Bianca,Moreau,bianca.moreau1540@kw.com,Cornerstone Realty,Referral,Qualified,true,2025-06-09,ACC00536,2025-07-08
LEAD001541,Tessa,Petrova,tessa.petrova1541@outlook.com,Cornerstone Realty,Social,Working,true,2026-02-17,,
LEAD001542,Elena,Ahmed,elena.ahmed1542@kw.com,Summit Realty,Paid Search,Working,false,2023-05-12,,
LEAD001543,Marcus,Lindqvist,marcus.lindqvist1543@kw.com,Blackwood Properties,Paid Search,New,false,2024-11-09,,
LEAD001544,Bianca,Osei,bianca.osei1544@gmail.com,Lakeshore Realty,Paid Search,New,false,2023-12-15,,
LEAD001545,Naomi,Osei,naomi.osei1545@outlook.com,Stonebridge Group,Partner,Qualified,true,2026-06-14,ACC00592,2026-07-08
LEAD001546,Maya,Bergstrom,maya.bergstrom1546@realtyco.com,Cypress Real Estate,Referral,Disqualified,false,2023-11-30,,
LEAD001547,Skyler,Rinaldi,skyler.rinaldi1547@gmail.com,Stonebridge & Co.,Conference,Disqualified,false,2025-06-30,,
LEAD001548,Marcus,Halvorsen,marcus.halvorsen1548@gmail.com,Harbor Realty,Referral,Qualified,false,2025-04-08,ACC00283,2025-04-13
LEAD001549,Quinn,Vasquez,quinn.vasquez1549@compass.com,Cypress Real Estate,Partner,Nurturing,true,2024-10-16,,
LEAD001550,Jordan,Bergstrom,jordan.bergstrom1550@outlook.com,Summit Group,Social,Nurturing,false,2023-06-18,,
LEAD001551,Devin,Kearney,devin.kearney1551@compass.com,Ironwood Realty,Paid Search,New,false,2025-11-05,,
LEAD001552,Marcus,Castellanos,marcus.castellanos1552@realtyco.com,Foxglove & Co.,Webinar,Qualified,true,2023-12-31,,
LEAD001553,Quinn,Okonkwo,quinn.okonkwo1553@kw.com,Beacon Real Estate,Cold Outreach,Working,true,2024-10-29,,
LEAD001554,Riley,Moreau,riley.moreau1554@realtyco.com,Lakeshore Partners,Social,Qualified,true,2024-01-21,ACC00433,2024-03-09
LEAD001555,Casey,Rinaldi,casey.rinaldi1555@gmail.com,Cypress Real Estate,Cold Outreach,Qualified,false,2024-05-27,ACC00646,2024-06-23
LEAD001556,Devin,Bautista,devin.bautista1556@gmail.com,Lakeshore & Co.,Social,New,false,2026-03-14,,
LEAD001557,Quinn,Nakamura,quinn.nakamura1557@gmail.com,Summit Real Estate,Webinar,Qualified,true,2023-08-27,ACC00499,2023-09-23
LEAD001558,Julian,Osei,julian.osei1558@compass.com,Meridian & Co.,Referral,Disqualified,false,2023-05-25,,
LEAD001559,Rowan,Whitfield,rowan.whitfield1559@gmail.com,Stonebridge Properties,Conference,New,false,2025-10-12,,
LEAD001560,Felix,Halvorsen,felix.halvorsen1560@kw.com,Summit Properties,Referral,Disqualified,false,2026-03-28,,
LEAD001561,Skyler,Bautista,skyler.bautista1561@realtyco.com,Stonebridge & Co.,Cold Outreach,New,false,2025-09-21,,
LEAD001562,Sasha,Bautista,sasha.bautista1562@kw.com,Ironwood & Co.,Organic Search,Qualified,true,2025-03-23,,
LEAD001563,Maya,Whitfield,maya.whitfield1563@compass.com,Meridian Real Estate,Social,Nurturing,false,2023-01-09,,
LEAD001564,Felix,Lindqvist,felix.lindqvist1564@realtyco.com,Blackwood Group,Cold Outreach,Disqualified,false,2024-07-20,,
LEAD001565,Morgan,Okonkwo,morgan.okonkwo1565@outlook.com,Ironwood & Co.,Partner,Qualified,false,2025-07-14,,
LEAD001566,Priya,Lindqvist,priya.lindqvist1566@gmail.com,Stonebridge Partners,Conference,Qualified,true,2024-04-20,,
LEAD001567,Felix,Ahmed,felix.ahmed1567@outlook.com,Meridian Real Estate,Cold Outreach,Disqualified,false,2024-05-25,,
LEAD001568,Priya,Okonkwo,priya.okonkwo1568@outlook.com,Foxglove Partners,Partner,Qualified,true,2025-08-04,ACC00307,2025-09-24
LEAD001569,Grant,Kearney,grant.kearney1569@outlook.com,Blackwood & Co.,Partner,Working,true,2023-05-28,,
LEAD001570,Maya,Delgado,maya.delgado1570@kw.com,Beacon Partners,Social,New,false,2023-04-27,,
LEAD001571,Morgan,Delgado,morgan.delgado1571@kw.com,Meridian Properties,PAID SEARCH,Nurturing,true,2024-10-09,,
LEAD001572,Skyler,Bautista,skyler.bautista1572@kw.com,Meridian Real Estate,,Disqualified,false,2024-10-20,,
LEAD001573,Theo,Vasquez,theo.vasquez1573@outlook.com,Cornerstone Realty,Cold Outreach,New,false,2023-09-24,,
LEAD001574,Casey,Petrova,casey.petrova1574@realtyco.com,Harbor Group,Webinar,Working,true,2024-10-07,,
LEAD001575,Casey,Ahmed,casey.ahmed1575@kw.com,Beacon Realty,Paid Search,Working,true,2026-05-01,,
LEAD001576,Theo,Vasquez,theo.vasquez1576@realtyco.com,Stonebridge Partners,Webinar,Working,false,2023-03-10,,
LEAD001577,Jordan,Castellanos,jordan.castellanos1577@kw.com,Blackwood Group,Paid Search,New,false,2023-03-17,,
LEAD001578,Devin,Ahmed,devin.ahmed1578@compass.com,Meridian Properties,Partner,New,false,2025-08-20,,
LEAD001579,Grant,Kaplan,grant.kaplan1579@realtyco.com,Summit Partners,Social,Qualified,false,2023-10-30,ACC00460,2023-11-28
LEAD001580,Morgan,Castellanos,morgan.castellanos1580@gmail.com,Lakeshore Partners,Referral,Working,true,2023-12-12,,
LEAD001581,Tessa,Kearney,tessa.kearney1581@realtyco.com,Lakeshore Group,Webinar,Disqualified,false,2024-12-23,,
LEAD001582,Priya,Vasquez,priya.vasquez1582@gmail.com,Beacon Partners,Referral,Working,true,2023-04-15,,
LEAD001583,Sasha,Lindqvist,sasha.lindqvist1583@outlook.com,Meridian & Co.,Webinar,Nurturing,true,2024-03-19,,
LEAD001584,Elena,Osei,elena.osei1584@outlook.com,Ironwood Real Estate,Paid Search,Qualified,true,2023-03-14,ACC00222,2023-04-10
LEAD001585,Grant,Nakamura,grant.nakamura1585@gmail.com,Ironwood Realty,Paid Search,Working,true,2023-11-03,,
LEAD001586,Theo,Okonkwo,theo.okonkwo1586@gmail.com,Ridgeline Realty,,Qualified,true,2025-06-03,,
LEAD001587,Bianca,Delgado,bianca.delgado1587@compass.com,Beacon Properties,Conference,Working,false,2024-06-01,,
LEAD001588,Noel,Nakamura,noel.nakamura1588@compass.com,Stonebridge & Co.,Webinar,Qualified,false,2023-06-01,,
LEAD001589,Riley,Nakamura,riley.nakamura1589@gmail.com,Summit Group,Partner,Nurturing,true,2026-03-29,,
LEAD001590,Camille,Kaplan,camille.kaplan1590@outlook.com,Ridgeline Real Estate,referral,Disqualified,false,2023-11-23,,
LEAD001591,Rowan,Rinaldi,rowan.rinaldi1591@compass.com,Lakeshore Partners,Conference,Qualified,false,2025-06-29,ACC00827,2025-08-10
LEAD001592,Sasha,Rinaldi,sasha.rinaldi1592@outlook.com,Stonebridge & Co.,,New,false,2023-12-08,,
LEAD001593,Owen,Whitfield,owen.whitfield1593@realtyco.com,Blackwood Partners,Referral,New,false,2023-06-12,,
LEAD001594,Maya,Osei,maya.osei1594@kw.com,Ironwood Realty,Cold Outreach,Disqualified,false,2025-01-18,,
LEAD001595,Bianca,Osei,bianca.osei1595@kw.com,Ridgeline & Co.,Partner,Disqualified,false,2023-02-09,,
LEAD001596,Naomi,Ahmed,naomi.ahmed1596@realtyco.com,Beacon Partners,Referral,Nurturing,true,2024-12-02,,
LEAD001597,Sasha,Ahmed,sasha.ahmed1597@realtyco.com,Beacon Partners,,Qualified,true,2023-01-29,ACC00345,2023-02-27
LEAD001598,Jordan,Osei,jordan.osei1598@outlook.com,Cypress Group,Referral,Nurturing,true,2023-06-26,,
LEAD001599,Owen,Okonkwo,owen.okonkwo1599@gmail.com,Stonebridge & Co.,Referral,Disqualified,false,2026-05-11,,
LEAD001600,Noel,Ahmed,noel.ahmed1600@kw.com,Harbor & Co.,,Working,true,2023-09-02,,
LEAD001601,Tessa,Okonkwo,tessa.okonkwo1601@compass.com,Summit Properties,Partner,Working,true,2024-11-16,,
LEAD001602,Naomi,Petrova,naomi.petrova1602@compass.com,Lakeshore & Co.,Conference,Disqualified,false,2025-02-13,,
LEAD001603,Riley,Castellanos,riley.castellanos1603@realtyco.com,Ridgeline Real Estate,Webinar,Disqualified,false,2025-08-12,,
LEAD001604,Grant,Thornton,grant.thornton1604@kw.com,Summit Realty,Cold Outreach,Working,true,2024-05-02,,
LEAD001605,Riley,Kearney,riley.kearney1605@gmail.com,Stonebridge Real Estate,PAID SEARCH,New,false,2024-06-19,,
LEAD001606,Felix,Petrova,felix.petrova1606@gmail.com,Beacon Group,organic search,Qualified,true,2025-09-22,,
LEAD001607,Rowan,Bergstrom,rowan.bergstrom1607@kw.com,Stonebridge Properties,Cold Outreach,Nurturing,true,2025-05-19,,
LEAD001608,Marcus,Osei,marcus.osei1608@compass.com,Summit Realty,paid search,Disqualified,false,2023-06-20,,
LEAD001609,Grant,Halvorsen,grant.halvorsen1609@outlook.com,Summit Group,Organic Search,New,false,2023-04-15,,
LEAD001610,Jordan,Castellanos,jordan.castellanos1610@outlook.com,Stonebridge & Co.,Conference,New,false,2024-12-13,,
LEAD001611,Theo,Nakamura,theo.nakamura1611@kw.com,Lakeshore Real Estate,,Qualified,false,2023-03-09,ACC00180,2023-05-07
LEAD001612,Camille,Ahmed,camille.ahmed1612@kw.com,Stonebridge Group,Cold Outreach,Qualified,true,2025-08-01,ACC00028,2025-09-11
LEAD001613,Quinn,Thornton,quinn.thornton1613@realtyco.com,Foxglove & Co.,Partner,Qualified,true,2023-11-06,,
LEAD001614,Marcus,Kaplan,marcus.kaplan1614@gmail.com,Foxglove Group,Conference,Qualified,true,2025-04-08,ACC00358,2025-04-29
LEAD001615,Skyler,Bergstrom,skyler.bergstrom1615@kw.com,Stonebridge Real Estate,Webinar,Qualified,false,2025-07-28,,
LEAD001616,Grant,Rinaldi,grant.rinaldi1616@realtyco.com,Lakeshore Partners,Organic Search,Qualified,false,2025-02-15,ACC00152,2025-03-23
LEAD001617,Julian,Lindqvist,julian.lindqvist1617@kw.com,Cypress Real Estate,Paid Search,Nurturing,true,2026-05-11,,
LEAD001618,Elena,Okonkwo,elena.okonkwo1618@kw.com,Ridgeline Group,Paid Search,Working,false,2025-11-21,,
LEAD001619,Grant,Thornton,grant.thornton1619@compass.com,Meridian Real Estate,Conference,New,false,2025-06-28,,
LEAD001620,Tessa,Delgado,tessa.delgado1620@outlook.com,Beacon & Co.,Conference,Working,true,2024-01-10,,
LEAD001621,Morgan,Moreau,morgan.moreau1621@compass.com,Blackwood Partners,Paid Search,Qualified,false,2023-07-05,,
LEAD001622,Owen,Kearney,owen.kearney1622@realtyco.com,Meridian Partners,Webinar,New,false,2024-10-20,,
LEAD001623,Morgan,Bautista,morgan.bautista1623@compass.com,Summit Realty,Paid Search,Qualified,false,2024-03-05,ACC00711,2024-04-21
LEAD001624,Casey,Osei,casey.osei1624@outlook.com,Summit Group,Referral,Nurturing,false,2024-06-26,,
LEAD001625,Marcus,Kearney,marcus.kearney1625@gmail.com,Stonebridge Real Estate,Social,Nurturing,true,2023-12-02,,
LEAD001626,Riley,Lindqvist,riley.lindqvist1626@kw.com,Blackwood Partners,Conference,Nurturing,true,2025-08-21,,
LEAD001627,Quinn,Bergstrom,quinn.bergstrom1627@kw.com,Ridgeline Realty,Organic Search,Working,true,2025-07-22,,
LEAD001628,Riley,Rinaldi,riley.rinaldi1628@realtyco.com,Lakeshore Properties,Social,New,false,2024-01-11,,
LEAD001629,Theo,Nakamura,theo.nakamura1629@compass.com,Foxglove Real Estate,Social,Qualified,true,2025-05-17,ACC00847,2025-06-21
LEAD001630,Sasha,Bautista,sasha.bautista1630@compass.com,Blackwood Partners,Social,Working,false,2025-08-02,,
LEAD001631,Riley,Bergstrom,riley.bergstrom1631@compass.com,Stonebridge Properties,Paid Search,Disqualified,false,2024-07-22,,
LEAD001632,Tessa,Whitfield,tessa.whitfield1632@gmail.com,Stonebridge Real Estate,Partner,Working,true,2024-11-03,,
LEAD001633,Noel,Bergstrom,noel.bergstrom1633@realtyco.com,Beacon Real Estate,Paid Search,Qualified,true,2025-11-22,ACC00342,2026-01-14
LEAD001634,Felix,Thornton,felix.thornton1634@kw.com,Ridgeline & Co.,organic search,Working,true,2025-04-13,,
LEAD001635,Rowan,Okonkwo,rowan.okonkwo1635@gmail.com,Lakeshore Properties,Paid Search,Working,true,2025-08-11,,
LEAD001636,Jordan,Castellanos,jordan.castellanos1636@outlook.com,Summit Properties,Social,Working,false,2023-09-25,,
LEAD001637,Grant,Nakamura,grant.nakamura1637@realtyco.com,Beacon Group,Organic Search,New,false,2025-10-04,,
LEAD001638,Tessa,Delgado,tessa.delgado1638@outlook.com,Cypress Partners,organic search,Nurturing,true,2023-05-09,,
LEAD001639,Jordan,Petrova,jordan.petrova1639@compass.com,Lakeshore Real Estate,Organic Search,Working,true,2025-05-02,,
LEAD001640,Rowan,Thornton,rowan.thornton1640@compass.com,Summit Properties,Cold Outreach,Working,true,2025-06-05,,
LEAD001641,Sasha,Bautista,sasha.bautista1641@compass.com,Stonebridge Real Estate,Cold Outreach,Disqualified,false,2023-12-27,,
LEAD001642,Noel,Osei,noel.osei1642@realtyco.com,Ironwood Real Estate,Paid Search,Disqualified,false,2026-04-11,,
LEAD001643,Maya,Bautista,maya.bautista1643@compass.com,Blackwood Partners,Referral,Disqualified,false,2024-09-27,,
LEAD001644,Jordan,Vasquez,jordan.vasquez1644@compass.com,Cypress Partners,Paid Search,Qualified,true,2023-11-12,ACC00757,2023-12-24
LEAD001645,Felix,Nakamura,felix.nakamura1645@kw.com,Cypress Partners,Referral,Working,false,2024-03-05,,
LEAD001646,Casey,Rinaldi,casey.rinaldi1646@realtyco.com,Ridgeline Partners,Partner,Disqualified,false,2025-09-11,,
LEAD001647,Casey,Bautista,casey.bautista1647@kw.com,Beacon Real Estate,Partner,Qualified,true,2025-08-05,ACC00717,2025-09-09
LEAD001648,Elena,Rinaldi,elena.rinaldi1648@outlook.com,Blackwood & Co.,Paid Search,Working,true,2023-06-13,,
LEAD001649,Naomi,Thornton,naomi.thornton1649@outlook.com,Foxglove Properties,Webinar,Working,false,2025-09-10,,
LEAD001650,Julian,Halvorsen,julian.halvorsen1650@compass.com,Beacon Properties,Paid Search,Nurturing,true,2023-03-16,,
LEAD001651,Casey,Rinaldi,casey.rinaldi1651@kw.com,Summit Group,Referral,Disqualified,false,2024-03-27,,
LEAD001652,Maya,Nakamura,maya.nakamura1652@realtyco.com,Blackwood Partners,Paid Search,Working,true,2024-06-05,,
LEAD001653,Felix,Bergstrom,felix.bergstrom1653@gmail.com,Blackwood Realty,Social,Disqualified,false,2026-03-31,,
LEAD001654,Morgan,Osei,morgan.osei1654@kw.com,Foxglove Partners,Organic Search,Qualified,true,2025-09-03,,
LEAD001655,Noel,Vasquez,noel.vasquez1655@realtyco.com,Stonebridge & Co.,Paid Search,Nurturing,true,2025-02-17,,
LEAD001656,Felix,Bergstrom,felix.bergstrom1656@outlook.com,Blackwood Real Estate,Referral,New,false,2024-02-29,,
LEAD001657,Theo,Vasquez,theo.vasquez1657@gmail.com,Foxglove Partners,Social,Working,false,2024-12-22,,
LEAD001658,Rowan,Ahmed,rowan.ahmed1658@gmail.com,Beacon Partners,Conference,Working,true,2024-10-02,,
LEAD001659,Sasha,Vasquez,sasha.vasquez1659@outlook.com,Meridian Real Estate,Paid Search,New,false,2024-02-27,,
LEAD001660,Avery,Moreau,avery.moreau1660@outlook.com,Lakeshore Partners,Social,Qualified,true,2024-05-09,ACC00543,2024-05-26
LEAD001661,Jordan,Vasquez,jordan.vasquez1661@realtyco.com,Cornerstone Properties,,Qualified,true,2026-01-27,,
LEAD001662,Skyler,Vasquez,skyler.vasquez1662@compass.com,Beacon Realty,,Qualified,false,2025-04-06,ACC00586,2025-04-19
LEAD001663,Noel,Thornton,noel.thornton1663@compass.com,Foxglove Group,Partner,Working,true,2026-05-30,,
LEAD001664,Camille,Vasquez,camille.vasquez1664@realtyco.com,Summit Group,Cold Outreach,Working,true,2026-03-09,,
LEAD001665,Naomi,Bergstrom,naomi.bergstrom1665@realtyco.com,Cypress Group,Referral,Working,false,2025-03-03,,
LEAD001666,Marcus,Kaplan,marcus.kaplan1666@realtyco.com,Ridgeline & Co.,Webinar,Disqualified,false,2026-02-19,,
LEAD001667,Grant,Thornton,grant.thornton1667@outlook.com,Harbor Partners,Paid Search,Qualified,false,2023-10-21,ACC00105,2023-11-25
LEAD001668,Morgan,Kaplan,morgan.kaplan1668@realtyco.com,Stonebridge Group,Referral,Working,true,2026-06-03,,
LEAD001669,Jordan,Delgado,jordan.delgado1669@gmail.com,Cypress & Co.,Referral,Qualified,false,2023-03-24,ACC00191,2023-04-08
LEAD001670,Casey,Lindqvist,casey.lindqvist1670@outlook.com,Ridgeline & Co.,Webinar,Working,false,2023-04-27,,
LEAD001671,Quinn,Lindqvist,quinn.lindqvist1671@kw.com,Cornerstone Group,Paid Search,New,false,2024-08-08,,
LEAD001672,Naomi,Whitfield,naomi.whitfield1672@gmail.com,Lakeshore & Co.,Conference,Qualified,false,2026-03-25,ACC00334,2026-05-02
LEAD001673,Quinn,Thornton,quinn.thornton1673@gmail.com,Blackwood Partners,Cold Outreach,New,false,2025-09-06,,
LEAD001674,Theo,Ahmed,theo.ahmed1674@realtyco.com,Blackwood Partners,Referral,Disqualified,false,2023-07-01,,
LEAD001675,Avery,Kaplan,avery.kaplan1675@realtyco.com,Stonebridge & Co.,Organic Search,New,false,2026-02-07,,
LEAD001676,Rowan,Ahmed,rowan.ahmed1676@compass.com,Foxglove Real Estate,Cold Outreach,New,false,2025-10-25,,
LEAD001677,Tessa,Nakamura,tessa.nakamura1677@kw.com,Cornerstone Group,Partner,New,false,2025-08-03,,
LEAD001678,Casey,Moreau,casey.moreau1678@gmail.com,Stonebridge & Co.,,New,false,2023-08-27,,
LEAD001679,Skyler,Bautista,skyler.bautista1679@realtyco.com,Cypress Realty,,Working,true,2023-06-21,,
LEAD001680,Owen,Okonkwo,owen.okonkwo1680@realtyco.com,Ridgeline Properties,Organic Search,Working,true,2026-02-12,,
LEAD001681,Bianca,Moreau,bianca.moreau1681@kw.com,Cypress & Co.,paid search,New,false,2026-03-25,,
LEAD001682,Maya,Delgado,maya.delgado1682@kw.com,Foxglove Partners,Social,Working,true,2023-07-12,,
LEAD001683,Marcus,Kaplan,marcus.kaplan1683@compass.com,Harbor Real Estate,,Qualified,true,2025-09-18,ACC00385,2025-11-17
LEAD001684,Owen,Halvorsen,owen.halvorsen1684@outlook.com,Ridgeline Realty,Paid Search,New,false,2024-08-18,,
LEAD001685,Rowan,Ahmed,rowan.ahmed1685@gmail.com,Blackwood Real Estate,Cold Outreach,Disqualified,false,2024-06-23,,
LEAD001686,Camille,Petrova,camille.petrova1686@outlook.com,Lakeshore & Co.,Paid Search,Working,false,2024-12-07,,
LEAD001687,Julian,Castellanos,julian.castellanos1687@kw.com,Summit Properties,Organic Search,New,false,2024-04-08,,
LEAD001688,Grant,Halvorsen,grant.halvorsen1688@gmail.com,Lakeshore & Co.,Organic Search,Qualified,false,2025-10-28,,
LEAD001689,Avery,Delgado,avery.delgado1689@kw.com,Ironwood Partners,Partner,New,false,2026-03-20,,
LEAD001690,Avery,Whitfield,avery.whitfield1690@kw.com,Ironwood & Co.,Conference,Nurturing,true,2024-12-08,,
LEAD001691,Maya,Castellanos,maya.castellanos1691@kw.com,Harbor & Co.,Webinar,New,false,2024-05-22,,
LEAD001692,Grant,Vasquez,grant.vasquez1692@gmail.com,Cypress Partners,Paid Search,Qualified,true,2025-12-06,ACC00205,2026-01-19
LEAD001693,Quinn,Delgado,quinn.delgado1693@compass.com,Beacon Group,Webinar,Qualified,true,2024-09-02,ACC00355,2024-10-31
LEAD001694,Maya,Kearney,maya.kearney1694@compass.com,Stonebridge Realty,Webinar,Qualified,false,2025-12-13,ACC00130,2026-01-06
LEAD001695,Camille,Nakamura,camille.nakamura1695@compass.com,Lakeshore & Co.,Cold Outreach,Qualified,true,2023-10-19,ACC00624,2023-11-14
LEAD001696,Priya,Moreau,priya.moreau1696@realtyco.com,Cypress Properties,Organic Search,Qualified,false,2024-03-09,,
LEAD001697,Rowan,Osei,rowan.osei1697@kw.com,Meridian & Co.,Webinar,Nurturing,true,2025-10-12,,
LEAD001698,Rowan,Kearney,rowan.kearney1698@realtyco.com,Cypress Group,Paid Search,Working,true,2023-02-04,,
LEAD001699,Elena,Bautista,elena.bautista1699@kw.com,Cornerstone Partners,Social,Working,false,2025-06-01,,
LEAD001700,Casey,Okonkwo,casey.okonkwo1700@outlook.com,Meridian Partners,Webinar,Working,true,2025-03-30,,
LEAD001701,Jordan,Moreau,jordan.moreau1701@gmail.com,Harbor & Co.,Cold Outreach,New,false,2024-06-16,,
LEAD001702,Elena,Ahmed,elena.ahmed1702@realtyco.com,Stonebridge Properties,Cold Outreach,Nurturing,false,2023-06-12,,
LEAD001703,Riley,Kaplan,riley.kaplan1703@gmail.com,Cornerstone Partners,Partner,Working,true,2025-04-28,,
LEAD001704,Owen,Nakamura,owen.nakamura1704@realtyco.com,Ridgeline & Co.,Paid Search,Qualified,true,2025-03-29,ACC00117,2025-04-23
LEAD001705,Rowan,Petrova,rowan.petrova1705@outlook.com,Beacon Partners,Conference,Disqualified,false,2025-11-03,,
LEAD001706,Riley,Ahmed,riley.ahmed1706@realtyco.com,Blackwood Group,Webinar,Qualified,false,2023-02-25,ACC00353,2023-04-12
LEAD001707,Devin,Osei,devin.osei1707@gmail.com,Harbor Real Estate,,Disqualified,false,2025-05-18,,
LEAD001708,Tessa,Castellanos,tessa.castellanos1708@compass.com,Ironwood Real Estate,Social,Disqualified,false,2023-11-08,,
LEAD001709,Camille,Ahmed,camille.ahmed1709@outlook.com,Ironwood Real Estate,Organic Search,Qualified,true,2023-09-15,,
LEAD001710,Devin,Okonkwo,devin.okonkwo1710@compass.com,Cornerstone Group,Cold Outreach,Qualified,true,2026-04-04,ACC00606,2026-05-27
LEAD001711,Maya,Kaplan,maya.kaplan1711@outlook.com,Ironwood & Co.,,New,false,2025-04-12,,
LEAD001712,Elena,Whitfield,elena.whitfield1712@kw.com,Beacon Realty,Conference,Qualified,true,2024-05-07,ACC00413,2024-05-22
LEAD001713,Tessa,Nakamura,tessa.nakamura1713@gmail.com,Blackwood Properties,Cold Outreach,Nurturing,true,2025-09-24,,
LEAD001714,Devin,Ahmed,devin.ahmed1714@outlook.com,Harbor & Co.,Partner,Working,false,2024-08-06,,
LEAD001715,Camille,Thornton,camille.thornton1715@gmail.com,Harbor Partners,Referral,New,false,2025-06-10,,
LEAD001716,Felix,Kaplan,felix.kaplan1716@realtyco.com,Stonebridge Group,Webinar,Nurturing,true,2025-07-04,,
LEAD001717,Rowan,Vasquez,rowan.vasquez1717@outlook.com,Ironwood Group,Partner,Nurturing,false,2023-08-29,,
LEAD001718,Owen,Halvorsen,owen.halvorsen1718@kw.com,Cypress Realty,,Working,true,2023-07-06,,
LEAD001719,Maya,Lindqvist,maya.lindqvist1719@outlook.com,Summit Group,Social,New,false,2024-11-22,,
LEAD001720,Bianca,Lindqvist,bianca.lindqvist1720@realtyco.com,Ridgeline & Co.,Conference,Disqualified,false,2026-02-19,,
LEAD001721,Maya,Bergstrom,maya.bergstrom1721@compass.com,Cornerstone & Co.,Cold Outreach,Qualified,true,2024-10-03,,
LEAD001722,Quinn,Kearney,quinn.kearney1722@gmail.com,Foxglove Properties,Cold Outreach,Qualified,true,2025-08-24,ACC00517,2025-10-01
LEAD001723,Casey,Osei,casey.osei1723@kw.com,Harbor Realty,Partner,Working,true,2024-10-29,,
LEAD001724,Sasha,Castellanos,sasha.castellanos1724@realtyco.com,Harbor & Co.,Social,Qualified,false,2023-05-13,ACC00155,2023-06-23
LEAD001725,Camille,Moreau,camille.moreau1725@kw.com,Blackwood Group,Partner,Working,true,2023-08-26,,
LEAD001726,Naomi,Kaplan,naomi.kaplan1726@realtyco.com,Blackwood Properties,,Nurturing,false,2023-07-31,,
LEAD001727,Marcus,Halvorsen,marcus.halvorsen1727@kw.com,Stonebridge & Co.,Cold Outreach,New,false,2024-03-11,,
LEAD001728,Camille,Lindqvist,camille.lindqvist1728@compass.com,Cypress Realty,Social,New,false,2026-02-19,,
LEAD001729,Naomi,Castellanos,naomi.castellanos1729@outlook.com,Harbor & Co.,Webinar,Disqualified,false,2024-11-28,,
LEAD001730,Felix,Kearney,felix.kearney1730@compass.com,Summit Real Estate,Referral,Nurturing,true,2023-03-05,,
LEAD001731,Noel,Osei,noel.osei1731@compass.com,Foxglove Group,Referral,Qualified,true,2023-02-09,ACC00333,2023-02-25
LEAD001732,Tessa,Lindqvist,tessa.lindqvist1732@gmail.com,Cornerstone & Co.,Referral,New,false,2025-04-04,,
LEAD001733,Felix,Halvorsen,felix.halvorsen1733@gmail.com,Cypress & Co.,Paid Search,Nurturing,true,2023-01-20,,
LEAD001734,Felix,Osei,felix.osei1734@gmail.com,Meridian Real Estate,Webinar,Nurturing,true,2025-06-09,,
LEAD001735,Owen,Ahmed,owen.ahmed1735@realtyco.com,Cypress Partners,Referral,Nurturing,false,2026-05-01,,
LEAD001736,Grant,Nakamura,grant.nakamura1736@realtyco.com,Lakeshore Partners,Partner,Qualified,true,2026-06-14,,
LEAD001737,Casey,Osei,casey.osei1737@compass.com,Cypress Properties,Partner,Working,true,2025-08-22,,
LEAD001738,Julian,Ahmed,julian.ahmed1738@gmail.com,Cornerstone Group,Social,New,false,2025-10-17,,
LEAD001739,Priya,Castellanos,priya.castellanos1739@outlook.com,Summit Properties,Paid Search,Working,true,2023-11-02,,
LEAD001740,Felix,Petrova,felix.petrova1740@kw.com,Cornerstone Properties,Cold Outreach,Disqualified,false,2024-06-07,,
LEAD001741,Avery,Okonkwo,avery.okonkwo1741@kw.com,Cornerstone Group,Conference,New,false,2025-08-03,,
LEAD001742,Riley,Osei,riley.osei1742@kw.com,Ironwood & Co.,Cold Outreach,New,false,2025-11-20,,
LEAD001743,Camille,Thornton,camille.thornton1743@compass.com,Meridian Realty,Referral,Nurturing,true,2023-09-08,,
LEAD001744,Devin,Delgado,devin.delgado1744@outlook.com,Beacon Partners,Partner,New,false,2025-03-29,,
LEAD001745,Rowan,Delgado,rowan.delgado1745@compass.com,Cornerstone Partners,Referral,Qualified,true,2024-06-12,ACC00894,2024-08-03
LEAD001746,Rowan,Halvorsen,rowan.halvorsen1746@outlook.com,Cornerstone & Co.,Referral,New,false,2023-12-28,,
LEAD001747,Camille,Okonkwo,camille.okonkwo1747@gmail.com,Cornerstone & Co.,Conference,New,false,2023-01-15,,
LEAD001748,Julian,Whitfield,julian.whitfield1748@outlook.com,Foxglove Realty,Webinar,Disqualified,false,2024-07-01,,
LEAD001749,Naomi,Kearney,naomi.kearney1749@gmail.com,Ridgeline Group,Webinar,Working,true,2025-11-19,,
LEAD001750,Sasha,Whitfield,sasha.whitfield1750@compass.com,Stonebridge & Co.,Social,New,false,2024-07-05,,
LEAD001751,Naomi,Thornton,naomi.thornton1751@kw.com,Cypress Realty,Social,Nurturing,false,2023-08-21,,
LEAD001752,Naomi,Petrova,naomi.petrova1752@realtyco.com,Stonebridge & Co.,Cold Outreach,Working,true,2024-08-28,,
LEAD001753,Devin,Halvorsen,devin.halvorsen1753@realtyco.com,Cornerstone & Co.,Webinar,Qualified,true,2026-01-09,ACC00794,2026-01-13
LEAD001754,Julian,Delgado,julian.delgado1754@outlook.com,Blackwood & Co.,Partner,Working,false,2026-05-18,,
LEAD001755,Owen,Kearney,owen.kearney1755@kw.com,Foxglove & Co.,Paid Search,Disqualified,false,2024-03-13,,
LEAD001756,Owen,Delgado,owen.delgado1756@compass.com,Lakeshore Real Estate,organic search,New,false,2024-03-08,,
LEAD001757,Grant,Osei,grant.osei1757@outlook.com,Lakeshore Realty,Cold Outreach,Qualified,true,2024-12-08,,
LEAD001758,Tessa,Bautista,tessa.bautista1758@kw.com,Ironwood Partners,Paid Search,Disqualified,false,2025-04-09,,
LEAD001759,Riley,Lindqvist,riley.lindqvist1759@realtyco.com,Stonebridge Real Estate,Partner,Nurturing,true,2026-03-09,,
LEAD001760,Felix,Whitfield,felix.whitfield1760@kw.com,Ironwood Properties,Cold Outreach,New,false,2024-04-18,,
LEAD001761,Casey,Moreau,casey.moreau1761@kw.com,Blackwood Properties,Cold Outreach,Working,true,2024-10-28,,
LEAD001762,Tessa,Bergstrom,tessa.bergstrom1762@realtyco.com,Summit Properties,Conference,Disqualified,false,2026-05-06,,
LEAD001763,Sasha,Thornton,sasha.thornton1763@realtyco.com,Cornerstone Realty,Conference,Working,true,2024-10-18,,
LEAD001764,Owen,Halvorsen,owen.halvorsen1764@outlook.com,Stonebridge Partners,,Qualified,false,2024-03-20,ACC00820,2024-05-04
LEAD001765,Noel,Petrova,noel.petrova1765@outlook.com,Ridgeline & Co.,Referral,Qualified,true,2024-03-29,ACC00076,2024-05-16
LEAD001766,Owen,Rinaldi,owen.rinaldi1766@kw.com,Summit Realty,Webinar,New,false,2024-07-02,,
LEAD001767,Bianca,Moreau,bianca.moreau1767@gmail.com,Stonebridge Partners,Paid Search,Working,true,2023-03-10,,
LEAD001768,Felix,Castellanos,felix.castellanos1768@compass.com,Meridian & Co.,Conference,Qualified,false,2025-04-26,,
LEAD001769,Grant,Halvorsen,grant.halvorsen1769@kw.com,Summit Real Estate,Cold Outreach,Qualified,false,2025-11-18,ACC00327,2025-12-21
LEAD001770,Theo,Delgado,theo.delgado1770@realtyco.com,Foxglove Real Estate,Organic Search,Disqualified,false,2025-10-12,,
LEAD001771,Morgan,Whitfield,morgan.whitfield1771@kw.com,Meridian Group,Cold Outreach,Qualified,true,2024-08-07,ACC00223,2024-09-05
LEAD001772,Camille,Delgado,camille.delgado1772@realtyco.com,Ridgeline Real Estate,Social,Disqualified,false,2024-04-23,,
LEAD001773,Bianca,Whitfield,bianca.whitfield1773@gmail.com,Cypress Properties,Partner,Disqualified,false,2024-11-10,,
LEAD001774,Julian,Kearney,julian.kearney1774@compass.com,Cypress Properties,Social,Nurturing,false,2024-09-12,,
LEAD001775,Elena,Bergstrom,elena.bergstrom1775@outlook.com,Cypress Realty,,Qualified,true,2024-06-24,ACC00754,2024-08-05
LEAD001776,Felix,Vasquez,felix.vasquez1776@compass.com,Foxglove Partners,Referral,Nurturing,true,2023-04-29,,
LEAD001777,Theo,Nakamura,theo.nakamura1777@kw.com,Meridian Group,Webinar,Qualified,true,2024-06-27,ACC00465,2024-08-02
LEAD001778,Morgan,Nakamura,morgan.nakamura1778@gmail.com,Cypress Real Estate,Cold Outreach,Qualified,true,2023-07-29,ACC00865,2023-08-05
LEAD001779,Priya,Lindqvist,priya.lindqvist1779@realtyco.com,Meridian Realty,Conference,New,false,2025-05-09,,
LEAD001780,Skyler,Halvorsen,skyler.halvorsen1780@compass.com,Harbor & Co.,Conference,Working,false,2025-04-04,,
LEAD001781,Riley,Osei,riley.osei1781@outlook.com,Stonebridge Real Estate,Referral,New,false,2023-06-16,,
LEAD001782,Grant,Petrova,grant.petrova1782@compass.com,Stonebridge & Co.,Cold Outreach,Working,true,2024-10-03,,
LEAD001783,Bianca,Okonkwo,bianca.okonkwo1783@outlook.com,Cornerstone Properties,Conference,Nurturing,true,2023-03-28,,
LEAD001784,Sasha,Osei,sasha.osei1784@gmail.com,Summit Properties,Paid Search,Working,true,2025-04-01,,
LEAD001785,Camille,Delgado,camille.delgado1785@outlook.com,Blackwood Group,Paid Search,New,false,2025-11-28,,
LEAD001786,Julian,Moreau,julian.moreau1786@gmail.com,Meridian Group,Organic Search,Working,true,2026-01-14,,
LEAD001787,Bianca,Moreau,bianca.moreau1787@realtyco.com,Harbor Real Estate,Partner,Qualified,true,2024-01-24,ACC00881,2024-02-18
LEAD001788,Felix,Bergstrom,felix.bergstrom1788@kw.com,Foxglove Partners,Partner,New,false,2026-03-26,,
LEAD001789,Riley,Halvorsen,riley.halvorsen1789@outlook.com,Stonebridge Properties,Paid Search,New,false,2023-01-16,,
LEAD001790,Sasha,Thornton,sasha.thornton1790@outlook.com,Meridian Properties,Social,Qualified,true,2023-02-05,ACC00814,2023-02-13
LEAD001791,Casey,Kaplan,casey.kaplan1791@outlook.com,Summit Real Estate,Conference,New,false,2024-02-03,,
LEAD001792,Elena,Okonkwo,elena.okonkwo1792@kw.com,Beacon Group,Webinar,Qualified,true,2023-04-17,,
LEAD001793,Devin,Petrova,devin.petrova1793@kw.com,Harbor Realty,Social,New,false,2023-11-13,,
LEAD001794,Maya,Nakamura,maya.nakamura1794@kw.com,Meridian Group,Referral,Disqualified,false,2025-04-28,,
LEAD001795,Riley,Osei,riley.osei1795@gmail.com,Cypress Partners,Social,New,false,2024-10-13,,
LEAD001796,Jordan,Kaplan,jordan.kaplan1796@outlook.com,Foxglove Real Estate,Organic Search,New,false,2026-01-15,,
LEAD001797,Theo,Bergstrom,theo.bergstrom1797@compass.com,Stonebridge Properties,Paid Search,Qualified,true,2024-02-05,ACC00887,2024-03-10
LEAD001798,Casey,Bergstrom,casey.bergstrom1798@kw.com,Cypress & Co.,Conference,Working,false,2023-08-24,,
LEAD001799,Maya,Moreau,maya.moreau1799@kw.com,Cypress Realty,Partner,Nurturing,false,2023-02-11,,
LEAD001800,Devin,Whitfield,devin.whitfield1800@outlook.com,Ironwood Realty,Referral,New,false,2024-12-05,,
LEAD001801,Owen,Moreau,owen.moreau1801@compass.com,Summit Group,Conference,Disqualified,false,2025-04-09,,
LEAD001802,Elena,Osei,elena.osei1802@gmail.com,Cypress Properties,Organic Search,New,false,2023-03-29,,
LEAD001803,Elena,Osei,elena.osei1803@realtyco.com,Summit Partners,Cold Outreach,Nurturing,true,2026-02-28,,
LEAD001804,Grant,Vasquez,grant.vasquez1804@realtyco.com,Lakeshore Partners,Paid Search,Disqualified,false,2025-10-24,,
LEAD001805,Tessa,Kearney,tessa.kearney1805@realtyco.com,Ridgeline Real Estate,Cold Outreach,New,false,2024-03-27,,
LEAD001806,Elena,Kaplan,elena.kaplan1806@realtyco.com,Beacon & Co.,Referral,Working,true,2024-09-16,,
LEAD001807,Tessa,Nakamura,tessa.nakamura1807@kw.com,Meridian Realty,Webinar,Qualified,false,2024-10-09,ACC00192,2024-11-06
LEAD001808,Devin,Delgado,devin.delgado1808@outlook.com,Cypress & Co.,Organic Search,Working,true,2023-04-02,,
LEAD001809,Camille,Lindqvist,camille.lindqvist1809@kw.com,Ridgeline Real Estate,Cold Outreach,New,false,2025-02-07,,
LEAD001810,Julian,Petrova,julian.petrova1810@gmail.com,Cornerstone Group,Organic Search,Qualified,true,2023-06-23,ACC00741,2023-07-23
LEAD001811,Casey,Ahmed,casey.ahmed1811@kw.com,Lakeshore Partners,Partner,New,false,2025-03-30,,
LEAD001812,Quinn,Halvorsen,quinn.halvorsen1812@realtyco.com,Beacon Properties,,New,false,2025-10-02,,
LEAD001813,Skyler,Kaplan,skyler.kaplan1813@outlook.com,Lakeshore Properties,Cold Outreach,New,false,2023-10-30,,
LEAD001814,Priya,Petrova,priya.petrova1814@compass.com,Blackwood Real Estate,Paid Search,Nurturing,true,2023-03-11,,
LEAD001815,Riley,Rinaldi,riley.rinaldi1815@outlook.com,Summit & Co.,Organic Search,Working,true,2024-01-04,,
LEAD001816,Felix,Bergstrom,felix.bergstrom1816@gmail.com,Cypress Group,Webinar,New,false,2024-11-07,,
LEAD001817,Devin,Osei,devin.osei1817@outlook.com,Cornerstone Properties,Cold Outreach,Qualified,true,2023-02-04,ACC00726,2023-03-21
LEAD001818,Maya,Moreau,maya.moreau1818@realtyco.com,Stonebridge Properties,Organic Search,Nurturing,false,2023-01-14,,
LEAD001819,Elena,Kaplan,elena.kaplan1819@outlook.com,Foxglove & Co.,Paid Search,Qualified,true,2024-07-29,ACC00740,2024-08-17
LEAD001820,Camille,Kearney,camille.kearney1820@gmail.com,Ironwood Real Estate,,New,false,2023-11-06,,
LEAD001821,Casey,Bergstrom,casey.bergstrom1821@compass.com,Harbor Real Estate,Webinar,Disqualified,false,2023-07-09,,
LEAD001822,Morgan,Whitfield,morgan.whitfield1822@kw.com,Lakeshore Partners,Partner,Working,true,2023-03-29,,
LEAD001823,Theo,Osei,theo.osei1823@realtyco.com,Lakeshore Properties,Cold Outreach,Nurturing,true,2024-03-20,,
LEAD001824,Maya,Lindqvist,maya.lindqvist1824@outlook.com,Lakeshore Group,Referral,Nurturing,true,2025-10-25,,
LEAD001825,Quinn,Castellanos,quinn.castellanos1825@kw.com,Cypress & Co.,Webinar,New,false,2024-10-21,,
LEAD001826,Sasha,Nakamura,sasha.nakamura1826@realtyco.com,Cornerstone Real Estate,Paid Search,Working,false,2026-02-07,,
LEAD001827,Quinn,Bautista,quinn.bautista1827@kw.com,Beacon Partners,,Working,true,2025-08-24,,
LEAD001828,Noel,Okonkwo,noel.okonkwo1828@compass.com,Beacon Realty,Referral,Working,false,2025-12-26,,
LEAD001829,Casey,Okonkwo,casey.okonkwo1829@kw.com,Cypress Group,Cold Outreach,Qualified,true,2025-08-25,,
LEAD001830,Morgan,Thornton,morgan.thornton1830@realtyco.com,Stonebridge Realty,Partner,Qualified,true,2023-10-07,ACC00212,2023-12-02
LEAD001831,Elena,Bergstrom,elena.bergstrom1831@realtyco.com,Blackwood Group,,Working,true,2023-01-08,,
LEAD001832,Theo,Petrova,theo.petrova1832@outlook.com,Cornerstone Realty,Cold Outreach,Working,true,2024-09-18,,
LEAD001833,Theo,Halvorsen,theo.halvorsen1833@outlook.com,Blackwood Real Estate,Organic Search,Working,false,2023-07-18,,
LEAD001834,Quinn,Osei,quinn.osei1834@gmail.com,Stonebridge Properties,,New,false,2026-06-14,,
LEAD001835,Naomi,Lindqvist,naomi.lindqvist1835@realtyco.com,Stonebridge & Co.,Conference,Nurturing,true,2024-04-08,,
LEAD001836,Devin,Kearney,devin.kearney1836@kw.com,Cypress Partners,Organic Search,New,false,2025-04-26,,
LEAD001837,Jordan,Castellanos,jordan.castellanos1837@compass.com,Blackwood Properties,Cold Outreach,New,false,2023-08-25,,
LEAD001838,Julian,Osei,julian.osei1838@outlook.com,Cornerstone Realty,Referral,Qualified,true,2024-03-25,,
LEAD001839,Quinn,Bergstrom,quinn.bergstrom1839@kw.com,Summit Group,Cold Outreach,New,false,2026-05-18,,
LEAD001840,Julian,Delgado,julian.delgado1840@compass.com,Cornerstone Partners,Conference,Qualified,true,2023-08-29,,
LEAD001841,Marcus,Rinaldi,marcus.rinaldi1841@outlook.com,Ironwood Partners,Social,Working,true,2025-08-23,,
LEAD001842,Devin,Petrova,devin.petrova1842@outlook.com,Ridgeline Real Estate,Paid Search,Disqualified,false,2023-01-26,,
LEAD001843,Casey,Moreau,casey.moreau1843@compass.com,Ironwood Real Estate,Referral,New,false,2024-01-06,,
LEAD001844,Quinn,Halvorsen,quinn.halvorsen1844@realtyco.com,Stonebridge Properties,Conference,New,false,2026-02-11,,
LEAD001845,Theo,Delgado,theo.delgado1845@compass.com,Ironwood Real Estate,Paid Search,Working,true,2024-02-09,,
LEAD001846,Jordan,Petrova,jordan.petrova1846@realtyco.com,Cornerstone Realty,,Working,true,2025-04-01,,
LEAD001847,Elena,Ahmed,elena.ahmed1847@gmail.com,Harbor Real Estate,Cold Outreach,Qualified,false,2024-02-26,ACC00310,2024-04-04
LEAD001848,Tessa,Thornton,tessa.thornton1848@kw.com,Stonebridge Properties,Referral,New,false,2023-07-20,,
LEAD001849,Julian,Kearney,julian.kearney1849@compass.com,Stonebridge & Co.,Social,New,false,2023-06-30,,
LEAD001850,Rowan,Petrova,rowan.petrova1850@realtyco.com,Lakeshore & Co.,Organic Search,Working,false,2024-05-31,,
LEAD001851,Sasha,Thornton,sasha.thornton1851@outlook.com,Harbor Properties,Conference,Qualified,false,2026-03-18,ACC00060,2026-05-08
LEAD001852,Tessa,Delgado,tessa.delgado1852@kw.com,Beacon Partners,Cold Outreach,New,false,2025-03-17,,
LEAD001853,Owen,Halvorsen,owen.halvorsen1853@compass.com,Ironwood Realty,Social,New,false,2025-09-02,,
LEAD001854,Skyler,Lindqvist,skyler.lindqvist1854@compass.com,Lakeshore Properties,Social,Nurturing,false,2023-07-02,,
LEAD001855,Sasha,Whitfield,sasha.whitfield1855@outlook.com,Cornerstone Real Estate,Conference,Qualified,true,2026-01-26,,
LEAD001856,Grant,Halvorsen,grant.halvorsen1856@outlook.com,Meridian Realty,organic search,New,false,2025-04-11,,
LEAD001857,Priya,Lindqvist,priya.lindqvist1857@realtyco.com,Beacon Real Estate,Paid Search,New,false,2025-12-12,,
LEAD001858,Quinn,Kaplan,quinn.kaplan1858@kw.com,Harbor Partners,Paid Search,Nurturing,false,2024-06-19,,
LEAD001859,Elena,Rinaldi,elena.rinaldi1859@realtyco.com,Beacon Properties,Paid Search,Qualified,true,2026-05-25,ACC00153,2026-06-02
LEAD001860,Avery,Petrova,avery.petrova1860@kw.com,Ridgeline Realty,Partner,Working,true,2025-07-19,,
LEAD001861,Noel,Moreau,noel.moreau1861@outlook.com,Foxglove Properties,Referral,Working,true,2023-04-03,,
LEAD001862,Owen,Petrova,owen.petrova1862@realtyco.com,Meridian Partners,Social,Disqualified,false,2026-03-08,,
LEAD001863,Morgan,Thornton,morgan.thornton1863@kw.com,Beacon Realty,Social,New,false,2025-01-11,,
LEAD001864,Morgan,Moreau,morgan.moreau1864@kw.com,Foxglove Partners,Conference,New,false,2024-11-18,,
LEAD001865,Skyler,Nakamura,skyler.nakamura1865@kw.com,Cypress Real Estate,Paid Search,Nurturing,false,2025-04-27,,
LEAD001866,Naomi,Kearney,naomi.kearney1866@kw.com,Cornerstone Group,,Qualified,true,2025-05-10,ACC00418,2025-06-20
LEAD001867,Camille,Lindqvist,camille.lindqvist1867@realtyco.com,Beacon Realty,Webinar,Working,true,2024-03-11,,
LEAD001868,Skyler,Castellanos,skyler.castellanos1868@realtyco.com,Meridian Partners,Partner,Qualified,false,2025-09-30,,
LEAD001869,Elena,Vasquez,elena.vasquez1869@compass.com,Blackwood Real Estate,Social,Working,true,2025-11-27,,
LEAD001870,Julian,Kaplan,julian.kaplan1870@kw.com,Blackwood Group,Cold Outreach,Qualified,true,2024-12-15,ACC00897,2025-02-10
LEAD001871,Maya,Castellanos,maya.castellanos1871@compass.com,Foxglove Realty,Paid Search,Nurturing,true,2024-06-02,,
LEAD001872,Elena,Bautista,elena.bautista1872@compass.com,Blackwood Group,Partner,Working,false,2026-06-05,,
LEAD001873,Rowan,Rinaldi,rowan.rinaldi1873@kw.com,Cypress Realty,Conference,Disqualified,false,2024-12-16,,
LEAD001874,Devin,Bergstrom,devin.bergstrom1874@kw.com,Meridian Properties,Webinar,Nurturing,true,2025-12-25,,
LEAD001875,Theo,Moreau,theo.moreau1875@compass.com,Summit & Co.,Partner,Working,false,2024-05-22,,
LEAD001876,Avery,Halvorsen,avery.halvorsen1876@realtyco.com,Harbor Group,Social,Disqualified,false,2024-03-29,,
LEAD001877,Avery,Petrova,avery.petrova1877@outlook.com,Ironwood Group,Referral,Qualified,true,2024-03-23,ACC00518,2024-03-28
LEAD001878,Sasha,Rinaldi,sasha.rinaldi1878@kw.com,Beacon Group,Partner,Disqualified,false,2026-04-05,,
LEAD001879,Naomi,Osei,naomi.osei1879@outlook.com,Beacon Properties,Partner,Qualified,false,2024-06-29,ACC00106,2024-08-25
LEAD001880,Bianca,Halvorsen,bianca.halvorsen1880@compass.com,Blackwood Realty,Organic Search,New,false,2024-06-25,,
LEAD001881,Jordan,Kaplan,jordan.kaplan1881@compass.com,Harbor & Co.,Referral,Nurturing,false,2023-02-13,,
LEAD001882,Priya,Moreau,priya.moreau1882@kw.com,Beacon Real Estate,Conference,Working,true,2025-03-13,,
LEAD001883,Skyler,Bautista,skyler.bautista1883@gmail.com,Blackwood Group,Webinar,New,false,2024-02-07,,
LEAD001884,Skyler,Vasquez,skyler.vasquez1884@compass.com,Meridian Properties,Cold Outreach,Disqualified,false,2025-07-04,,
LEAD001885,Priya,Whitfield,priya.whitfield1885@kw.com,Cypress Partners,Referral,Nurturing,true,2024-12-05,,
LEAD001886,Camille,Okonkwo,camille.okonkwo1886@gmail.com,Ridgeline Real Estate,Organic Search,Nurturing,true,2025-09-11,,
LEAD001887,Felix,Petrova,felix.petrova1887@kw.com,Beacon Group,Webinar,New,false,2023-07-14,,
LEAD001888,Devin,Bautista,devin.bautista1888@outlook.com,Beacon Partners,Organic Search,Disqualified,false,2024-09-01,,
LEAD001889,Owen,Rinaldi,owen.rinaldi1889@gmail.com,Beacon Real Estate,Cold Outreach,Nurturing,true,2023-01-19,,
LEAD001890,Jordan,Petrova,jordan.petrova1890@kw.com,Summit Partners,Organic Search,Working,true,2025-01-14,,
LEAD001891,Sasha,Lindqvist,sasha.lindqvist1891@gmail.com,Cornerstone Group,Conference,New,false,2025-06-22,,
LEAD001892,Owen,Thornton,owen.thornton1892@gmail.com,Blackwood Group,Webinar,Qualified,true,2025-08-05,ACC00019,2025-09-21
LEAD001893,Camille,Nakamura,camille.nakamura1893@compass.com,Cornerstone & Co.,Paid Search,Qualified,false,2025-11-18,ACC00753,2026-01-12
LEAD001894,Elena,Bergstrom,elena.bergstrom1894@compass.com,Cypress Group,Partner,Nurturing,false,2023-06-19,,
LEAD001895,Elena,Okonkwo,elena.okonkwo1895@gmail.com,Cornerstone Properties,Cold Outreach,Nurturing,false,2026-02-02,,
LEAD001896,Jordan,Rinaldi,jordan.rinaldi1896@compass.com,Meridian Realty,,Qualified,true,2025-01-31,ACC00256,2025-03-02
LEAD001897,Devin,Nakamura,devin.nakamura1897@compass.com,Ironwood Partners,Paid Search,Nurturing,true,2024-02-28,,
LEAD001898,Avery,Nakamura,avery.nakamura1898@realtyco.com,Summit Properties,Cold Outreach,Working,true,2024-05-18,,
LEAD001899,Theo,Moreau,theo.moreau1899@kw.com,Cornerstone Properties,Conference,Qualified,true,2024-12-24,,
LEAD001900,Casey,Thornton,casey.thornton1900@realtyco.com,Ridgeline Properties,Organic Search,New,false,2024-03-16,,
LEAD001901,Riley,Kearney,riley.kearney1901@compass.com,Ridgeline Realty,Paid Search,Working,true,2023-10-14,,
LEAD001902,Morgan,Okonkwo,morgan.okonkwo1902@realtyco.com,Blackwood Real Estate,Webinar,New,false,2026-03-06,,
LEAD001903,Marcus,Rinaldi,marcus.rinaldi1903@outlook.com,Meridian Real Estate,Cold Outreach,Qualified,false,2024-03-21,ACC00752,2024-05-19
LEAD001904,Casey,Ahmed,casey.ahmed1904@compass.com,Ridgeline Partners,Cold Outreach,Qualified,true,2024-11-05,ACC00425,2024-11-13
LEAD001905,Grant,Delgado,grant.delgado1905@realtyco.com,Harbor Real Estate,Referral,New,false,2025-11-21,,
LEAD001906,Priya,Nakamura,priya.nakamura1906@compass.com,Foxglove & Co.,Cold Outreach,Qualified,true,2025-01-12,,
LEAD001907,Priya,Okonkwo,priya.okonkwo1907@compass.com,Lakeshore Group,Paid Search,Working,true,2024-05-14,,
LEAD001908,Owen,Rinaldi,owen.rinaldi1908@compass.com,Cypress Group,Organic Search,Qualified,true,2025-03-04,,
LEAD001909,Morgan,Vasquez,morgan.vasquez1909@gmail.com,Beacon Partners,Referral,Qualified,true,2023-03-04,ACC00720,2023-03-28
LEAD001910,Devin,Thornton,devin.thornton1910@compass.com,Harbor Realty,Webinar,Working,true,2024-12-22,,
LEAD001911,Maya,Castellanos,maya.castellanos1911@kw.com,Beacon & Co.,Social,Working,true,2023-11-09,,
LEAD001912,Camille,Ahmed,camille.ahmed1912@outlook.com,Cypress Partners,Referral,New,false,2025-02-01,,
LEAD001913,Casey,Lindqvist,casey.lindqvist1913@gmail.com,Summit Partners,Webinar,Nurturing,true,2026-04-16,,
LEAD001914,Marcus,Vasquez,marcus.vasquez1914@kw.com,Beacon Group,Conference,Working,false,2025-01-15,,
LEAD001915,Morgan,Osei,morgan.osei1915@gmail.com,Ridgeline Group,Referral,Qualified,true,2025-05-23,ACC00683,2025-06-26
LEAD001916,Rowan,Vasquez,rowan.vasquez1916@gmail.com,Ironwood Group,Referral,Working,true,2023-03-03,,
LEAD001917,Casey,Castellanos,casey.castellanos1917@gmail.com,Blackwood Group,Referral,New,false,2025-10-02,,
LEAD001918,Morgan,Delgado,morgan.delgado1918@realtyco.com,Lakeshore Real Estate,Organic Search,Qualified,true,2024-07-19,ACC00506,2024-08-09
LEAD001919,Marcus,Thornton,marcus.thornton1919@kw.com,Ridgeline Realty,Cold Outreach,Working,true,2024-12-29,,
LEAD001920,Sasha,Delgado,sasha.delgado1920@kw.com,Stonebridge Partners,Cold Outreach,Disqualified,false,2024-02-21,,
LEAD001921,Tessa,Bautista,tessa.bautista1921@compass.com,Harbor Realty,Cold Outreach,Working,true,2023-04-21,,
LEAD001922,Maya,Okonkwo,maya.okonkwo1922@realtyco.com,Foxglove Partners,,New,false,2024-08-24,,
LEAD001923,Sasha,Vasquez,sasha.vasquez1923@outlook.com,Ironwood Real Estate,Organic Search,Nurturing,true,2023-11-21,,
LEAD001924,Jordan,Bergstrom,jordan.bergstrom1924@compass.com,Cypress Real Estate,,Nurturing,true,2023-05-21,,
LEAD001925,Grant,Whitfield,grant.whitfield1925@compass.com,Harbor Realty,Paid Search,Nurturing,true,2023-06-30,,
LEAD001926,Skyler,Nakamura,skyler.nakamura1926@outlook.com,Meridian Partners,referral,Qualified,true,2023-03-31,,
LEAD001927,Bianca,Okonkwo,bianca.okonkwo1927@kw.com,Cypress Properties,Paid Search,Nurturing,false,2024-01-14,,
LEAD001928,Riley,Kearney,riley.kearney1928@kw.com,Cypress Realty,Webinar,Working,false,2025-12-26,,
LEAD001929,Tessa,Rinaldi,tessa.rinaldi1929@outlook.com,Stonebridge Realty,Partner,Disqualified,false,2025-06-04,,
LEAD001930,Sasha,Bergstrom,sasha.bergstrom1930@realtyco.com,Ridgeline & Co.,Organic Search,Qualified,false,2024-09-04,ACC00899,2024-10-07
LEAD001931,Marcus,Ahmed,marcus.ahmed1931@outlook.com,Beacon Real Estate,Conference,Nurturing,false,2023-03-03,,
LEAD001932,Tessa,Bergstrom,tessa.bergstrom1932@realtyco.com,Blackwood Real Estate,Cold Outreach,Qualified,true,2025-06-24,ACC00368,2025-07-25
LEAD001933,Marcus,Petrova,marcus.petrova1933@realtyco.com,Ironwood Real Estate,Social,Working,true,2025-12-14,,
LEAD001934,Bianca,Vasquez,bianca.vasquez1934@realtyco.com,Foxglove Properties,Organic Search,Working,true,2024-05-25,,
LEAD001935,Elena,Whitfield,elena.whitfield1935@gmail.com,Cypress Real Estate,Partner,Nurturing,false,2023-11-09,,
LEAD001936,Elena,Petrova,elena.petrova1936@gmail.com,Foxglove Real Estate,Partner,Qualified,true,2025-03-10,ACC00748,2025-05-09
LEAD001937,Casey,Castellanos,casey.castellanos1937@gmail.com,Cornerstone Partners,Referral,New,false,2024-05-12,,
LEAD001938,Skyler,Bergstrom,skyler.bergstrom1938@gmail.com,Cornerstone Real Estate,,Working,true,2025-09-22,,
LEAD001939,Marcus,Bautista,marcus.bautista1939@realtyco.com,Lakeshore Group,Social,New,false,2024-10-31,,
LEAD001940,Bianca,Petrova,bianca.petrova1940@realtyco.com,Beacon Real Estate,Social,Qualified,true,2024-10-28,ACC00404,2024-12-20
LEAD001941,Grant,Whitfield,grant.whitfield1941@kw.com,Foxglove Partners,Cold Outreach,Qualified,true,2023-04-21,ACC00182,2023-05-19
LEAD001942,Elena,Ahmed,elena.ahmed1942@gmail.com,Lakeshore Partners,Partner,New,false,2024-03-15,,
LEAD001943,Morgan,Ahmed,morgan.ahmed1943@realtyco.com,Ridgeline Realty,Cold Outreach,Working,true,2025-06-08,,
LEAD001944,Casey,Kaplan,casey.kaplan1944@gmail.com,Lakeshore Properties,Partner,Working,true,2025-11-10,,
LEAD001945,Priya,Kaplan,priya.kaplan1945@realtyco.com,Ironwood Group,Organic Search,Qualified,true,2026-03-22,ACC00869,2026-05-15
LEAD001946,Rowan,Bergstrom,rowan.bergstrom1946@realtyco.com,Cornerstone Properties,,New,false,2024-10-10,,
LEAD001947,Quinn,Bautista,quinn.bautista1947@outlook.com,Beacon & Co.,Partner,Disqualified,false,2025-09-01,,
LEAD001948,Bianca,Okonkwo,bianca.okonkwo1948@gmail.com,Stonebridge Real Estate,Referral,New,false,2024-07-25,,
LEAD001949,Theo,Kaplan,theo.kaplan1949@compass.com,Harbor Real Estate,,New,false,2025-10-02,,
LEAD001950,Elena,Thornton,elena.thornton1950@gmail.com,Lakeshore Properties,Conference,Qualified,true,2025-07-29,ACC00743,2025-09-08
LEAD001951,Maya,Nakamura,maya.nakamura1951@realtyco.com,Cornerstone Group,Partner,New,false,2024-12-20,,
LEAD001952,Owen,Delgado,owen.delgado1952@kw.com,Beacon & Co.,Conference,New,false,2023-04-02,,
LEAD001953,Felix,Thornton,felix.thornton1953@compass.com,Ridgeline Properties,,New,false,2023-09-10,,
LEAD001954,Morgan,Petrova,morgan.petrova1954@gmail.com,Blackwood Partners,Social,Qualified,true,2026-01-30,ACC00239,2026-03-03
LEAD001955,Casey,Okonkwo,casey.okonkwo1955@realtyco.com,Cornerstone Realty,Webinar,New,false,2024-08-03,,
LEAD001956,Quinn,Osei,quinn.osei1956@kw.com,Harbor Partners,Partner,Qualified,false,2025-05-20,ACC00573,2025-06-04
LEAD001957,Priya,Bautista,priya.bautista1957@realtyco.com,Lakeshore Group,Partner,Working,true,2023-02-15,,
LEAD001958,Julian,Castellanos,julian.castellanos1958@gmail.com,Ridgeline Partners,Webinar,Disqualified,false,2023-04-21,,
LEAD001959,Felix,Vasquez,felix.vasquez1959@kw.com,Cypress Partners,,Disqualified,false,2023-08-19,,
LEAD001960,Jordan,Osei,jordan.osei1960@gmail.com,Stonebridge Real Estate,Paid Search,Qualified,true,2026-03-31,,
LEAD001961,Noel,Rinaldi,noel.rinaldi1961@realtyco.com,Cornerstone Real Estate,Webinar,Disqualified,false,2026-05-11,,
LEAD001962,Rowan,Bergstrom,rowan.bergstrom1962@compass.com,Stonebridge Group,Cold Outreach,Working,false,2023-02-04,,
LEAD001963,Tessa,Vasquez,tessa.vasquez1963@gmail.com,Stonebridge Real Estate,Paid Search,New,false,2025-08-26,,
LEAD001964,Rowan,Okonkwo,rowan.okonkwo1964@realtyco.com,Foxglove & Co.,Conference,Qualified,true,2023-10-30,ACC00207,2023-12-05
LEAD001965,Morgan,Whitfield,morgan.whitfield1965@realtyco.com,Cypress Real Estate,Paid Search,Qualified,true,2023-10-20,ACC00372,2023-12-07
LEAD001966,Priya,Moreau,priya.moreau1966@realtyco.com,Stonebridge Properties,Webinar,Working,true,2023-04-13,,
LEAD001967,Tessa,Delgado,tessa.delgado1967@realtyco.com,Cornerstone Partners,Paid Search,Working,false,2024-05-02,,
LEAD001968,Jordan,Whitfield,jordan.whitfield1968@kw.com,Summit & Co.,Conference,Qualified,true,2026-03-29,ACC00694,2026-04-29
LEAD001969,Morgan,Rinaldi,morgan.rinaldi1969@outlook.com,Lakeshore & Co.,Conference,New,false,2023-01-22,,
LEAD001970,Maya,Nakamura,maya.nakamura1970@compass.com,Stonebridge Partners,Webinar,Disqualified,false,2026-02-04,,
LEAD001971,Riley,Rinaldi,riley.rinaldi1971@kw.com,Meridian Partners,Cold Outreach,New,false,2026-01-09,,
LEAD001972,Devin,Okonkwo,devin.okonkwo1972@compass.com,Cornerstone Realty,Organic Search,Disqualified,false,2024-12-27,,
LEAD001973,Maya,Kaplan,maya.kaplan1973@compass.com,Harbor Partners,Cold Outreach,Disqualified,false,2023-04-28,,
LEAD001974,Theo,Kearney,theo.kearney1974@compass.com,Cornerstone Partners,Webinar,New,false,2024-01-23,,
LEAD001975,Marcus,Halvorsen,marcus.halvorsen1975@realtyco.com,Stonebridge & Co.,Conference,New,false,2023-02-27,,
LEAD001976,Naomi,Lindqvist,naomi.lindqvist1976@realtyco.com,Beacon Realty,Referral,New,false,2024-12-27,,
LEAD001977,Grant,Halvorsen,grant.halvorsen1977@outlook.com,Summit Partners,,Working,true,2025-02-21,,
LEAD001978,Naomi,Vasquez,naomi.vasquez1978@compass.com,Foxglove Properties,Referral,Working,true,2025-05-21,,
LEAD001979,Casey,Petrova,casey.petrova1979@gmail.com,Meridian Properties,Organic Search,Qualified,true,2023-05-13,,
LEAD001980,Avery,Kaplan,avery.kaplan1980@compass.com,Harbor & Co.,Conference,New,false,2026-04-22,,
LEAD001981,Julian,Okonkwo,julian.okonkwo1981@kw.com,Foxglove Properties,Webinar,Nurturing,true,2023-04-11,,
LEAD001982,Devin,Bautista,devin.bautista1982@gmail.com,Blackwood & Co.,Social,Qualified,true,2025-08-03,,
LEAD001983,Casey,Petrova,casey.petrova1983@compass.com,Ironwood Group, Referral,Working,true,2025-11-03,,
LEAD001984,Camille,Rinaldi,camille.rinaldi1984@compass.com,Foxglove Realty,Cold Outreach,Working,false,2024-02-19,,
LEAD001985,Quinn,Castellanos,quinn.castellanos1985@gmail.com,Cornerstone Group,Cold Outreach,Disqualified,false,2023-03-17,,
LEAD001986,Noel,Bergstrom,noel.bergstrom1986@compass.com,Ridgeline Group,Social,Qualified,true,2026-03-11,,
LEAD001987,Camille,Thornton,camille.thornton1987@compass.com,Ironwood & Co.,Partner,Working,true,2023-08-05,,
LEAD001988,Devin,Kearney,devin.kearney1988@compass.com,Beacon Group,Referral,Nurturing,true,2023-09-05,,
LEAD001989,Theo,Bergstrom,theo.bergstrom1989@compass.com,Cornerstone Group,Cold Outreach,Working,true,2025-02-04,,
LEAD001990,Bianca,Halvorsen,bianca.halvorsen1990@kw.com,Blackwood Partners,Referral,Qualified,true,2023-09-12,ACC00282,2023-09-18
LEAD001991,Morgan,Castellanos,morgan.castellanos1991@kw.com,Meridian Real Estate,Social,New,false,2025-02-20,,
LEAD001992,Skyler,Delgado,skyler.delgado1992@gmail.com,Cornerstone Real Estate,Webinar,New,false,2025-01-26,,
LEAD001993,Camille,Kearney,camille.kearney1993@kw.com,Lakeshore Properties,Paid Search,New,false,2024-03-19,,
LEAD001994,Rowan,Vasquez,rowan.vasquez1994@realtyco.com,Cypress Partners,Referral,New,false,2024-11-09,,
LEAD001995,Elena,Halvorsen,elena.halvorsen1995@compass.com,Cornerstone Group,Organic Search,Working,false,2025-10-29,,
LEAD001996,Morgan,Rinaldi,morgan.rinaldi1996@kw.com,Foxglove Partners,Referral,Working,true,2024-04-17,,
LEAD001997,Priya,Whitfield,priya.whitfield1997@gmail.com,Lakeshore Group,Conference,Qualified,false,2024-05-15,ACC00203,2024-07-10
LEAD001998,Maya,Halvorsen,maya.halvorsen1998@realtyco.com,Cornerstone Group,Organic Search,Disqualified,false,2025-09-15,,
LEAD001999,Naomi,Vasquez,naomi.vasquez1999@gmail.com,Harbor & Co.,Cold Outreach,Disqualified,false,2024-02-27,,
LEAD002000,Priya,Halvorsen,priya.halvorsen2000@outlook.com,Summit Real Estate,Paid Search,Disqualified,false,2024-12-21,,
LEAD002001,Elena,Bautista,elena.bautista2001@realtyco.com,Ironwood Properties,Webinar,Qualified,false,2023-03-12,ACC00439,2023-04-25
LEAD002002,Elena,Delgado,elena.delgado2002@compass.com,Cypress Group,Organic Search,Qualified,true,2024-02-13,ACC00347,2024-02-16
LEAD002003,Noel,Ahmed,noel.ahmed2003@gmail.com,Summit Group,Conference,New,false,2024-04-11,,
LEAD002004,Casey,Halvorsen,casey.halvorsen2004@realtyco.com,Meridian Properties,Social,New,false,2026-04-29,,
LEAD002005,Morgan,Whitfield,morgan.whitfield2005@compass.com,Meridian & Co.,Organic Search,Nurturing,true,2023-08-07,,
LEAD002006,Casey,Bergstrom,casey.bergstrom2006@compass.com,Blackwood Real Estate,Social,Working,false,2025-01-27,,
LEAD002007,Riley,Moreau,riley.moreau2007@outlook.com,Blackwood Partners,Cold Outreach,New,false,2023-07-02,,
LEAD002008,Devin,Petrova,devin.petrova2008@outlook.com,Ironwood Properties,Organic Search,Working,true,2023-04-19,,
LEAD002009,Priya,Vasquez,priya.vasquez2009@outlook.com,Harbor Properties,Partner,New,false,2024-08-04,,
LEAD002010,Priya,Ahmed,priya.ahmed2010@kw.com,Harbor Partners,Referral,Working,true,2025-03-08,,
LEAD002011,Marcus,Bergstrom,marcus.bergstrom2011@compass.com,Lakeshore Group,Partner,New,false,2024-07-19,,
LEAD002012,Camille,Okonkwo,camille.okonkwo2012@compass.com,Harbor Realty,,Qualified,true,2023-04-14,,
LEAD002013,Devin,Moreau,devin.moreau2013@gmail.com,Stonebridge Properties,Webinar,New,false,2025-03-12,,
LEAD002014,Avery,Nakamura,avery.nakamura2014@kw.com,Harbor Partners,Conference,Nurturing,true,2023-12-05,,
LEAD002015,Theo,Vasquez,theo.vasquez2015@realtyco.com,Blackwood Realty,Conference,New,false,2025-06-12,,
LEAD002016,Skyler,Delgado,skyler.delgado2016@realtyco.com,Meridian Realty,Partner,Qualified,true,2024-02-08,ACC00251,2024-03-15
LEAD002017,Tessa,Vasquez,tessa.vasquez2017@compass.com,Ridgeline Real Estate,Organic Search,Qualified,true,2026-02-04,,
LEAD002018,Priya,Nakamura,priya.nakamura2018@realtyco.com,Ridgeline Real Estate,Referral,Qualified,true,2024-09-14,ACC00731,2024-09-23
LEAD002019,Theo,Ahmed,theo.ahmed2019@realtyco.com,Stonebridge & Co.,Organic Search,Qualified,true,2025-10-28,ACC00236,2025-12-02
LEAD002020,Bianca,Delgado,bianca.delgado2020@gmail.com,Harbor Properties,Organic Search,Working,false,2026-04-03,,
LEAD002021,Avery,Moreau,avery.moreau2021@compass.com,Cypress & Co.,Conference,New,false,2025-07-11,,
LEAD002022,Marcus,Lindqvist,marcus.lindqvist2022@compass.com,Ridgeline Partners,Partner,Qualified,true,2025-06-11,ACC00472,2025-07-28
LEAD002023,Theo,Moreau,theo.moreau2023@gmail.com,Ironwood Group,Partner,Qualified,false,2024-05-21,,
LEAD002024,Maya,Moreau,maya.moreau2024@gmail.com,Harbor Properties,Webinar,Qualified,true,2024-10-03,ACC00001,2024-10-07
LEAD002025,Priya,Castellanos,priya.castellanos2025@outlook.com,Cornerstone Group,Organic Search,Nurturing,true,2024-03-21,,
LEAD002026,Elena,Whitfield,elena.whitfield2026@kw.com,Ridgeline Partners,Referral,Disqualified,false,2023-09-14,,
LEAD002027,Camille,Kaplan,camille.kaplan2027@outlook.com,Blackwood Properties,,New,false,2024-05-12,,
LEAD002028,Rowan,Kearney,rowan.kearney2028@realtyco.com,Ridgeline Real Estate,Social,Qualified,false,2025-05-18,ACC00426,2025-05-22
LEAD002029,Skyler,Kearney,skyler.kearney2029@realtyco.com,Summit Real Estate,Partner,Disqualified,false,2025-10-07,,
LEAD002030,Maya,Halvorsen,maya.halvorsen2030@realtyco.com,Ridgeline Group,,Working,false,2025-09-23,,
LEAD002031,Jordan,Whitfield,jordan.whitfield2031@realtyco.com,Harbor Realty,Webinar,Disqualified,false,2024-05-08,,
LEAD002032,Maya,Halvorsen,maya.halvorsen2032@outlook.com,Ironwood Group,Conference,Qualified,true,2023-10-24,ACC00678,2023-11-13
LEAD002033,Riley,Osei,riley.osei2033@kw.com,Stonebridge & Co.,Webinar,Nurturing,false,2025-12-25,,
LEAD002034,Bianca,Kearney,bianca.kearney2034@compass.com,Cornerstone Partners,Referral,Qualified,true,2024-10-15,ACC00468,2024-11-19
LEAD002035,Grant,Nakamura,grant.nakamura2035@gmail.com,Blackwood Properties,Partner,Nurturing,false,2025-07-29,,
LEAD002036,Rowan,Thornton,rowan.thornton2036@realtyco.com,Meridian Properties,,Nurturing,true,2025-07-24,,
LEAD002037,Riley,Osei,riley.osei2037@realtyco.com,Stonebridge Partners,Referral,Working,false,2026-03-30,,
LEAD002038,Devin,Whitfield,devin.whitfield2038@realtyco.com,Meridian Group,Paid Search,Qualified,false,2025-08-19,ACC00568,2025-10-10
LEAD002039,Theo,Petrova,theo.petrova2039@kw.com,Ridgeline Realty,Cold Outreach,Nurturing,true,2024-02-10,,
LEAD002040,Avery,Vasquez,avery.vasquez2040@realtyco.com,Blackwood & Co.,,Qualified,true,2026-03-31,ACC00559,2026-04-20
LEAD002041,Devin,Vasquez,devin.vasquez2041@gmail.com,Stonebridge Group,Organic Search,New,false,2024-11-20,,
LEAD002042,Theo,Kaplan,theo.kaplan2042@realtyco.com,Harbor & Co.,Conference,Working,false,2024-12-19,,
LEAD002043,Morgan,Whitfield,morgan.whitfield2043@outlook.com,Ironwood Properties,Partner,Working,true,2026-05-06,,
LEAD002044,Devin,Whitfield,devin.whitfield2044@outlook.com,Ridgeline Properties,Paid Search,Nurturing,true,2024-11-17,,
LEAD002045,Tessa,Halvorsen,tessa.halvorsen2045@outlook.com,Foxglove Properties,Social,Disqualified,false,2025-10-25,,
LEAD002046,Skyler,Kearney,skyler.kearney2046@compass.com,Meridian & Co.,Referral,Disqualified,false,2023-08-18,,
LEAD002047,Felix,Bergstrom,felix.bergstrom2047@realtyco.com,Ridgeline Realty,Conference,Qualified,true,2024-12-24,,
LEAD002048,Quinn,Rinaldi,quinn.rinaldi2048@outlook.com,Harbor Realty,Partner,Qualified,true,2024-10-11,,
LEAD002049,Skyler,Bergstrom,skyler.bergstrom2049@outlook.com,Summit Partners,Paid Search,New,false,2023-08-04,,
LEAD002050,Felix,Vasquez,felix.vasquez2050@outlook.com,Cypress Realty,Conference,New,false,2026-04-05,,
LEAD002051,Owen,Whitfield,owen.whitfield2051@gmail.com,Foxglove Realty,Partner,Disqualified,false,2024-05-13,,
LEAD002052,Jordan,Castellanos,jordan.castellanos2052@gmail.com,Beacon Realty,Referral,New,false,2023-05-19,,
LEAD002053,Casey,Bautista,casey.bautista2053@outlook.com,Ridgeline Realty,,Qualified,true,2024-06-20,ACC00782,2024-07-21
LEAD002054,Theo,Halvorsen,theo.halvorsen2054@realtyco.com,Cornerstone & Co.,Webinar,Disqualified,false,2023-01-23,,
LEAD002055,Marcus,Halvorsen,marcus.halvorsen2055@outlook.com,Harbor Realty,Webinar,Working,true,2024-06-07,,
LEAD002056,Riley,Okonkwo,riley.okonkwo2056@gmail.com,Foxglove Group,Conference,New,false,2023-02-12,,
LEAD002057,Morgan,Delgado,morgan.delgado2057@kw.com,Meridian Group,Webinar,Working,true,2023-09-07,,
LEAD002058,Felix,Halvorsen,felix.halvorsen2058@kw.com,Ridgeline & Co.,Referral,Working,true,2023-10-28,,
LEAD002059,Noel,Kaplan,noel.kaplan2059@kw.com,Beacon Partners,Social,Disqualified,false,2025-12-06,,
LEAD002060,Camille,Rinaldi,camille.rinaldi2060@compass.com,Cypress Realty,Organic Search,Qualified,true,2025-01-29,ACC00876,2025-02-14
LEAD002061,Bianca,Bergstrom,bianca.bergstrom2061@kw.com,Cornerstone Realty,Social,Qualified,true,2026-06-12,ACC00083,2026-07-17
LEAD002062,Morgan,Ahmed,morgan.ahmed2062@compass.com,Harbor & Co.,Cold Outreach,Working,false,2024-10-15,,
LEAD002063,Julian,Bergstrom,julian.bergstrom2063@compass.com,Foxglove Partners,Organic Search,New,false,2024-07-28,,
LEAD002064,Marcus,Okonkwo,marcus.okonkwo2064@realtyco.com,Meridian Properties,Organic Search,Working,false,2024-05-22,,
LEAD002065,Morgan,Kearney,morgan.kearney2065@realtyco.com,Blackwood Real Estate,Webinar,Qualified,true,2024-10-28,ACC00605,2024-12-27
LEAD002066,Rowan,Nakamura,rowan.nakamura2066@kw.com,Cornerstone Real Estate,Organic Search,New,false,2025-07-06,,
LEAD002067,Priya,Osei,priya.osei2067@gmail.com,Lakeshore Properties,Paid Search ,Disqualified,false,2025-07-23,,
LEAD002068,Julian,Kearney,julian.kearney2068@realtyco.com,Foxglove & Co.,,Disqualified,false,2024-07-25,,
LEAD002069,Devin,Vasquez,devin.vasquez2069@gmail.com,Beacon Real Estate,Cold Outreach,Disqualified,false,2024-03-24,,
LEAD002070,Maya,Osei,maya.osei2070@compass.com,Cypress Real Estate,Social,Nurturing,false,2025-07-22,,
LEAD002071,Quinn,Castellanos,quinn.castellanos2071@gmail.com,Blackwood Realty,Paid Search,New,false,2023-08-05,,
LEAD002072,Theo,Lindqvist,theo.lindqvist2072@gmail.com,Stonebridge Partners,Organic Search,Working,true,2025-10-09,,
LEAD002073,Camille,Kearney,camille.kearney2073@realtyco.com,Cypress Partners,Conference,Disqualified,false,2023-02-01,,
LEAD002074,Tessa,Halvorsen,tessa.halvorsen2074@kw.com,Ridgeline Group,Partner,Working,true,2023-06-17,,
LEAD002075,Camille,Okonkwo,camille.okonkwo2075@gmail.com,Harbor Real Estate,Partner,New,false,2024-06-13,,
LEAD002076,Julian,Rinaldi,julian.rinaldi2076@gmail.com,Stonebridge Group,Webinar,Working,false,2023-01-29,,
LEAD002077,Rowan,Whitfield,rowan.whitfield2077@compass.com,Meridian Real Estate,Webinar,Qualified,false,2025-08-07,ACC00366,2025-09-28
LEAD002078,Grant,Ahmed,grant.ahmed2078@outlook.com,Cypress Realty,Paid Search,New,false,2026-05-15,,
LEAD002079,Julian,Rinaldi,julian.rinaldi2079@kw.com,Summit Group,Referral,New,false,2026-05-03,,
LEAD002080,Owen,Moreau,owen.moreau2080@realtyco.com,Cornerstone Properties,,Nurturing,true,2023-08-04,,
LEAD002081,Elena,Thornton,elena.thornton2081@compass.com,Harbor Partners,Cold Outreach,Qualified,true,2025-02-15,ACC00057,2025-03-13
LEAD002082,Rowan,Ahmed,rowan.ahmed2082@kw.com,Foxglove Partners,Social,Qualified,true,2024-05-10,ACC00364,2024-07-08
LEAD002083,Maya,Vasquez,maya.vasquez2083@outlook.com,Cornerstone Realty,Partner,New,false,2024-03-06,,
LEAD002084,Riley,Vasquez,riley.vasquez2084@kw.com,Harbor Properties,organic search,Qualified,false,2024-06-12,ACC00090,2024-06-15
LEAD002085,Naomi,Delgado,naomi.delgado2085@realtyco.com,Blackwood Properties,Paid Search,New,false,2023-04-19,,
LEAD002086,Naomi,Osei,naomi.osei2086@outlook.com,Cypress Group,Webinar,Working,false,2025-06-15,,
LEAD002087,Priya,Osei,priya.osei2087@compass.com,Blackwood Group,organic search,Qualified,false,2023-09-03,ACC00233,2023-10-21
LEAD002088,Tessa,Kaplan,tessa.kaplan2088@outlook.com,Beacon Group,Conference,Working,true,2025-12-29,,
LEAD002089,Casey,Petrova,casey.petrova2089@gmail.com,Blackwood Real Estate,Referral,New,false,2025-12-21,,
LEAD002090,Bianca,Lindqvist,bianca.lindqvist2090@realtyco.com,Meridian Properties,Referral,Working,false,2023-03-06,,
LEAD002091,Owen,Okonkwo,owen.okonkwo2091@compass.com,Summit Group,Cold Outreach,New,false,2024-02-27,,
LEAD002092,Avery,Halvorsen,avery.halvorsen2092@compass.com,Foxglove & Co.,Paid Search,Nurturing,false,2024-10-09,,
LEAD002093,Skyler,Thornton,skyler.thornton2093@realtyco.com,Stonebridge & Co.,Conference,Working,true,2024-06-14,,
LEAD002094,Camille,Halvorsen,camille.halvorsen2094@kw.com,Blackwood Real Estate,Conference,Working,true,2024-06-02,,
LEAD002095,Marcus,Osei,marcus.osei2095@compass.com,Cypress Real Estate,,New,false,2024-08-01,,
LEAD002096,Casey,Petrova,casey.petrova2096@realtyco.com,Cornerstone Partners,Partner,Qualified,true,2024-09-01,ACC00497,2024-10-25
LEAD002097,Rowan,Kearney,rowan.kearney2097@compass.com,Harbor Properties,Conference,Working,true,2024-12-21,,
LEAD002098,Elena,Whitfield,elena.whitfield2098@outlook.com,Meridian Partners,Referral,Disqualified,false,2025-08-16,,
LEAD002099,Jordan,Kaplan,jordan.kaplan2099@outlook.com,Foxglove & Co.,Paid Search,Qualified,true,2025-06-08,,
LEAD002100,Avery,Rinaldi,avery.rinaldi2100@gmail.com,Stonebridge Partners,Referral,Qualified,true,2026-02-28,,
LEAD002101,Morgan,Petrova,morgan.petrova2101@outlook.com,Stonebridge & Co.,Webinar,New,false,2023-04-27,,
LEAD002102,Maya,Lindqvist,maya.lindqvist2102@kw.com,Cypress Real Estate,Conference,Disqualified,false,2024-05-19,,
LEAD002103,Devin,Castellanos,devin.castellanos2103@compass.com,Ironwood & Co.,Partner,Qualified,true,2024-05-12,ACC00449,2024-05-31
LEAD002104,Marcus,Thornton,marcus.thornton2104@outlook.com,Stonebridge Realty,Social,Qualified,true,2024-12-26,ACC00495,2025-02-13
LEAD002105,Marcus,Castellanos,marcus.castellanos2105@realtyco.com,Summit Properties,Organic Search,New,false,2025-06-18,,
LEAD002106,Skyler,Delgado,skyler.delgado2106@realtyco.com,Stonebridge Realty, Referral,Disqualified,false,2025-03-18,,
LEAD002107,Grant,Ahmed,grant.ahmed2107@realtyco.com,Harbor Realty,Conference,Working,true,2023-03-24,,
LEAD002108,Noel,Bergstrom,noel.bergstrom2108@outlook.com,Stonebridge Properties,Organic Search,Working,true,2025-10-30,,
LEAD002109,Theo,Nakamura,theo.nakamura2109@realtyco.com,Meridian Group,Social,Working,true,2023-03-19,,
LEAD002110,Owen,Castellanos,owen.castellanos2110@outlook.com,Lakeshore & Co.,Partner,Qualified,true,2025-06-24,ACC00638,2025-08-05
LEAD002111,Rowan,Rinaldi,rowan.rinaldi2111@kw.com,Stonebridge Real Estate,Referral,New,false,2024-02-01,,
LEAD002112,Quinn,Kaplan,quinn.kaplan2112@gmail.com,Beacon Partners,,New,false,2024-12-06,,
LEAD002113,Quinn,Kaplan,quinn.kaplan2113@compass.com,Ironwood Real Estate,Webinar,Qualified,false,2024-06-11,,
LEAD002114,Noel,Vasquez,noel.vasquez2114@kw.com,Cornerstone Realty,,Disqualified,false,2024-03-19,,
LEAD002115,Avery,Thornton,avery.thornton2115@kw.com,Cornerstone Realty,Paid Search,New,false,2024-01-07,,
LEAD002116,Grant,Thornton,grant.thornton2116@outlook.com,Harbor Properties,Social,Qualified,true,2023-04-16,ACC00480,2023-06-12
LEAD002117,Skyler,Ahmed,skyler.ahmed2117@outlook.com,Foxglove & Co.,Conference,New,false,2023-06-25,,
LEAD002118,Julian,Thornton,julian.thornton2118@kw.com,Ridgeline Properties,Paid Search,Qualified,true,2026-05-27,ACC00494,2026-06-02
LEAD002119,Naomi,Halvorsen,naomi.halvorsen2119@realtyco.com,Lakeshore Properties,Referral,Nurturing,true,2023-06-24,,
LEAD002120,Naomi,Vasquez,naomi.vasquez2120@outlook.com,Harbor Group,Partner,New,false,2026-03-13,,
LEAD002121,Theo,Bautista,theo.bautista2121@compass.com,Summit Properties,Cold Outreach,Working,true,2025-08-09,,
LEAD002122,Avery,Kearney,avery.kearney2122@realtyco.com,Harbor Partners,Paid Search,Disqualified,false,2025-12-12,,
LEAD002123,Priya,Whitfield,priya.whitfield2123@gmail.com,Summit Partners,Conference,Working,true,2023-12-13,,
LEAD002124,Sasha,Osei,sasha.osei2124@compass.com,Lakeshore Realty,Cold Outreach,Qualified,true,2025-10-07,ACC00312,2025-11-22
LEAD002125,Bianca,Moreau,bianca.moreau2125@kw.com,Ridgeline Properties,,Nurturing,true,2024-09-13,,
LEAD002126,Theo,Lindqvist,theo.lindqvist2126@gmail.com,Cypress Realty,Referral,Disqualified,false,2025-03-16,,
LEAD002127,Marcus,Castellanos,marcus.castellanos2127@compass.com,Blackwood & Co.,Conference,Disqualified,false,2023-03-22,,
LEAD002128,Priya,Okonkwo,priya.okonkwo2128@kw.com,Blackwood & Co.,Partner,Nurturing,true,2024-06-14,,
LEAD002129,Marcus,Delgado,marcus.delgado2129@kw.com,Beacon Group,Conference,Qualified,false,2026-03-21,,
LEAD002130,Julian,Kearney,julian.kearney2130@realtyco.com,Cypress Group,Partner,Qualified,true,2026-02-20,,
LEAD002131,Theo,Kaplan,theo.kaplan2131@outlook.com,Ironwood Group,Paid Search,Working,false,2023-06-26,,
LEAD002132,Owen,Rinaldi,owen.rinaldi2132@outlook.com,Beacon Partners,Social,Disqualified,false,2024-04-28,,
LEAD002133,Jordan,Kaplan,jordan.kaplan2133@realtyco.com,Lakeshore & Co.,Conference,Qualified,false,2023-11-24,ACC00124,2024-01-13
LEAD002134,Owen,Castellanos,owen.castellanos2134@gmail.com,Blackwood Partners,Webinar,Working,true,2024-06-13,,
LEAD002135,Jordan,Halvorsen,jordan.halvorsen2135@compass.com,Beacon Group,Webinar,New,false,2026-04-21,,
LEAD002136,Noel,Nakamura,noel.nakamura2136@outlook.com,Foxglove & Co.,Referral,Qualified,true,2025-06-03,,
LEAD002137,Skyler,Vasquez,skyler.vasquez2137@outlook.com,Harbor Properties,Organic Search,Nurturing,false,2025-10-13,,
LEAD002138,Avery,Whitfield,avery.whitfield2138@compass.com,Lakeshore Real Estate,Cold Outreach,Nurturing,true,2026-02-05,,
LEAD002139,Rowan,Castellanos,rowan.castellanos2139@compass.com,Cypress & Co.,Referral,New,false,2024-09-16,,
LEAD002140,Avery,Vasquez,avery.vasquez2140@outlook.com,Summit Properties,Webinar,Nurturing,false,2025-10-02,,
LEAD002141,Elena,Kaplan,elena.kaplan2141@compass.com,Cypress Group,Partner,New,false,2024-05-18,,
LEAD002142,Tessa,Kearney,tessa.kearney2142@gmail.com,Stonebridge Partners,Social,Qualified,false,2024-06-30,,
LEAD002143,Tessa,Okonkwo,tessa.okonkwo2143@realtyco.com,Cornerstone Properties,Social,Working,false,2023-02-20,,
LEAD002144,Jordan,Okonkwo,jordan.okonkwo2144@realtyco.com,Cornerstone Partners,Organic Search,Disqualified,false,2024-07-22,,
LEAD002145,Sasha,Rinaldi,sasha.rinaldi2145@kw.com,Ironwood Properties,Partner,Disqualified,false,2023-06-18,,
LEAD002146,Riley,Thornton,riley.thornton2146@realtyco.com,Lakeshore Real Estate,Social,Qualified,true,2025-09-05,,
LEAD002147,Morgan,Bautista,morgan.bautista2147@outlook.com,Beacon Real Estate,Conference,Qualified,true,2023-11-02,ACC00797,2023-11-22
LEAD002148,Rowan,Kaplan,rowan.kaplan2148@outlook.com,Ironwood Properties,Organic Search,Nurturing,false,2024-05-28,,
LEAD002149,Grant,Nakamura,grant.nakamura2149@compass.com,Cypress Properties,Referral,Nurturing,true,2023-06-18,,
LEAD002150,Bianca,Whitfield,bianca.whitfield2150@outlook.com,Foxglove & Co.,Social,New,false,2023-01-30,,
LEAD002151,Avery,Lindqvist,avery.lindqvist2151@kw.com,Beacon Realty,Conference,Working,true,2024-07-13,,
LEAD002152,Grant,Ahmed,grant.ahmed2152@gmail.com,Blackwood Group,Social,Working,true,2023-08-15,,
LEAD002153,Bianca,Bergstrom,bianca.bergstrom2153@kw.com,Beacon & Co.,Organic Search,Qualified,false,2026-03-27,ACC00560,2026-04-27
LEAD002154,Noel,Thornton,noel.thornton2154@gmail.com,Cypress Group,Partner,Qualified,true,2025-08-28,ACC00470,2025-09-25
LEAD002155,Owen,Vasquez,owen.vasquez2155@outlook.com,Harbor Partners,Partner,Disqualified,false,2023-10-14,,
LEAD002156,Devin,Okonkwo,devin.okonkwo2156@compass.com,Beacon Properties,Social,Nurturing,true,2024-08-11,,
LEAD002157,Marcus,Ahmed,marcus.ahmed2157@compass.com,Lakeshore & Co.,,New,false,2023-10-18,,
LEAD002158,Jordan,Osei,jordan.osei2158@kw.com,Foxglove Group,Referral,Qualified,true,2026-05-28,ACC00545,2026-07-03
LEAD002159,Noel,Halvorsen,noel.halvorsen2159@outlook.com,Meridian Realty,Conference,Disqualified,false,2023-10-14,,
LEAD002160,Rowan,Nakamura,rowan.nakamura2160@compass.com,Stonebridge Properties,Conference,New,false,2023-06-29,,
LEAD002161,Bianca,Bergstrom,bianca.bergstrom2161@gmail.com,Ironwood Group,paid search,Qualified,true,2024-05-10,ACC00467,2024-06-24
LEAD002162,Sasha,Vasquez,sasha.vasquez2162@realtyco.com,Lakeshore Properties,Social,New,false,2024-12-03,,
LEAD002163,Bianca,Petrova,bianca.petrova2163@compass.com,Beacon Group,,New,false,2023-08-02,,
LEAD002164,Devin,Rinaldi,devin.rinaldi2164@compass.com,Cypress Properties,Webinar,Disqualified,false,2025-12-07,,
LEAD002165,Naomi,Bautista,naomi.bautista2165@kw.com,Meridian Partners,Organic Search,Disqualified,false,2025-07-23,,
LEAD002166,Rowan,Delgado,rowan.delgado2166@gmail.com,Beacon & Co.,Cold Outreach,Qualified,true,2026-01-16,ACC00850,2026-02-04
LEAD002167,Casey,Vasquez,casey.vasquez2167@kw.com,Ridgeline Group,Paid Search,Qualified,false,2025-03-03,,
LEAD002168,Theo,Lindqvist,theo.lindqvist2168@outlook.com,Ironwood & Co.,Partner,New,false,2025-08-21,,
LEAD002169,Sasha,Lindqvist,sasha.lindqvist2169@gmail.com,Beacon Real Estate,Partner,Working,true,2023-10-09,,
LEAD002170,Tessa,Halvorsen,tessa.halvorsen2170@kw.com,Harbor Real Estate,Paid Search,New,false,2026-03-02,,
LEAD002171,Jordan,Vasquez,jordan.vasquez2171@gmail.com,Ridgeline Realty,Paid Search,Working,false,2023-09-18,,
LEAD002172,Devin,Kaplan,devin.kaplan2172@realtyco.com,Stonebridge Group,Paid Search,Qualified,true,2026-03-17,ACC00202,2026-05-11
LEAD002173,Quinn,Castellanos,quinn.castellanos2173@outlook.com,Meridian Properties,Organic Search,New,false,2023-03-15,,
LEAD002174,Grant,Thornton,grant.thornton2174@realtyco.com,Cornerstone & Co.,Referral,Working,true,2023-03-16,,
LEAD002175,Elena,Whitfield,elena.whitfield2175@compass.com,Cypress Group,Paid Search,Disqualified,false,2024-04-26,,
LEAD002176,Riley,Ahmed,riley.ahmed2176@realtyco.com,Summit Partners,Paid Search,Working,true,2023-11-23,,
LEAD002177,Avery,Delgado,avery.delgado2177@compass.com,Beacon Realty,Referral,Qualified,true,2024-05-20,,
LEAD002178,Elena,Whitfield,elena.whitfield2178@gmail.com,Beacon Partners,Webinar,Disqualified,false,2024-09-11,,
LEAD002179,Morgan,Kearney,morgan.kearney2179@kw.com,Beacon & Co.,Webinar,Qualified,true,2023-12-23,ACC00030,2024-01-03
LEAD002180,Camille,Osei,camille.osei2180@kw.com,Ridgeline Partners,Cold Outreach,Working,true,2024-12-27,,
LEAD002181,Rowan,Vasquez,rowan.vasquez2181@kw.com,Harbor Properties,Conference,New,false,2024-10-18,,
LEAD002182,Noel,Osei,noel.osei2182@compass.com,Stonebridge Properties,Organic Search,Nurturing,true,2025-05-26,,
LEAD002183,Quinn,Rinaldi,quinn.rinaldi2183@gmail.com,Cornerstone Group,Referral,Disqualified,false,2023-04-15,,
LEAD002184,Rowan,Bergstrom,rowan.bergstrom2184@realtyco.com,Cypress Properties,Paid Search,Qualified,false,2026-03-12,ACC00685,2026-04-23
LEAD002185,Julian,Halvorsen,julian.halvorsen2185@compass.com,Meridian Realty,Webinar,Qualified,true,2024-01-22,ACC00257,2024-02-02
LEAD002186,Morgan,Moreau,morgan.moreau2186@realtyco.com,Lakeshore Partners,Social,Working,false,2023-10-31,,
LEAD002187,Riley,Lindqvist,riley.lindqvist2187@gmail.com,Stonebridge Partners,organic search,Disqualified,false,2024-01-06,,
LEAD002188,Naomi,Vasquez,naomi.vasquez2188@outlook.com,Ironwood Group,,Qualified,false,2026-05-09,,
LEAD002189,Noel,Ahmed,noel.ahmed2189@compass.com,Ironwood Real Estate,Conference,New,false,2024-08-17,,
LEAD002190,Riley,Ahmed,riley.ahmed2190@outlook.com,Ridgeline Partners,Referral,Qualified,true,2023-10-29,ACC00636,2023-11-30
LEAD002191,Owen,Bergstrom,owen.bergstrom2191@realtyco.com,Foxglove Partners, Referral,Disqualified,false,2024-10-15,,
LEAD002192,Morgan,Okonkwo,morgan.okonkwo2192@gmail.com,Meridian Realty,Webinar,Qualified,false,2026-05-17,ACC00602,2026-05-20
LEAD002193,Grant,Osei,grant.osei2193@kw.com,Beacon Group,Referral,Working,true,2024-03-09,,
LEAD002194,Devin,Kearney,devin.kearney2194@kw.com,Foxglove Realty,Organic Search,Working,true,2025-04-26,,
LEAD002195,Elena,Osei,elena.osei2195@kw.com,Lakeshore & Co.,Webinar,Working,false,2024-03-19,,
LEAD002196,Grant,Osei,grant.osei2196@kw.com,Stonebridge Properties,Conference,Qualified,true,2025-12-18,ACC00263,2026-02-06
LEAD002197,Julian,Vasquez,julian.vasquez2197@gmail.com,Cypress Group,Webinar,Disqualified,false,2025-10-10,,
LEAD002198,Morgan,Halvorsen,morgan.halvorsen2198@kw.com,Lakeshore Partners,Partner,Qualified,true,2025-03-21,ACC00140,2025-04-30
LEAD002199,Naomi,Bergstrom,naomi.bergstrom2199@compass.com,Ironwood & Co.,Social,New,false,2024-03-24,,
LEAD002200,Elena,Bautista,elena.bautista2200@outlook.com,Lakeshore Realty,Referral,New,false,2024-06-08,,
LEAD002201,Felix,Ahmed,felix.ahmed2201@realtyco.com,Stonebridge Properties,Cold Outreach,Nurturing,true,2024-11-24,,
LEAD002202,Casey,Bergstrom,casey.bergstrom2202@realtyco.com,Ridgeline Partners,Partner,Working,true,2025-09-19,,
LEAD002203,Jordan,Nakamura,jordan.nakamura2203@outlook.com,Meridian Real Estate,Paid Search,Nurturing,true,2025-08-24,,
LEAD002204,Avery,Delgado,avery.delgado2204@outlook.com,Ridgeline Real Estate,Referral,New,false,2025-01-10,,
LEAD002205,Naomi,Thornton,naomi.thornton2205@realtyco.com,Meridian Partners,Organic Search,Disqualified,false,2023-03-09,,
LEAD002206,Casey,Kearney,casey.kearney2206@outlook.com,Meridian Realty,Paid Search,Qualified,false,2024-06-17,ACC00819,2024-07-11
LEAD002207,Julian,Kearney,julian.kearney2207@compass.com,Summit Realty,Conference,Working,false,2024-03-11,,
LEAD002208,Julian,Bautista,julian.bautista2208@kw.com,Ironwood Real Estate,Conference,Working,true,2023-11-16,,
LEAD002209,Sasha,Bergstrom,sasha.bergstrom2209@compass.com,Ironwood Real Estate,Paid Search,Working,true,2025-06-02,,
LEAD002210,Grant,Thornton,grant.thornton2210@kw.com,Ridgeline Real Estate,Cold Outreach,New,false,2023-02-03,,
LEAD002211,Camille,Nakamura,camille.nakamura2211@outlook.com,Lakeshore Partners,Partner,Qualified,false,2025-02-11,ACC00088,2025-04-04
LEAD002212,Quinn,Halvorsen,quinn.halvorsen2212@compass.com,Stonebridge Real Estate,Conference,Disqualified,false,2024-05-16,,
LEAD002213,Maya,Nakamura,maya.nakamura2213@outlook.com,Blackwood & Co.,Paid Search,New,false,2025-08-27,,
LEAD002214,Elena,Osei,elena.osei2214@realtyco.com,Meridian & Co.,Partner,Working,false,2025-05-02,,
LEAD002215,Riley,Kearney,riley.kearney2215@compass.com,Cypress Partners,Partner,Working,false,2023-04-09,,
LEAD002216,Felix,Bautista,felix.bautista2216@outlook.com,Blackwood Group,Social,Nurturing,true,2025-12-04,,
LEAD002217,Elena,Whitfield,elena.whitfield2217@compass.com,Stonebridge Group,Cold Outreach,Disqualified,false,2024-05-18,,
LEAD002218,Tessa,Kaplan,tessa.kaplan2218@outlook.com,Stonebridge & Co.,Conference,Qualified,true,2024-04-15,,
LEAD002219,Morgan,Kearney,morgan.kearney2219@kw.com,Ironwood Real Estate,Paid Search,New,false,2024-05-22,,
LEAD002220,Riley,Castellanos,riley.castellanos2220@outlook.com,Foxglove Real Estate,Social,Nurturing,true,2024-02-21,,
LEAD002221,Avery,Kaplan,avery.kaplan2221@compass.com,Lakeshore Properties, Referral,New,false,2023-11-20,,
LEAD002222,Avery,Whitfield,avery.whitfield2222@outlook.com,Harbor Properties,Webinar,Working,true,2023-11-10,,
LEAD002223,Noel,Delgado,noel.delgado2223@outlook.com,Harbor Properties,Conference,Nurturing,true,2023-05-17,,
LEAD002224,Quinn,Bergstrom,quinn.bergstrom2224@gmail.com,Ridgeline Real Estate,Partner,New,false,2023-09-08,,
LEAD002225,Devin,Whitfield,devin.whitfield2225@gmail.com,Summit & Co.,Organic Search,Qualified,true,2024-05-16,ACC00167,2024-06-24
LEAD002226,Morgan,Kaplan,morgan.kaplan2226@outlook.com,Blackwood Group,Partner,Qualified,true,2025-08-06,,
LEAD002227,Elena,Delgado,elena.delgado2227@realtyco.com,Blackwood & Co.,Social,Disqualified,false,2025-11-11,,
LEAD002228,Camille,Lindqvist,camille.lindqvist2228@compass.com,Beacon Realty,Organic Search,New,false,2025-06-10,,
LEAD002229,Casey,Halvorsen,casey.halvorsen2229@compass.com,Cornerstone & Co.,Referral,New,false,2023-10-16,,
LEAD002230,Felix,Bautista,felix.bautista2230@outlook.com,Ridgeline Realty,Webinar,Qualified,true,2023-01-20,ACC00005,2023-02-03
LEAD002231,Grant,Whitfield,grant.whitfield2231@gmail.com,Cypress Properties,Cold Outreach,Qualified,true,2023-02-21,ACC00681,2023-03-12
LEAD002232,Felix,Thornton,felix.thornton2232@gmail.com,Ridgeline Realty,Social,Working,true,2024-01-18,,
LEAD002233,Morgan,Osei,morgan.osei2233@outlook.com,Ridgeline Partners,Cold Outreach,New,false,2025-08-15,,
LEAD002234,Camille,Whitfield,camille.whitfield2234@kw.com,Beacon & Co.,Organic Search,New,false,2023-07-27,,
LEAD002235,Sasha,Osei,sasha.osei2235@realtyco.com,Ridgeline Partners,paid search,Nurturing,true,2023-10-05,,
LEAD002236,Avery,Nakamura,avery.nakamura2236@realtyco.com,Cornerstone & Co.,Paid Search,Nurturing,false,2023-12-17,,
LEAD002237,Marcus,Whitfield,marcus.whitfield2237@gmail.com,Summit & Co.,,Nurturing,true,2025-01-09,,
LEAD002238,Julian,Vasquez,julian.vasquez2238@realtyco.com,Ironwood Partners,Paid Search,New,false,2024-10-16,,
LEAD002239,Julian,Okonkwo,julian.okonkwo2239@compass.com,Beacon Realty,Social,Working,false,2024-04-21,,
LEAD002240,Sasha,Bergstrom,sasha.bergstrom2240@realtyco.com,Cypress Properties,Social,Qualified,true,2023-02-18,,
LEAD002241,Maya,Whitfield,maya.whitfield2241@kw.com,Foxglove Real Estate,Social,Working,false,2023-06-22,,
LEAD002242,Rowan,Castellanos,rowan.castellanos2242@realtyco.com,Harbor Realty,referral,New,false,2026-01-28,,
LEAD002243,Quinn,Kaplan,quinn.kaplan2243@kw.com,Cypress Realty,,Disqualified,false,2024-01-31,,
LEAD002244,Riley,Okonkwo,riley.okonkwo2244@kw.com,Foxglove & Co.,Paid Search ,New,false,2025-01-15,,
LEAD002245,Elena,Halvorsen,elena.halvorsen2245@realtyco.com,Beacon Real Estate,Organic Search,Working,true,2023-06-09,,
LEAD002246,Owen,Kearney,owen.kearney2246@realtyco.com,Summit Partners,Webinar,New,false,2025-04-10,,
LEAD002247,Felix,Whitfield,felix.whitfield2247@outlook.com,Cypress & Co.,Conference,New,false,2024-09-22,,
LEAD002248,Owen,Moreau,owen.moreau2248@kw.com,Stonebridge Partners,Paid Search ,Qualified,true,2026-03-28,ACC00653,2026-04-26
LEAD002249,Tessa,Kaplan,tessa.kaplan2249@gmail.com,Harbor Partners,Cold Outreach,Nurturing,true,2026-04-11,,
LEAD002250,Casey,Moreau,casey.moreau2250@kw.com,Beacon Realty,Partner,New,false,2025-07-10,,
LEAD002251,Casey,Castellanos,casey.castellanos2251@realtyco.com,Beacon Real Estate,Paid Search,Disqualified,false,2024-02-26,,
LEAD002252,Quinn,Rinaldi,quinn.rinaldi2252@compass.com,Lakeshore & Co.,Referral,New,false,2025-07-31,,
LEAD002253,Bianca,Nakamura,bianca.nakamura2253@outlook.com,Lakeshore & Co.,Conference,Nurturing,true,2025-12-25,,
LEAD002254,Quinn,Rinaldi,quinn.rinaldi2254@gmail.com,Ridgeline & Co.,Webinar,Qualified,false,2023-12-18,ACC00874,2024-02-16
LEAD002255,Avery,Bergstrom,avery.bergstrom2255@compass.com,Cypress Group,Partner,New,false,2026-03-24,,
LEAD002256,Noel,Lindqvist,noel.lindqvist2256@outlook.com,Lakeshore & Co.,Conference,Qualified,false,2025-12-29,ACC00452,2026-02-05
LEAD002257,Grant,Thornton,grant.thornton2257@compass.com,Ironwood & Co.,Webinar,Nurturing,true,2023-09-26,,
LEAD002258,Quinn,Castellanos,quinn.castellanos2258@outlook.com,Cornerstone Group,Webinar,Disqualified,false,2025-08-27,,
LEAD002259,Avery,Petrova,avery.petrova2259@realtyco.com,Summit Realty,Paid Search,New,false,2023-11-20,,
LEAD002260,Elena,Castellanos,elena.castellanos2260@realtyco.com,Ridgeline Partners,Cold Outreach,New,false,2023-07-08,,
LEAD002261,Skyler,Petrova,skyler.petrova2261@realtyco.com,Beacon Realty,Partner,New,false,2023-12-17,,
LEAD002262,Marcus,Ahmed,marcus.ahmed2262@realtyco.com,Cornerstone Group,Cold Outreach,Qualified,false,2024-06-29,,
LEAD002263,Casey,Kaplan,casey.kaplan2263@realtyco.com,Meridian Group,Organic Search,Nurturing,true,2023-06-08,,
LEAD002264,Marcus,Nakamura,marcus.nakamura2264@compass.com,Harbor Group,Conference,Qualified,true,2023-06-15,ACC00079,2023-07-03
LEAD002265,Theo,Moreau,theo.moreau2265@compass.com,Ridgeline Group,Partner,Nurturing,false,2023-09-09,,
LEAD002266,Marcus,Nakamura,marcus.nakamura2266@outlook.com,Lakeshore Properties,Social,Working,false,2026-04-16,,
LEAD002267,Theo,Bautista,theo.bautista2267@gmail.com,Lakeshore Properties,Cold Outreach,Nurturing,false,2025-10-12,,
LEAD002268,Jordan,Rinaldi,jordan.rinaldi2268@outlook.com,Blackwood Partners,Organic Search,Qualified,false,2024-10-09,,
LEAD002269,Quinn,Bergstrom,quinn.bergstrom2269@realtyco.com,Stonebridge Properties,Cold Outreach,Qualified,false,2023-04-10,ACC00674,2023-04-29
LEAD002270,Avery,Bautista,avery.bautista2270@outlook.com,Stonebridge Partners,Referral,Disqualified,false,2023-07-07,,
LEAD002271,Sasha,Petrova,sasha.petrova2271@gmail.com,Blackwood & Co.,Conference,New,false,2023-12-11,,
LEAD002272,Tessa,Whitfield,tessa.whitfield2272@gmail.com,Stonebridge Realty,Partner,Nurturing,true,2025-05-21,,
LEAD002273,Theo,Osei,theo.osei2273@outlook.com,Harbor Real Estate,Social,Nurturing,false,2024-05-11,,
LEAD002274,Theo,Okonkwo,theo.okonkwo2274@realtyco.com,Beacon Realty,,New,false,2025-03-01,,
LEAD002275,Devin,Whitfield,devin.whitfield2275@outlook.com,Harbor Partners,Organic Search,New,false,2023-07-29,,
LEAD002276,Jordan,Whitfield,jordan.whitfield2276@compass.com,Cypress Partners,Paid Search,New,false,2024-06-04,,
LEAD002277,Owen,Bergstrom,owen.bergstrom2277@realtyco.com,Stonebridge & Co.,organic search,Disqualified,false,2023-10-01,,
LEAD002278,Theo,Kearney,theo.kearney2278@kw.com,Meridian Real Estate,Referral,Nurturing,false,2024-08-27,,
LEAD002279,Julian,Bautista,julian.bautista2279@gmail.com,Blackwood Realty,,New,false,2024-06-19,,
LEAD002280,Elena,Ahmed,elena.ahmed2280@outlook.com,Cornerstone & Co.,Conference,Qualified,false,2023-10-07,ACC00652,2023-11-10
LEAD002281,Tessa,Kaplan,tessa.kaplan2281@compass.com,Stonebridge Real Estate,Cold Outreach,Qualified,true,2024-12-25,,
LEAD002282,Priya,Halvorsen,priya.halvorsen2282@compass.com,Cypress Properties,Webinar,Disqualified,false,2025-06-13,,
LEAD002283,Bianca,Bergstrom,bianca.bergstrom2283@kw.com,Foxglove Real Estate,Cold Outreach,Nurturing,true,2023-02-28,,
LEAD002284,Skyler,Petrova,skyler.petrova2284@gmail.com,Summit Group,,Working,true,2025-06-27,,
LEAD002285,Theo,Ahmed,theo.ahmed2285@outlook.com,Lakeshore Partners,Organic Search,Qualified,false,2026-01-01,ACC00189,2026-01-07
LEAD002286,Casey,Bautista,casey.bautista2286@kw.com,Stonebridge Realty,Partner,Disqualified,false,2024-12-29,,
LEAD002287,Theo,Osei,theo.osei2287@kw.com,Summit Partners,Cold Outreach,Nurturing,true,2024-03-09,,
LEAD002288,Riley,Nakamura,riley.nakamura2288@outlook.com,Ironwood Group,Paid Search,Working,false,2023-06-28,,
LEAD002289,Marcus,Moreau,marcus.moreau2289@compass.com,Blackwood Realty,Paid Search,Working,true,2025-12-14,,
LEAD002290,Theo,Bergstrom,theo.bergstrom2290@realtyco.com,Foxglove Properties,Partner,Working,true,2024-10-20,,
LEAD002291,Julian,Vasquez,julian.vasquez2291@realtyco.com,Lakeshore Partners,Social,Working,false,2023-03-19,,
LEAD002292,Camille,Ahmed,camille.ahmed2292@outlook.com,Lakeshore & Co.,Cold Outreach,Qualified,true,2026-02-21,ACC00578,2026-03-06
LEAD002293,Marcus,Osei,marcus.osei2293@outlook.com,Ridgeline Partners,Paid Search,Working,true,2025-07-26,,
LEAD002294,Naomi,Nakamura,naomi.nakamura2294@compass.com,Ironwood Partners,Partner,New,false,2024-07-14,,
LEAD002295,Elena,Okonkwo,elena.okonkwo2295@gmail.com,Beacon Realty,Paid Search,Working,true,2023-10-19,,
LEAD002296,Elena,Kaplan,elena.kaplan2296@realtyco.com,Beacon Group,Organic Search,Working,true,2024-12-02,,
LEAD002297,Maya,Kearney,maya.kearney2297@kw.com,Ironwood & Co.,Organic Search,Disqualified,false,2024-11-28,,
LEAD002298,Rowan,Vasquez,rowan.vasquez2298@kw.com,Stonebridge Properties,Conference,Working,true,2023-11-26,,
LEAD002299,Jordan,Bautista,jordan.bautista2299@kw.com,Harbor Realty,,Qualified,true,2024-12-26,ACC00508,2025-02-23
LEAD002300,Camille,Bautista,camille.bautista2300@kw.com,Lakeshore Real Estate,Webinar,Nurturing,false,2025-10-12,,
LEAD002301,Skyler,Delgado,skyler.delgado2301@kw.com,Harbor Partners,Paid Search,Nurturing,true,2025-11-05,,
LEAD002302,Rowan,Delgado,rowan.delgado2302@compass.com,Foxglove Group,Paid Search,Working,true,2024-04-18,,
LEAD002303,Naomi,Osei,naomi.osei2303@gmail.com,Cornerstone Partners,Referral,Disqualified,false,2023-04-22,,
LEAD002304,Sasha,Kearney,sasha.kearney2304@kw.com,Stonebridge & Co.,referral,Disqualified,false,2023-04-09,,
LEAD002305,Tessa,Halvorsen,tessa.halvorsen2305@kw.com,Blackwood Group,Social,Qualified,true,2025-07-26,ACC00548,2025-08-27
LEAD002306,Priya,Okonkwo,priya.okonkwo2306@compass.com,Lakeshore & Co.,Conference,Nurturing,true,2024-03-02,,
LEAD002307,Devin,Moreau,devin.moreau2307@realtyco.com,Cornerstone Properties,Paid Search,Nurturing,false,2023-08-09,,
LEAD002308,Sasha,Castellanos,sasha.castellanos2308@gmail.com,Cornerstone Group,Webinar,Disqualified,false,2024-01-29,,
LEAD002309,Grant,Kaplan,grant.kaplan2309@kw.com,Blackwood Realty,Cold Outreach,Qualified,true,2024-09-29,ACC00540,2024-10-11
LEAD002310,Tessa,Whitfield,tessa.whitfield2310@gmail.com,Stonebridge Group,Social,New,false,2025-02-28,,
LEAD002311,Marcus,Bautista,marcus.bautista2311@kw.com,Blackwood Real Estate,Partner,Disqualified,false,2025-09-04,,
LEAD002312,Rowan,Ahmed,rowan.ahmed2312@gmail.com,Ridgeline Real Estate,Social,Qualified,true,2023-10-06,ACC00064,2023-10-24
LEAD002313,Tessa,Vasquez,tessa.vasquez2313@realtyco.com,Cypress Real Estate,Referral,New,false,2025-09-05,,
LEAD002314,Skyler,Rinaldi,skyler.rinaldi2314@compass.com,Cypress Real Estate,Organic Search,Nurturing,false,2025-08-04,,
LEAD002315,Bianca,Lindqvist,bianca.lindqvist2315@realtyco.com,Meridian Real Estate,Cold Outreach,Working,true,2026-05-20,,
LEAD002316,Maya,Ahmed,maya.ahmed2316@realtyco.com,Ironwood Group,Partner,Working,false,2024-10-04,,
LEAD002317,Casey,Bergstrom,casey.bergstrom2317@realtyco.com,Ridgeline Group,,New,false,2026-04-11,,
LEAD002318,Casey,Bautista,casey.bautista2318@kw.com,Summit Realty,Social,Working,true,2025-02-08,,
LEAD002319,Camille,Halvorsen,camille.halvorsen2319@realtyco.com,Ironwood Partners,Cold Outreach,New,false,2026-05-11,,
LEAD002320,Jordan,Bergstrom,jordan.bergstrom2320@outlook.com,Cypress & Co.,Social,Qualified,true,2025-05-17,ACC00625,2025-05-22
LEAD002321,Maya,Lindqvist,maya.lindqvist2321@kw.com,Cornerstone Group,Social,Qualified,false,2023-06-07,,
LEAD002322,Tessa,Okonkwo,tessa.okonkwo2322@kw.com,Meridian Real Estate,Organic Search,Working,true,2024-05-23,,
LEAD002323,Grant,Kaplan,grant.kaplan2323@outlook.com,Beacon Group,Conference,Working,true,2025-02-28,,
LEAD002324,Quinn,Bautista,quinn.bautista2324@compass.com,Lakeshore Realty,Referral,Nurturing,false,2024-02-17,,
LEAD002325,Grant,Okonkwo,grant.okonkwo2325@realtyco.com,Lakeshore & Co.,Partner,Nurturing,true,2025-05-16,,
LEAD002326,Maya,Vasquez,maya.vasquez2326@kw.com,Ironwood Real Estate,Partner,New,false,2025-01-17,,
LEAD002327,Bianca,Lindqvist,bianca.lindqvist2327@gmail.com,Lakeshore Real Estate,Webinar,Qualified,false,2023-03-30,ACC00735,2023-04-28
LEAD002328,Priya,Moreau,priya.moreau2328@kw.com,Cornerstone Properties,organic search,Nurturing,true,2025-04-26,,
LEAD002329,Devin,Kaplan,devin.kaplan2329@outlook.com,Harbor Properties,Referral,New,false,2025-11-12,,
LEAD002330,Naomi,Osei,naomi.osei2330@compass.com,Stonebridge Partners,Social,Disqualified,false,2026-03-08,,
LEAD002331,Bianca,Halvorsen,bianca.halvorsen2331@compass.com,Foxglove Real Estate,Conference,Nurturing,false,2026-02-07,,
LEAD002332,Felix,Delgado,felix.delgado2332@outlook.com,Beacon & Co.,Partner,New,false,2023-06-24,,
LEAD002333,Jordan,Ahmed,jordan.ahmed2333@realtyco.com,Meridian & Co.,Partner,Qualified,true,2024-02-24,ACC00535,2024-04-15
LEAD002334,Elena,Castellanos,elena.castellanos2334@compass.com,Stonebridge Realty,Paid Search,Working,true,2024-04-26,,
LEAD002335,Noel,Delgado,noel.delgado2335@kw.com,Foxglove & Co.,Organic Search,Working,true,2023-08-10,,
LEAD002336,Owen,Thornton,owen.thornton2336@outlook.com,Ridgeline Properties,Webinar,New,false,2024-12-09,,
LEAD002337,Avery,Osei,avery.osei2337@realtyco.com,Beacon Partners,Cold Outreach,New,false,2024-01-22,,
LEAD002338,Devin,Petrova,devin.petrova2338@gmail.com,Stonebridge Realty,Referral,Qualified,true,2024-08-15,ACC00583,2024-09-06
LEAD002339,Felix,Nakamura,felix.nakamura2339@outlook.com,Stonebridge Partners,,Qualified,true,2025-08-18,ACC00138,2025-09-23
LEAD002340,Maya,Petrova,maya.petrova2340@kw.com,Harbor Realty,Cold Outreach,Qualified,true,2024-02-28,,
LEAD002341,Maya,Castellanos,maya.castellanos2341@kw.com,Foxglove & Co.,Webinar,Nurturing,false,2023-01-27,,
LEAD002342,Priya,Bautista,priya.bautista2342@gmail.com,Stonebridge Realty,Referral,New,false,2025-04-25,,
LEAD002343,Morgan,Nakamura,morgan.nakamura2343@outlook.com,Foxglove Partners,Organic Search,New,false,2025-10-26,,
LEAD002344,Tessa,Petrova,tessa.petrova2344@outlook.com,Cypress Realty,Webinar,Qualified,false,2025-03-16,ACC00052,2025-04-18
LEAD002345,Quinn,Osei,quinn.osei2345@kw.com,Meridian Realty,Conference,New,false,2024-10-30,,
LEAD002346,Maya,Nakamura,maya.nakamura2346@outlook.com,Beacon Group,Conference,New,false,2026-05-16,,
LEAD002347,Skyler,Thornton,skyler.thornton2347@realtyco.com,Ridgeline & Co.,Organic Search,Working,true,2024-02-10,,
LEAD002348,Maya,Vasquez,maya.vasquez2348@realtyco.com,Summit & Co.,Social,Nurturing,true,2025-04-29,,
LEAD002349,Devin,Petrova,devin.petrova2349@gmail.com,Ridgeline & Co.,Social,Working,false,2025-10-23,,
LEAD002350,Noel,Vasquez,noel.vasquez2350@compass.com,Harbor Real Estate,Conference,Qualified,true,2023-11-07,,
LEAD002351,Felix,Bautista,felix.bautista2351@gmail.com,Blackwood Real Estate,Referral,New,false,2024-05-02,,
LEAD002352,Julian,Rinaldi,julian.rinaldi2352@kw.com,Stonebridge Realty,Partner,New,false,2025-10-14,,
LEAD002353,Tessa,Thornton,tessa.thornton2353@outlook.com,Ridgeline & Co.,Partner,New,false,2025-06-21,,
LEAD002354,Noel,Moreau,noel.moreau2354@gmail.com,Ridgeline Real Estate,Cold Outreach,Qualified,true,2026-03-08,ACC00589,2026-05-02
LEAD002355,Elena,Lindqvist,elena.lindqvist2355@kw.com,Ironwood Partners,Conference,Working,true,2024-01-24,,
LEAD002356,Rowan,Kearney,rowan.kearney2356@gmail.com,Stonebridge Real Estate,Partner,Working,false,2026-01-02,,
LEAD002357,Maya,Thornton,maya.thornton2357@outlook.com,Meridian & Co.,Cold Outreach,Qualified,false,2026-05-02,ACC00486,2026-05-14
LEAD002358,Felix,Thornton,felix.thornton2358@gmail.com,Meridian Group,Webinar,New,false,2026-04-25,,
LEAD002359,Riley,Castellanos,riley.castellanos2359@compass.com,Beacon Real Estate,Paid Search ,Qualified,true,2025-07-30,ACC00040,2025-09-16
LEAD002360,Julian,Castellanos,julian.castellanos2360@outlook.com,Cypress Real Estate,,Qualified,true,2023-01-02,ACC00365,2023-02-14
LEAD002361,Riley,Nakamura,riley.nakamura2361@outlook.com,Beacon Properties,Partner,Nurturing,false,2023-01-24,,
LEAD002362,Skyler,Rinaldi,skyler.rinaldi2362@kw.com,Lakeshore Partners,Conference,Nurturing,true,2024-04-02,,
LEAD002363,Julian,Moreau,julian.moreau2363@realtyco.com,Cornerstone Real Estate,Paid Search,Working,true,2026-04-01,,
LEAD002364,Camille,Okonkwo,camille.okonkwo2364@compass.com,Cornerstone Realty,Conference,Working,true,2024-10-12,,
LEAD002365,Felix,Whitfield,felix.whitfield2365@compass.com,Foxglove Real Estate,Cold Outreach,Working,true,2026-04-24,,
LEAD002366,Rowan,Okonkwo,rowan.okonkwo2366@outlook.com,Lakeshore Properties,Partner,New,false,2024-12-25,,
LEAD002367,Morgan,Castellanos,morgan.castellanos2367@realtyco.com,Beacon Real Estate,Referral,New,false,2026-04-22,,
LEAD002368,Jordan,Okonkwo,jordan.okonkwo2368@gmail.com,Blackwood Partners,Cold Outreach,Working,true,2026-02-28,,
LEAD002369,Priya,Rinaldi,priya.rinaldi2369@gmail.com,Summit Partners,,Disqualified,false,2023-01-27,,
LEAD002370,Skyler,Bautista,skyler.bautista2370@outlook.com,Foxglove Group,Cold Outreach,Working,false,2025-11-03,,
LEAD002371,Marcus,Bergstrom,marcus.bergstrom2371@realtyco.com,Harbor Properties,Webinar,Qualified,true,2025-04-03,ACC00309,2025-05-14
LEAD002372,Owen,Vasquez,owen.vasquez2372@outlook.com,Harbor Properties,Partner,Nurturing,false,2026-03-24,,
LEAD002373,Devin,Lindqvist,devin.lindqvist2373@gmail.com,Harbor Real Estate,Conference,Qualified,false,2023-09-15,ACC00101,2023-09-22
LEAD002374,Skyler,Thornton,skyler.thornton2374@realtyco.com,Ridgeline & Co.,Conference,New,false,2026-05-16,,
LEAD002375,Bianca,Lindqvist,bianca.lindqvist2375@gmail.com,Stonebridge & Co.,Referral,Qualified,true,2023-05-10,,
LEAD002376,Casey,Bergstrom,casey.bergstrom2376@kw.com,Ironwood Realty,Social,Disqualified,false,2026-02-16,,
LEAD002377,Naomi,Petrova,naomi.petrova2377@realtyco.com,Summit & Co.,Cold Outreach,Qualified,true,2023-12-05,,
LEAD002378,Theo,Halvorsen,theo.halvorsen2378@outlook.com,Summit Real Estate,Webinar,Working,true,2026-01-31,,
LEAD002379,Skyler,Osei,skyler.osei2379@compass.com,Foxglove Partners,Referral,New,false,2024-05-04,,
LEAD002380,Maya,Whitfield,maya.whitfield2380@outlook.com,Summit Partners,Partner,Working,true,2024-01-05,,
LEAD002381,Marcus,Kearney,marcus.kearney2381@gmail.com,Harbor Partners,Cold Outreach,Working,true,2023-06-13,,
LEAD002382,Jordan,Vasquez,jordan.vasquez2382@gmail.com,Meridian Properties,Social,Working,false,2025-06-15,,
LEAD002383,Grant,Kearney,grant.kearney2383@outlook.com,Cypress Partners,Referral,New,false,2026-02-05,,
LEAD002384,Priya,Rinaldi,priya.rinaldi2384@outlook.com,Foxglove Realty,Paid Search,Disqualified,false,2024-07-06,,
LEAD002385,Skyler,Osei,skyler.osei2385@gmail.com,Meridian & Co.,Partner,Nurturing,true,2023-01-27,,
LEAD002386,Theo,Halvorsen,theo.halvorsen2386@kw.com,Blackwood Real Estate,Partner,Qualified,false,2023-12-25,ACC00557,2024-01-09
LEAD002387,Camille,Ahmed,camille.ahmed2387@realtyco.com,Ridgeline Group,Organic Search,Working,true,2025-01-14,,
LEAD002388,Marcus,Lindqvist,marcus.lindqvist2388@compass.com,Summit & Co.,Referral,Qualified,true,2025-11-27,ACC00009,2026-01-07
LEAD002389,Owen,Thornton,owen.thornton2389@outlook.com,Cornerstone Real Estate,Organic Search,Working,false,2023-08-02,,
LEAD002390,Riley,Vasquez,riley.vasquez2390@gmail.com,Foxglove Group,Partner,Working,true,2025-07-30,,
LEAD002391,Tessa,Kearney,tessa.kearney2391@gmail.com,Meridian Properties,Webinar,New,false,2023-01-19,,
LEAD002392,Elena,Osei,elena.osei2392@kw.com,Summit Properties,Paid Search,Nurturing,false,2024-10-24,,
LEAD002393,Marcus,Thornton,marcus.thornton2393@compass.com,Ridgeline Properties,Webinar,Qualified,true,2025-02-10,,
LEAD002394,Devin,Castellanos,devin.castellanos2394@realtyco.com,Lakeshore & Co.,Cold Outreach,Working,true,2024-07-25,,
LEAD002395,Owen,Castellanos,owen.castellanos2395@outlook.com,Ridgeline Group,Webinar,New,false,2025-04-04,,
LEAD002396,Grant,Castellanos,grant.castellanos2396@compass.com,Foxglove Partners,Organic Search,Qualified,true,2025-08-08,ACC00760,2025-08-21
LEAD002397,Julian,Ahmed,julian.ahmed2397@outlook.com,Foxglove Partners,Partner,New,false,2025-09-12,,
LEAD002398,Avery,Delgado,avery.delgado2398@compass.com,Beacon & Co.,Cold Outreach,Working,true,2026-02-13,,
LEAD002399,Owen,Moreau,owen.moreau2399@compass.com,Blackwood Realty,Webinar,Qualified,false,2026-03-14,ACC00660,2026-05-02
LEAD002400,Maya,Nakamura,maya.nakamura2400@kw.com,Ridgeline Group,Referral,Qualified,true,2024-04-01,,
LEAD002401,Bianca,Ahmed,bianca.ahmed2401@gmail.com,Cypress Real Estate,Cold Outreach,Working,true,2023-07-14,,
LEAD002402,Sasha,Bautista,sasha.bautista2402@outlook.com,Summit Properties,organic search,Working,false,2024-05-04,,
LEAD002403,Quinn,Bautista,quinn.bautista2403@realtyco.com,Meridian Realty,Partner,Working,true,2023-11-05,,
LEAD002404,Julian,Kearney,julian.kearney2404@compass.com,Meridian & Co.,Cold Outreach,Working,true,2025-02-17,,
LEAD002405,Casey,Kaplan,casey.kaplan2405@kw.com,Ridgeline Real Estate,Referral,New,false,2024-02-03,,
LEAD002406,Tessa,Kearney,tessa.kearney2406@gmail.com,Foxglove & Co.,Partner,Qualified,true,2024-10-04,ACC00459,2024-10-31
LEAD002407,Sasha,Nakamura,sasha.nakamura2407@outlook.com,Cypress Real Estate,Paid Search,Nurturing,false,2024-03-07,,
LEAD002408,Naomi,Lindqvist,naomi.lindqvist2408@kw.com,Cornerstone Properties,Social,Qualified,true,2025-03-20,ACC00217,2025-03-27
LEAD002409,Sasha,Lindqvist,sasha.lindqvist2409@outlook.com,Cypress Realty,Paid Search,Working,true,2025-03-04,,
LEAD002410,Skyler,Petrova,skyler.petrova2410@compass.com,Harbor & Co.,Paid Search,Qualified,true,2024-09-30,ACC00241,2024-10-21
LEAD002411,Rowan,Ahmed,rowan.ahmed2411@gmail.com,Ironwood Partners,PAID SEARCH,Disqualified,false,2024-03-31,,
LEAD002412,Rowan,Petrova,rowan.petrova2412@realtyco.com,Lakeshore Group,Referral,Nurturing,true,2025-06-02,,
LEAD002413,Avery,Kearney,avery.kearney2413@kw.com,Ridgeline Properties,Social,Disqualified,false,2024-11-09,,
LEAD002414,Bianca,Thornton,bianca.thornton2414@gmail.com,Summit Partners,Organic Search,Nurturing,false,2023-06-05,,
LEAD002415,Tessa,Okonkwo,tessa.okonkwo2415@compass.com,Summit & Co.,Referral,Working,true,2023-05-04,,
LEAD002416,Elena,Vasquez,elena.vasquez2416@outlook.com,Blackwood Group,Organic Search,Disqualified,false,2024-02-13,,
LEAD002417,Riley,Whitfield,riley.whitfield2417@realtyco.com,Lakeshore Partners,Partner,Nurturing,false,2025-05-02,,
LEAD002418,Rowan,Castellanos,rowan.castellanos2418@realtyco.com,Ridgeline Properties,Partner,Qualified,false,2023-06-05,,
LEAD002419,Bianca,Delgado,bianca.delgado2419@gmail.com,Foxglove Realty,Conference,Qualified,false,2024-12-10,ACC00691,2024-12-17
LEAD002420,Quinn,Bautista,quinn.bautista2420@realtyco.com,Foxglove & Co.,Paid Search,New,false,2025-02-06,,
LEAD002421,Avery,Osei,avery.osei2421@outlook.com,Cornerstone & Co.,Social,Nurturing,true,2025-06-07,,
LEAD002422,Morgan,Halvorsen,morgan.halvorsen2422@gmail.com,Ridgeline Real Estate,Conference,Qualified,false,2023-06-15,ACC00561,2023-08-04
LEAD002423,Sasha,Nakamura,sasha.nakamura2423@compass.com,Harbor Group,Referral,New,false,2024-08-22,,
LEAD002424,Naomi,Nakamura,naomi.nakamura2424@compass.com,Summit Realty,Cold Outreach,Qualified,false,2023-04-08,,
LEAD002425,Quinn,Osei,quinn.osei2425@realtyco.com,Summit Partners,Partner,Disqualified,false,2026-05-28,,
LEAD002426,Felix,Bergstrom,felix.bergstrom2426@outlook.com,Meridian Group,Conference,Nurturing,true,2023-10-06,,
LEAD002427,Rowan,Nakamura,rowan.nakamura2427@kw.com,Ridgeline Properties,Paid Search,Working,true,2025-01-18,,
LEAD002428,Owen,Lindqvist,owen.lindqvist2428@outlook.com,Beacon & Co.,Paid Search,Disqualified,false,2024-08-28,,
LEAD002429,Noel,Thornton,noel.thornton2429@outlook.com,Stonebridge Real Estate,Webinar,Nurturing,false,2024-06-10,,
LEAD002430,Felix,Bautista,felix.bautista2430@kw.com,Foxglove Group,Webinar,New,false,2023-02-09,,
LEAD002431,Morgan,Lindqvist,morgan.lindqvist2431@compass.com,Lakeshore Realty,Partner,Qualified,true,2026-02-13,ACC00091,2026-02-18
LEAD002432,Jordan,Ahmed,jordan.ahmed2432@gmail.com,Lakeshore Realty,Social,Working,true,2025-11-12,,
LEAD002433,Skyler,Rinaldi,skyler.rinaldi2433@realtyco.com,Blackwood Partners,Referral,Nurturing,true,2025-09-26,,
LEAD002434,Rowan,Moreau,rowan.moreau2434@gmail.com,Summit Properties,Social,Disqualified,false,2023-05-27,,
LEAD002435,Maya,Ahmed,maya.ahmed2435@realtyco.com,Cypress Partners,Partner,Disqualified,false,2024-12-31,,
LEAD002436,Priya,Halvorsen,priya.halvorsen2436@kw.com,Ironwood Partners,Social,Working,false,2024-03-02,,
LEAD002437,Julian,Castellanos,julian.castellanos2437@realtyco.com,Beacon Group,Partner,New,false,2024-03-24,,
LEAD002438,Morgan,Castellanos,morgan.castellanos2438@outlook.com,Cypress & Co.,Organic Search,Nurturing,true,2023-01-14,,
LEAD002439,Casey,Kearney,casey.kearney2439@outlook.com,Lakeshore Realty,,New,false,2026-04-14,,
LEAD002440,Noel,Whitfield,noel.whitfield2440@realtyco.com,Ridgeline & Co.,Partner,Qualified,false,2023-10-08,ACC00380,2023-11-08
LEAD002441,Tessa,Kearney,tessa.kearney2441@kw.com,Beacon Real Estate,Paid Search,Working,true,2024-08-16,,
LEAD002442,Priya,Castellanos,priya.castellanos2442@realtyco.com,Ridgeline Real Estate,Organic Search,Working,false,2024-06-19,,
LEAD002443,Owen,Bergstrom,owen.bergstrom2443@realtyco.com,Cornerstone Real Estate,,Disqualified,false,2026-06-09,,
LEAD002444,Devin,Castellanos,devin.castellanos2444@outlook.com,Meridian Real Estate,Paid Search,Working,false,2025-03-24,,
LEAD002445,Rowan,Lindqvist,rowan.lindqvist2445@realtyco.com,Beacon Group,Organic Search,Nurturing,true,2023-03-03,,
LEAD002446,Camille,Delgado,camille.delgado2446@gmail.com,Meridian Partners,,Qualified,true,2025-07-09,,
LEAD002447,Riley,Lindqvist,riley.lindqvist2447@kw.com,Beacon Properties,Partner,Working,true,2025-01-16,,
LEAD002448,Morgan,Okonkwo,morgan.okonkwo2448@kw.com,Cypress & Co.,,Nurturing,true,2024-02-15,,
LEAD002449,Jordan,Bautista,jordan.bautista2449@realtyco.com,Ironwood Real Estate,Conference,Qualified,true,2023-02-11,ACC00801,2023-04-11
LEAD002450,Skyler,Okonkwo,skyler.okonkwo2450@compass.com,Beacon & Co.,Referral,Nurturing,true,2025-08-28,,
LEAD002451,Riley,Osei,riley.osei2451@kw.com,Cornerstone Group,Organic Search,New,false,2026-03-26,,
LEAD002452,Riley,Moreau,riley.moreau2452@compass.com,Stonebridge Partners,Conference,Working,true,2023-03-07,,
LEAD002453,Morgan,Castellanos,morgan.castellanos2453@compass.com,Ridgeline Real Estate,Cold Outreach,Qualified,false,2025-02-27,ACC00484,2025-03-06
LEAD002454,Quinn,Halvorsen,quinn.halvorsen2454@compass.com,Foxglove Real Estate,Cold Outreach,New,false,2026-02-25,,
LEAD002455,Riley,Petrova,riley.petrova2455@realtyco.com,Lakeshore Properties,Conference,Qualified,true,2023-02-22,ACC00696,2023-04-01
LEAD002456,Rowan,Okonkwo,rowan.okonkwo2456@gmail.com,Cypress Group,Webinar,Working,true,2024-07-23,,
LEAD002457,Noel,Halvorsen,noel.halvorsen2457@compass.com,Blackwood Group,Social,Working,true,2023-02-14,,
LEAD002458,Morgan,Ahmed,morgan.ahmed2458@kw.com,Lakeshore Partners,,Qualified,true,2024-09-17,ACC00823,2024-11-09
LEAD002459,Rowan,Moreau,rowan.moreau2459@kw.com,Ridgeline Real Estate,Partner,Qualified,true,2023-04-15,ACC00336,2023-05-26
LEAD002460,Felix,Nakamura,felix.nakamura2460@kw.com,Cornerstone & Co.,Cold Outreach,Working,true,2023-12-28,,
LEAD002461,Bianca,Halvorsen,bianca.halvorsen2461@kw.com,Stonebridge Properties,Referral,Qualified,false,2026-03-25,ACC00294,2026-05-05
LEAD002462,Tessa,Vasquez,tessa.vasquez2462@kw.com,Cypress & Co.,Social,Working,false,2024-07-18,,
LEAD002463,Grant,Bergstrom,grant.bergstrom2463@compass.com,Stonebridge & Co.,Organic Search,Working,true,2025-09-18,,
LEAD002464,Naomi,Okonkwo,naomi.okonkwo2464@outlook.com,Stonebridge Partners,Social,Nurturing,true,2025-05-30,,
LEAD002465,Naomi,Moreau,naomi.moreau2465@realtyco.com,Ironwood Realty,Conference,Qualified,true,2025-08-31,ACC00027,2025-09-13
LEAD002466,Morgan,Delgado,morgan.delgado2466@kw.com,Summit Partners,Partner,Qualified,true,2023-07-23,ACC00318,2023-08-04
LEAD002467,Casey,Rinaldi,casey.rinaldi2467@realtyco.com,Summit Partners,Social,Working,false,2026-03-24,,
LEAD002468,Marcus,Nakamura,marcus.nakamura2468@realtyco.com,Cornerstone Real Estate,Referral,New,false,2025-07-28,,
LEAD002469,Sasha,Moreau,sasha.moreau2469@outlook.com,Beacon Realty,Partner,New,false,2025-09-24,,
LEAD002470,Casey,Thornton,casey.thornton2470@outlook.com,Meridian Realty,Webinar,Working,true,2024-09-30,,
LEAD002471,Marcus,Osei,marcus.osei2471@realtyco.com,Ironwood Partners,Social,Working,false,2024-07-12,,
LEAD002472,Owen,Nakamura,owen.nakamura2472@gmail.com,Lakeshore & Co.,Webinar,New,false,2023-04-02,,
LEAD002473,Maya,Thornton,maya.thornton2473@compass.com,Beacon Properties, Referral,New,false,2023-03-09,,
LEAD002474,Riley,Castellanos,riley.castellanos2474@kw.com,Ironwood Group,Paid Search,Working,true,2023-11-13,,
LEAD002475,Avery,Vasquez,avery.vasquez2475@compass.com,Blackwood Properties,Referral,Qualified,true,2024-04-24,ACC00511,2024-05-23
LEAD002476,Maya,Nakamura,maya.nakamura2476@gmail.com,Lakeshore Real Estate,Partner,Nurturing,false,2025-10-22,,
LEAD002477,Rowan,Bautista,rowan.bautista2477@outlook.com,Ironwood Partners,Cold Outreach,New,false,2023-03-07,,
LEAD002478,Sasha,Kearney,sasha.kearney2478@realtyco.com,Harbor Realty,Conference,Qualified,true,2025-02-27,ACC00806,2025-03-09
LEAD002479,Felix,Thornton,felix.thornton2479@outlook.com,Meridian Group,,Disqualified,false,2025-01-18,,
LEAD002480,Jordan,Kearney,jordan.kearney2480@gmail.com,Ridgeline Properties,Social,Working,true,2025-03-27,,
LEAD002481,Grant,Kearney,grant.kearney2481@realtyco.com,Cypress Partners,Partner,Disqualified,false,2026-04-21,,
LEAD002482,Theo,Castellanos,theo.castellanos2482@kw.com,Foxglove Properties,Webinar,New,false,2025-03-28,,
LEAD002483,Priya,Thornton,priya.thornton2483@kw.com,Stonebridge Group,Cold Outreach,Qualified,true,2023-05-09,,
LEAD002484,Bianca,Delgado,bianca.delgado2484@outlook.com,Beacon Properties,Conference,New,false,2025-08-30,,
LEAD002485,Elena,Ahmed,elena.ahmed2485@outlook.com,Harbor Properties,Paid Search,Nurturing,false,2024-11-15,,
LEAD002486,Tessa,Kaplan,tessa.kaplan2486@outlook.com,Stonebridge Partners,Conference,New,false,2025-03-23,,
LEAD002487,Priya,Bergstrom,priya.bergstrom2487@kw.com,Summit & Co.,Referral,Working,false,2023-11-06,,
LEAD002488,Morgan,Whitfield,morgan.whitfield2488@compass.com,Stonebridge Partners,Conference,New,false,2023-08-08,,
LEAD002489,Riley,Kearney,riley.kearney2489@realtyco.com,Cornerstone Partners,,Qualified,false,2026-01-01,ACC00119,2026-02-15
LEAD002490,Marcus,Kearney,marcus.kearney2490@compass.com,Cornerstone Realty,Referral,Nurturing,false,2023-09-02,,
LEAD002491,Owen,Whitfield,owen.whitfield2491@gmail.com,Cypress Realty,Paid Search,Disqualified,false,2024-10-24,,
LEAD002492,Elena,Whitfield,elena.whitfield2492@compass.com,Stonebridge Realty,Webinar,Qualified,false,2024-01-30,ACC00035,2024-02-04
LEAD002493,Jordan,Vasquez,jordan.vasquez2493@kw.com,Meridian Real Estate,Webinar,Qualified,true,2025-02-10,,
LEAD002494,Quinn,Moreau,quinn.moreau2494@kw.com,Summit Properties,Organic Search,Nurturing,false,2024-04-28,,
LEAD002495,Riley,Nakamura,riley.nakamura2495@outlook.com,Cypress Realty,Partner,Qualified,true,2024-08-18,,
LEAD002496,Grant,Thornton,grant.thornton2496@kw.com,Blackwood Real Estate,Webinar,New,false,2026-03-05,,
LEAD002497,Owen,Kearney,owen.kearney2497@compass.com,Ridgeline Realty,Cold Outreach,Qualified,true,2024-06-23,ACC00671,2024-08-20
LEAD002498,Riley,Ahmed,riley.ahmed2498@gmail.com,Ironwood Partners,Cold Outreach,Qualified,true,2025-06-05,ACC00086,2025-08-04
LEAD002499,Owen,Moreau,owen.moreau2499@gmail.com,Blackwood Properties,Paid Search,Working,false,2024-03-08,,
LEAD002500,Bianca,Petrova,bianca.petrova2500@outlook.com,Stonebridge & Co.,Organic Search,Nurturing,false,2024-08-18,,
LEAD002501,Priya,Delgado,priya.delgado2501@compass.com,Beacon Partners,referral,Disqualified,false,2023-09-24,,
LEAD002502,Elena,Moreau,elena.moreau2502@compass.com,Lakeshore Group,Partner,New,false,2024-01-17,,
LEAD002503,Camille,Ahmed,camille.ahmed2503@compass.com,Cornerstone Real Estate,Partner,Qualified,true,2024-10-18,ACC00160,2024-12-14
LEAD002504,Jordan,Bautista,jordan.bautista2504@kw.com,Cypress Real Estate,Cold Outreach,Qualified,true,2024-03-25,ACC00640,2024-04-06
LEAD002505,Sasha,Bautista,sasha.bautista2505@realtyco.com,Ironwood Real Estate,,Nurturing,true,2023-09-13,,
LEAD002506,Devin,Osei,devin.osei2506@outlook.com,Ironwood Real Estate,Social,New,false,2023-10-18,,
LEAD002507,Rowan,Kaplan,rowan.kaplan2507@gmail.com,Cypress Properties,Social,Disqualified,false,2023-12-23,,
LEAD002508,Theo,Thornton,theo.thornton2508@gmail.com,Ridgeline Properties,Social,Qualified,false,2024-11-25,,
LEAD002509,Avery,Kaplan,avery.kaplan2509@kw.com,Ridgeline Real Estate,Social,Disqualified,false,2025-07-19,,
LEAD002510,Marcus,Thornton,marcus.thornton2510@realtyco.com,Beacon Properties,Referral,Nurturing,false,2023-02-06,,
LEAD002511,Grant,Delgado,grant.delgado2511@outlook.com,Meridian Realty,Organic Search,Working,true,2024-07-22,,
LEAD002512,Skyler,Nakamura,skyler.nakamura2512@compass.com,Foxglove Realty,Organic Search,Qualified,false,2024-05-03,ACC00118,2024-06-04
LEAD002513,Tessa,Halvorsen,tessa.halvorsen2513@gmail.com,Harbor & Co.,Social,Qualified,false,2024-06-10,,
LEAD002514,Marcus,Whitfield,marcus.whitfield2514@kw.com,Cypress Properties,Webinar,Working,true,2026-02-03,,
LEAD002515,Riley,Kearney,riley.kearney2515@outlook.com,Cornerstone & Co.,Social,Qualified,false,2025-07-04,,
LEAD002516,Casey,Castellanos,casey.castellanos2516@outlook.com,Ridgeline Group,Webinar,Disqualified,false,2024-10-26,,
LEAD002517,Casey,Thornton,casey.thornton2517@kw.com,Blackwood Group,Social,New,false,2025-10-05,,
LEAD002518,Julian,Vasquez,julian.vasquez2518@realtyco.com,Ridgeline Realty,Referral,Nurturing,true,2023-04-09,,
LEAD002519,Marcus,Bautista,marcus.bautista2519@kw.com,Cornerstone Real Estate,Partner,Working,true,2024-09-24,,
LEAD002520,Noel,Kearney,noel.kearney2520@realtyco.com,Beacon Group,Conference,Qualified,false,2025-09-28,,
LEAD002521,Naomi,Kearney,naomi.kearney2521@kw.com,Summit Partners,Cold Outreach,Qualified,true,2024-05-20,ACC00096,2024-07-10
LEAD002522,Felix,Bergstrom,felix.bergstrom2522@realtyco.com,Ironwood Realty,Referral,Qualified,false,2026-04-22,ACC00469,2026-05-15
LEAD002523,Maya,Halvorsen,maya.halvorsen2523@kw.com,Cypress & Co.,Conference,Disqualified,false,2026-04-27,,
LEAD002524,Riley,Bautista,riley.bautista2524@gmail.com,Cornerstone Real Estate,Partner,Working,true,2026-03-12,,
LEAD002525,Maya,Lindqvist,maya.lindqvist2525@realtyco.com,Foxglove Realty, Referral,Qualified,true,2024-11-02,ACC00590,2024-12-15
LEAD002526,Elena,Rinaldi,elena.rinaldi2526@kw.com,Foxglove Properties,Social,Working,true,2024-03-13,,
LEAD002527,Bianca,Petrova,bianca.petrova2527@compass.com,Beacon & Co.,Conference,Nurturing,true,2024-12-24,,
LEAD002528,Riley,Halvorsen,riley.halvorsen2528@compass.com,Stonebridge & Co.,Referral,New,false,2026-02-08,,
LEAD002529,Morgan,Whitfield,morgan.whitfield2529@gmail.com,Ironwood Properties,Organic Search,Qualified,true,2023-03-03,ACC00724,2023-04-13
LEAD002530,Priya,Halvorsen,priya.halvorsen2530@gmail.com,Meridian & Co.,Cold Outreach,Qualified,true,2024-10-24,,
LEAD002531,Morgan,Whitfield,morgan.whitfield2531@realtyco.com,Cypress & Co.,,Working,true,2025-11-13,,
LEAD002532,Quinn,Ahmed,quinn.ahmed2532@compass.com,Ironwood Partners,Referral,Qualified,true,2023-11-17,,
LEAD002533,Grant,Castellanos,grant.castellanos2533@realtyco.com,Harbor Partners,Webinar,Disqualified,false,2024-09-01,,
LEAD002534,Morgan,Rinaldi,morgan.rinaldi2534@realtyco.com,Cornerstone Properties,,Qualified,true,2023-11-15,,
LEAD002535,Tessa,Rinaldi,tessa.rinaldi2535@outlook.com,Blackwood & Co.,Social,Nurturing,false,2025-02-03,,
LEAD002536,Casey,Petrova,casey.petrova2536@gmail.com,Summit Group,Social,New,false,2024-11-16,,
LEAD002537,Maya,Rinaldi,maya.rinaldi2537@outlook.com,Cypress Realty,Organic Search,Nurturing,false,2026-05-12,,
LEAD002538,Tessa,Kaplan,tessa.kaplan2538@kw.com,Meridian Partners,Paid Search,Working,false,2026-03-26,,
LEAD002539,Elena,Halvorsen,elena.halvorsen2539@outlook.com,Lakeshore Partners,Organic Search,New,false,2023-11-07,,
LEAD002540,Tessa,Bautista,tessa.bautista2540@compass.com,Lakeshore & Co.,Paid Search,New,false,2024-05-16,,
LEAD002541,Casey,Thornton,casey.thornton2541@kw.com,Cornerstone Group,Social,Disqualified,false,2024-10-29,,
LEAD002542,Felix,Whitfield,felix.whitfield2542@outlook.com,Foxglove Real Estate,Organic Search,New,false,2025-08-29,,
LEAD002543,Marcus,Rinaldi,marcus.rinaldi2543@gmail.com,Ridgeline & Co.,Conference,Working,true,2025-03-01,,
LEAD002544,Elena,Delgado,elena.delgado2544@outlook.com,Beacon Group,Webinar,Nurturing,true,2025-04-09,,
LEAD002545,Marcus,Ahmed,marcus.ahmed2545@outlook.com,Summit Realty,PAID SEARCH,Qualified,false,2024-04-01,ACC00796,2024-04-29
LEAD002546,Skyler,Petrova,skyler.petrova2546@gmail.com,Beacon Real Estate,organic search,Working,true,2023-10-25,,
LEAD002547,Felix,Okonkwo,felix.okonkwo2547@outlook.com,Stonebridge & Co.,Organic Search,Working,true,2024-09-07,,
LEAD002548,Naomi,Bergstrom,naomi.bergstrom2548@outlook.com,Meridian Group,Partner,New,false,2026-05-22,,
LEAD002549,Bianca,Kearney,bianca.kearney2549@compass.com,Meridian Real Estate,Social,Qualified,false,2025-03-14,ACC00440,2025-04-05
LEAD002550,Jordan,Halvorsen,jordan.halvorsen2550@compass.com,Harbor Group,Referral,Working,true,2023-07-02,,
LEAD002551,Sasha,Nakamura,sasha.nakamura2551@outlook.com,Cornerstone & Co.,,New,false,2025-09-06,,
LEAD002552,Morgan,Delgado,morgan.delgado2552@realtyco.com,Ironwood Realty,Partner,New,false,2023-09-21,,
LEAD002553,Quinn,Kaplan,quinn.kaplan2553@kw.com,Beacon Realty,Partner,Qualified,false,2024-05-26,ACC00857,2024-06-21
LEAD002554,Felix,Kaplan,felix.kaplan2554@compass.com,Lakeshore Partners,Conference,Qualified,false,2025-12-13,ACC00898,2026-01-31
LEAD002555,Camille,Osei,camille.osei2555@outlook.com,Stonebridge Group,Cold Outreach,New,false,2025-01-16,,
LEAD002556,Devin,Castellanos,devin.castellanos2556@kw.com,Cornerstone Realty,Cold Outreach,Qualified,false,2026-01-24,,
LEAD002557,Casey,Castellanos,casey.castellanos2557@outlook.com,Cypress Partners,Referral,Working,true,2026-01-25,,
LEAD002558,Camille,Moreau,camille.moreau2558@kw.com,Blackwood Partners,Webinar,Disqualified,false,2025-02-06,,
LEAD002559,Quinn,Osei,quinn.osei2559@kw.com,Blackwood & Co.,Conference,Nurturing,true,2025-12-13,,
LEAD002560,Jordan,Rinaldi,jordan.rinaldi2560@gmail.com,Cypress Group,Webinar,New,false,2023-11-06,,
LEAD002561,Felix,Okonkwo,felix.okonkwo2561@realtyco.com,Lakeshore Realty,Paid Search,Working,false,2025-12-13,,
LEAD002562,Priya,Kearney,priya.kearney2562@compass.com,Foxglove Partners,paid search,Nurturing,true,2023-08-16,,
LEAD002563,Camille,Ahmed,camille.ahmed2563@kw.com,Cypress & Co.,Social,Nurturing,true,2024-06-03,,
LEAD002564,Tessa,Petrova,tessa.petrova2564@realtyco.com,Cornerstone Properties,Partner,Working,true,2024-02-02,,
LEAD002565,Julian,Rinaldi,julian.rinaldi2565@kw.com,Meridian Properties,Partner,New,false,2024-07-20,,
LEAD002566,Casey,Osei,casey.osei2566@kw.com,Blackwood Properties,organic search,New,false,2023-12-15,,
LEAD002567,Sasha,Halvorsen,sasha.halvorsen2567@outlook.com,Harbor Real Estate,Conference,New,false,2024-05-16,,
LEAD002568,Marcus,Whitfield,marcus.whitfield2568@compass.com,Beacon & Co.,Paid Search,Working,true,2024-10-16,,
LEAD002569,Quinn,Kaplan,quinn.kaplan2569@outlook.com,Ironwood Partners,Cold Outreach,Nurturing,true,2024-07-06,,
LEAD002570,Sasha,Vasquez,sasha.vasquez2570@outlook.com,Ironwood Partners,organic search,Nurturing,true,2026-04-04,,
LEAD002571,Theo,Rinaldi,theo.rinaldi2571@realtyco.com,Foxglove Group,Cold Outreach,Qualified,true,2025-12-18,ACC00802,2026-01-28
LEAD002572,Rowan,Moreau,rowan.moreau2572@compass.com,Ironwood Realty,Conference,Working,false,2026-06-07,,
LEAD002573,Rowan,Vasquez,rowan.vasquez2573@kw.com,Blackwood Properties,Cold Outreach,Nurturing,true,2024-01-06,,
LEAD002574,Quinn,Kaplan,quinn.kaplan2574@kw.com,Lakeshore Partners,Webinar,Nurturing,false,2023-10-18,,
LEAD002575,Riley,Kaplan,riley.kaplan2575@compass.com,Cornerstone Properties,Social,Nurturing,false,2026-01-27,,
LEAD002576,Theo,Okonkwo,theo.okonkwo2576@gmail.com,Beacon Properties,Paid Search ,Working,true,2023-02-28,,
LEAD002577,Sasha,Thornton,sasha.thornton2577@realtyco.com,Blackwood Properties,Paid Search,Nurturing,true,2024-08-05,,
LEAD002578,Casey,Halvorsen,casey.halvorsen2578@gmail.com,Ironwood Group,Referral,Disqualified,false,2023-07-31,,
LEAD002579,Rowan,Delgado,rowan.delgado2579@kw.com,Lakeshore Real Estate,Webinar,Working,false,2025-01-31,,
LEAD002580,Avery,Petrova,avery.petrova2580@gmail.com,Cypress Partners,Referral,Working,true,2023-11-17,,
LEAD002581,Naomi,Vasquez,naomi.vasquez2581@kw.com,Ironwood Properties,Referral,Disqualified,false,2025-08-21,,
LEAD002582,Jordan,Halvorsen,jordan.halvorsen2582@kw.com,Ironwood Partners,Webinar,Qualified,true,2025-07-22,,
LEAD002583,Camille,Halvorsen,camille.halvorsen2583@gmail.com,Foxglove & Co.,Cold Outreach,Disqualified,false,2025-10-27,,
LEAD002584,Marcus,Ahmed,marcus.ahmed2584@compass.com,Stonebridge & Co.,Paid Search,Working,true,2025-01-15,,
LEAD002585,Riley,Whitfield,riley.whitfield2585@outlook.com,Beacon Real Estate,Webinar,Qualified,true,2025-06-23,ACC00232,2025-07-18
LEAD002586,Marcus,Petrova,marcus.petrova2586@realtyco.com,Ironwood Partners,Paid Search,New,false,2024-05-01,,
LEAD002587,Morgan,Kaplan,morgan.kaplan2587@kw.com,Ridgeline Group,Social,Nurturing,false,2025-07-28,,
LEAD002588,Priya,Kearney,priya.kearney2588@compass.com,Blackwood Realty,Social,Disqualified,false,2023-07-05,,
LEAD002589,Camille,Vasquez,camille.vasquez2589@kw.com,Lakeshore Real Estate,Webinar,Qualified,true,2024-10-07,ACC00860,2024-11-26
LEAD002590,Casey,Osei,casey.osei2590@gmail.com,Beacon & Co.,Webinar,Disqualified,false,2025-12-04,,
LEAD002591,Maya,Whitfield,maya.whitfield2591@kw.com,Beacon Properties,Organic Search,Working,true,2024-12-16,,
LEAD002592,Casey,Kearney,casey.kearney2592@kw.com,Summit Properties,Cold Outreach,Working,true,2023-08-07,,
LEAD002593,Owen,Vasquez,owen.vasquez2593@gmail.com,Blackwood & Co.,Social,Qualified,true,2024-04-04,,
LEAD002594,Marcus,Kaplan,marcus.kaplan2594@kw.com,Stonebridge Properties,Social,Working,true,2024-04-01,,
LEAD002595,Owen,Thornton,owen.thornton2595@compass.com,Cornerstone Partners,,Nurturing,false,2025-12-22,,
LEAD002596,Owen,Moreau,owen.moreau2596@kw.com,Lakeshore & Co.,Social,Nurturing,true,2025-05-17,,
LEAD002597,Noel,Halvorsen,noel.halvorsen2597@realtyco.com,Beacon Properties,Cold Outreach,Working,false,2025-09-11,,
LEAD002598,Priya,Lindqvist,priya.lindqvist2598@kw.com,Foxglove Properties,Paid Search,Qualified,true,2023-07-25,,
LEAD002599,Avery,Lindqvist,avery.lindqvist2599@compass.com,Cypress Realty,Referral,Qualified,true,2023-03-22,ACC00478,2023-05-11
LEAD002600,Sasha,Vasquez,sasha.vasquez2600@compass.com,Blackwood Group,Social,Working,false,2024-10-28,,
LEAD002601,Naomi,Castellanos,naomi.castellanos2601@realtyco.com,Harbor Group,Paid Search,New,false,2023-04-06,,
LEAD002602,Jordan,Rinaldi,jordan.rinaldi2602@compass.com,Foxglove Realty,Webinar,Working,true,2024-09-12,,
LEAD002603,Grant,Moreau,grant.moreau2603@gmail.com,Cornerstone & Co.,Cold Outreach,Qualified,true,2023-06-26,,
LEAD002604,Maya,Ahmed,maya.ahmed2604@realtyco.com,Lakeshore Real Estate,,New,false,2025-06-21,,
LEAD002605,Marcus,Okonkwo,marcus.okonkwo2605@compass.com,Meridian & Co.,Referral,Working,true,2026-02-08,,
LEAD002606,Naomi,Petrova,naomi.petrova2606@realtyco.com,Stonebridge & Co.,Conference,Working,false,2024-09-27,,
LEAD002607,Naomi,Bautista,naomi.bautista2607@compass.com,Cornerstone Partners,Webinar,Working,true,2023-03-25,,
LEAD002608,Casey,Nakamura,casey.nakamura2608@gmail.com,Beacon Realty,Cold Outreach,Nurturing,true,2024-09-15,,
LEAD002609,Rowan,Bergstrom,rowan.bergstrom2609@realtyco.com,Foxglove & Co.,Organic Search,Qualified,false,2024-12-16,ACC00837,2025-01-04
LEAD002610,Theo,Osei,theo.osei2610@gmail.com,Stonebridge Realty,Webinar,New,false,2025-04-02,,
LEAD002611,Elena,Thornton,elena.thornton2611@compass.com,Cypress & Co.,Paid Search,Disqualified,false,2024-03-09,,
LEAD002612,Tessa,Halvorsen,tessa.halvorsen2612@compass.com,Ironwood Realty,Cold Outreach,New,false,2023-12-06,,
LEAD002613,Felix,Rinaldi,felix.rinaldi2613@gmail.com,Meridian Real Estate,Social,Nurturing,false,2023-04-15,,
LEAD002614,Noel,Osei,noel.osei2614@gmail.com,Foxglove Properties,organic search,Working,true,2025-12-28,,
LEAD002615,Devin,Okonkwo,devin.okonkwo2615@kw.com,Ironwood Properties,Partner,Working,true,2023-07-27,,
LEAD002616,Rowan,Moreau,rowan.moreau2616@kw.com,Ironwood Real Estate,Cold Outreach,New,false,2023-11-14,,
LEAD002617,Owen,Rinaldi,owen.rinaldi2617@realtyco.com,Beacon & Co.,Referral,Qualified,true,2025-03-19,,
LEAD002618,Marcus,Halvorsen,marcus.halvorsen2618@compass.com,Foxglove Real Estate,,New,false,2024-07-27,,
LEAD002619,Theo,Rinaldi,theo.rinaldi2619@kw.com,Harbor Partners,Social,Qualified,true,2023-09-03,ACC00639,2023-09-27
LEAD002620,Elena,Nakamura,elena.nakamura2620@gmail.com,Ironwood Group,Organic Search,Working,true,2025-02-22,,
LEAD002621,Elena,Ahmed,elena.ahmed2621@realtyco.com,Foxglove & Co.,Cold Outreach,Working,true,2023-08-03,,
LEAD002622,Naomi,Castellanos,naomi.castellanos2622@realtyco.com,Blackwood Realty,Partner,Working,false,2026-05-12,,
LEAD002623,Bianca,Moreau,bianca.moreau2623@compass.com,Beacon Partners,Social,Working,true,2024-03-24,,
LEAD002624,Theo,Delgado,theo.delgado2624@realtyco.com,Stonebridge Properties,Webinar,Nurturing,true,2026-01-26,,
LEAD002625,Quinn,Halvorsen,quinn.halvorsen2625@realtyco.com,Blackwood Realty,Paid Search,Qualified,false,2025-05-03,ACC00129,2025-06-02
LEAD002626,Tessa,Moreau,tessa.moreau2626@realtyco.com,Lakeshore Partners,Cold Outreach,New,false,2024-01-25,,
LEAD002627,Riley,Kearney,riley.kearney2627@gmail.com,Cornerstone Real Estate,Referral,New,false,2024-02-09,,
LEAD002628,Elena,Moreau,elena.moreau2628@realtyco.com,Blackwood Properties,,New,false,2025-01-07,,
LEAD002629,Naomi,Thornton,naomi.thornton2629@compass.com,Cypress & Co.,Social,Working,true,2023-10-17,,
LEAD002630,Elena,Bautista,elena.bautista2630@outlook.com,Cornerstone Group,Paid Search,New,false,2023-12-19,,
LEAD002631,Jordan,Nakamura,jordan.nakamura2631@outlook.com,Ridgeline Partners,Webinar,Disqualified,false,2026-06-20,,
LEAD002632,Camille,Nakamura,camille.nakamura2632@kw.com,Beacon Group,Webinar,Qualified,true,2025-07-13,ACC00026,2025-08-13
LEAD002633,Theo,Vasquez,theo.vasquez2633@kw.com,Blackwood Real Estate,Organic Search,Qualified,false,2025-11-03,ACC00633,2025-12-04
LEAD002634,Bianca,Lindqvist,bianca.lindqvist2634@kw.com,Lakeshore & Co.,Webinar,New,false,2024-07-03,,
LEAD002635,Camille,Nakamura,camille.nakamura2635@gmail.com,Foxglove Group,Partner,Qualified,true,2025-04-05,ACC00528,2025-06-03
LEAD002636,Naomi,Osei,naomi.osei2636@gmail.com,Ironwood Realty,Webinar,New,false,2025-06-18,,
LEAD002637,Maya,Delgado,maya.delgado2637@outlook.com,Blackwood Realty,Social,New,false,2023-08-08,,
LEAD002638,Skyler,Kearney,skyler.kearney2638@realtyco.com,Foxglove & Co.,Webinar,New,false,2025-12-29,,
LEAD002639,Morgan,Bautista,morgan.bautista2639@outlook.com,Cypress Realty,Organic Search,Qualified,false,2023-02-02,ACC00591,2023-03-04
LEAD002640,Theo,Bergstrom,theo.bergstrom2640@realtyco.com,Blackwood & Co.,Cold Outreach,New,false,2025-10-22,,
LEAD002641,Rowan,Halvorsen,rowan.halvorsen2641@compass.com,Harbor Realty,Organic Search,Qualified,false,2026-01-19,,
LEAD002642,Tessa,Whitfield,tessa.whitfield2642@kw.com,Lakeshore Realty,Partner,Working,true,2025-10-21,,
LEAD002643,Jordan,Castellanos,jordan.castellanos2643@compass.com,Foxglove Real Estate,Referral,Disqualified,false,2025-04-20,,
LEAD002644,Casey,Castellanos,casey.castellanos2644@kw.com,Foxglove Realty,Organic Search,Qualified,false,2024-11-20,,
LEAD002645,Rowan,Vasquez,rowan.vasquez2645@realtyco.com,Summit Realty,Partner,New,false,2023-03-30,,
LEAD002646,Priya,Halvorsen,priya.halvorsen2646@outlook.com,Stonebridge Real Estate,Social,New,false,2026-06-10,,
LEAD002647,Owen,Kaplan,owen.kaplan2647@kw.com,Cypress Partners,Social,New,false,2023-03-18,,
LEAD002648,Tessa,Thornton,tessa.thornton2648@kw.com,Cypress & Co.,Webinar,New,false,2023-04-12,,
LEAD002649,Quinn,Moreau,quinn.moreau2649@gmail.com,Cypress & Co.,Paid Search,Disqualified,false,2024-08-18,,
LEAD002650,Julian,Kaplan,julian.kaplan2650@gmail.com,Meridian Properties,Webinar,New,false,2024-07-28,,
LEAD002651,Avery,Okonkwo,avery.okonkwo2651@outlook.com,Foxglove Group,Partner,Qualified,true,2024-11-29,ACC00048,2025-01-11
LEAD002652,Owen,Vasquez,owen.vasquez2652@outlook.com,Cypress Realty,,New,false,2025-07-08,,
LEAD002653,Priya,Nakamura,priya.nakamura2653@outlook.com,Lakeshore Group,Webinar,Nurturing,true,2023-11-09,,
LEAD002654,Marcus,Bergstrom,marcus.bergstrom2654@realtyco.com,Cornerstone & Co.,Conference,Disqualified,false,2026-02-01,,
LEAD002655,Riley,Bautista,riley.bautista2655@realtyco.com,Beacon Real Estate,Partner,Working,true,2026-01-04,,
LEAD002656,Camille,Nakamura,camille.nakamura2656@compass.com,Cypress Properties,Partner,Working,true,2024-07-06,,
LEAD002657,Devin,Thornton,devin.thornton2657@compass.com,Beacon Group,Paid Search,Nurturing,true,2025-01-18,,
LEAD002658,Felix,Halvorsen,felix.halvorsen2658@outlook.com,Harbor & Co.,paid search,New,false,2025-08-09,,
LEAD002659,Riley,Bergstrom,riley.bergstrom2659@realtyco.com,Foxglove Partners,Paid Search,New,false,2025-01-12,,
LEAD002660,Bianca,Osei,bianca.osei2660@compass.com,Foxglove Properties,Paid Search ,New,false,2024-06-25,,
LEAD002661,Skyler,Vasquez,skyler.vasquez2661@kw.com,Summit & Co.,Paid Search,Disqualified,false,2024-01-16,,
LEAD002662,Bianca,Delgado,bianca.delgado2662@kw.com,Ironwood Properties,Partner,New,false,2023-06-08,,
LEAD002663,Rowan,Moreau,rowan.moreau2663@outlook.com,Harbor Realty,Organic Search,Disqualified,false,2025-02-15,,
LEAD002664,Riley,Halvorsen,riley.halvorsen2664@realtyco.com,Summit Group,Social,Qualified,false,2023-06-25,ACC00163,2023-07-27
LEAD002665,Theo,Thornton,theo.thornton2665@realtyco.com,Ironwood Partners,Organic Search,New,false,2023-03-01,,
LEAD002666,Rowan,Thornton,rowan.thornton2666@realtyco.com,Harbor Partners,Partner,Working,false,2023-11-19,,
LEAD002667,Rowan,Thornton,rowan.thornton2667@outlook.com,Cypress Partners,Conference,Qualified,true,2024-01-08,ACC00093,2024-02-25
LEAD002668,Morgan,Okonkwo,morgan.okonkwo2668@outlook.com,Blackwood Real Estate,Partner,Working,true,2025-03-23,,
LEAD002669,Skyler,Thornton,skyler.thornton2669@realtyco.com,Meridian Realty,Social,New,false,2025-07-01,,
LEAD002670,Devin,Halvorsen,devin.halvorsen2670@kw.com,Foxglove Real Estate,Social,New,false,2023-06-25,,
LEAD002671,Theo,Halvorsen,theo.halvorsen2671@compass.com,Meridian & Co.,Referral,Nurturing,false,2024-12-13,,
LEAD002672,Owen,Moreau,owen.moreau2672@realtyco.com,Harbor Realty,Webinar,Disqualified,false,2025-04-01,,
LEAD002673,Riley,Ahmed,riley.ahmed2673@compass.com,Blackwood Group,Conference,Working,false,2023-11-29,,
LEAD002674,Tessa,Rinaldi,tessa.rinaldi2674@kw.com,Stonebridge Group,Organic Search,Working,true,2024-03-20,,
LEAD002675,Avery,Osei,avery.osei2675@gmail.com,Cypress Group,Cold Outreach,Disqualified,false,2025-04-03,,
LEAD002676,Camille,Whitfield,camille.whitfield2676@gmail.com,Beacon Partners,,New,false,2024-01-29,,
LEAD002677,Riley,Rinaldi,riley.rinaldi2677@outlook.com,Beacon Properties,Partner,Qualified,true,2023-03-01,ACC00527,2023-03-10
LEAD002678,Riley,Bautista,riley.bautista2678@realtyco.com,Beacon Real Estate,Social,Disqualified,false,2023-06-29,,
LEAD002679,Noel,Thornton,noel.thornton2679@gmail.com,Foxglove & Co.,,New,false,2025-05-14,,
LEAD002680,Felix,Vasquez,felix.vasquez2680@compass.com,Ridgeline Group,Referral,Qualified,true,2024-08-18,,
LEAD002681,Tessa,Ahmed,tessa.ahmed2681@gmail.com,Harbor Group,Conference,New,false,2024-02-26,,
LEAD002682,Camille,Vasquez,camille.vasquez2682@compass.com,Ridgeline Properties,Partner,New,false,2024-08-20,,
LEAD002683,Rowan,Okonkwo,rowan.okonkwo2683@gmail.com,Ironwood Real Estate,Conference,New,false,2025-05-21,,
LEAD002684,Elena,Petrova,elena.petrova2684@compass.com,Lakeshore Realty,Webinar,Disqualified,false,2023-04-23,,
LEAD002685,Naomi,Vasquez,naomi.vasquez2685@realtyco.com,Ridgeline Realty,Referral,Working,false,2026-06-10,,
LEAD002686,Camille,Lindqvist,camille.lindqvist2686@realtyco.com,Meridian Group,Conference,Qualified,true,2025-05-19,ACC00050,2025-06-18
LEAD002687,Jordan,Vasquez,jordan.vasquez2687@gmail.com,Cornerstone & Co.,Organic Search,Nurturing,false,2024-08-12,,
LEAD002688,Naomi,Osei,naomi.osei2688@gmail.com,Foxglove Partners,organic search,Nurturing,true,2024-05-10,,
LEAD002689,Bianca,Vasquez,bianca.vasquez2689@compass.com,Cornerstone Realty,,Nurturing,true,2025-07-16,,
LEAD002690,Maya,Vasquez,maya.vasquez2690@outlook.com,Lakeshore & Co.,Conference,Qualified,false,2024-07-23,ACC00374,2024-08-12
LEAD002691,Theo,Halvorsen,theo.halvorsen2691@gmail.com,Foxglove Partners,Partner,Nurturing,true,2024-05-24,,
LEAD002692,Devin,Castellanos,devin.castellanos2692@realtyco.com,Summit Group,,Qualified,false,2025-01-13,ACC00571,2025-03-08
LEAD002693,Bianca,Delgado,bianca.delgado2693@compass.com,Ironwood Real Estate,Paid Search,Nurturing,true,2025-08-28,,
LEAD002694,Julian,Ahmed,julian.ahmed2694@realtyco.com,Summit Real Estate,Cold Outreach,New,false,2023-02-06,,
LEAD002695,Devin,Halvorsen,devin.halvorsen2695@outlook.com,Ironwood Partners,Referral,Working,true,2026-03-14,,
LEAD002696,Noel,Delgado,noel.delgado2696@realtyco.com,Summit & Co.,Referral,Qualified,false,2026-05-26,ACC00038,2026-06-20
LEAD002697,Naomi,Petrova,naomi.petrova2697@compass.com,Summit Real Estate,Social,Disqualified,false,2023-12-30,,
LEAD002698,Sasha,Okonkwo,sasha.okonkwo2698@gmail.com,Beacon Real Estate,Webinar,New,false,2025-03-17,,
LEAD002699,Priya,Castellanos,priya.castellanos2699@gmail.com,Ridgeline Group,Referral,New,false,2026-02-09,,
LEAD002700,Noel,Halvorsen,noel.halvorsen2700@realtyco.com,Ironwood Realty,Referral,Qualified,true,2025-10-17,ACC00201,2025-12-13
LEAD002701,Maya,Rinaldi,maya.rinaldi2701@outlook.com,Beacon & Co.,Conference,Working,false,2023-08-26,,
LEAD002702,Skyler,Castellanos,skyler.castellanos2702@kw.com,Blackwood Properties,Cold Outreach,Working,false,2024-02-17,,
LEAD002703,Morgan,Lindqvist,morgan.lindqvist2703@outlook.com,Beacon Group,Paid Search,Working,true,2023-11-06,,
LEAD002704,Naomi,Bautista,naomi.bautista2704@gmail.com,Foxglove Group,Organic Search,New,false,2025-07-21,,
LEAD002705,Bianca,Castellanos,bianca.castellanos2705@gmail.com,Meridian Group,Webinar,Disqualified,false,2024-11-06,,
LEAD002706,Devin,Kearney,devin.kearney2706@compass.com,Cornerstone Partners,Social,Disqualified,false,2025-10-03,,
LEAD002707,Marcus,Nakamura,marcus.nakamura2707@outlook.com,Cornerstone Real Estate,Webinar,Working,false,2025-09-27,,
LEAD002708,Morgan,Osei,morgan.osei2708@gmail.com,Cornerstone & Co., Referral,New,false,2023-05-27,,
LEAD002709,Skyler,Okonkwo,skyler.okonkwo2709@gmail.com,Ridgeline Group,Paid Search,Disqualified,false,2023-08-07,,
LEAD002710,Noel,Ahmed,noel.ahmed2710@outlook.com,Ridgeline Properties,Conference,Qualified,false,2025-12-11,ACC00225,2025-12-22
LEAD002711,Jordan,Kearney,jordan.kearney2711@kw.com,Summit & Co.,Webinar,Working,true,2025-09-18,,
LEAD002712,Skyler,Moreau,skyler.moreau2712@realtyco.com,Cypress Partners,,Nurturing,false,2024-05-24,,
LEAD002713,Skyler,Halvorsen,skyler.halvorsen2713@compass.com,Ridgeline Properties,Referral,New,false,2026-06-19,,
LEAD002714,Noel,Okonkwo,noel.okonkwo2714@gmail.com,Lakeshore Realty,Paid Search,New,false,2025-11-22,,
LEAD002715,Theo,Bergstrom,theo.bergstrom2715@compass.com,Cypress Real Estate,Social,Working,false,2023-06-02,,
LEAD002716,Rowan,Kearney,rowan.kearney2716@kw.com,Stonebridge Properties,Webinar,Working,true,2023-01-07,,
LEAD002717,Morgan,Bergstrom,morgan.bergstrom2717@realtyco.com,Ironwood Properties,,Working,true,2024-03-03,,
LEAD002718,Devin,Vasquez,devin.vasquez2718@gmail.com,Lakeshore Properties,Paid Search,Disqualified,false,2024-09-23,,
LEAD002719,Devin,Vasquez,devin.vasquez2719@gmail.com,Foxglove Realty,Referral,Nurturing,false,2025-11-05,,
LEAD002720,Avery,Kearney,avery.kearney2720@outlook.com,Stonebridge Real Estate,Webinar,Working,true,2024-01-02,,
LEAD002721,Camille,Kearney,camille.kearney2721@realtyco.com,Ironwood Group,Cold Outreach,Qualified,true,2023-12-06,ACC00558,2023-12-13
LEAD002722,Rowan,Delgado,rowan.delgado2722@kw.com,Foxglove Partners,Social,Working,true,2023-03-10,,
LEAD002723,Grant,Petrova,grant.petrova2723@gmail.com,Stonebridge Partners,Webinar,Nurturing,false,2024-03-12,,
LEAD002724,Morgan,Vasquez,morgan.vasquez2724@outlook.com,Stonebridge Realty,,Working,false,2024-11-21,,
LEAD002725,Elena,Okonkwo,elena.okonkwo2725@kw.com,Summit Properties,Social,New,false,2024-04-16,,
LEAD002726,Camille,Delgado,camille.delgado2726@outlook.com,Summit Realty,Partner,Nurturing,true,2023-02-26,,
LEAD002727,Devin,Bautista,devin.bautista2727@realtyco.com,Beacon & Co.,Paid Search,Working,true,2023-09-23,,
LEAD002728,Marcus,Osei,marcus.osei2728@realtyco.com,Lakeshore Realty,Conference,Working,false,2026-02-18,,
LEAD002729,Priya,Castellanos,priya.castellanos2729@kw.com,Meridian & Co.,Paid Search,Working,true,2026-03-24,,
LEAD002730,Avery,Rinaldi,avery.rinaldi2730@gmail.com,Cornerstone Group,Paid Search,Qualified,false,2023-11-22,,
LEAD002731,Maya,Vasquez,maya.vasquez2731@compass.com,Stonebridge Group,Organic Search,Qualified,true,2023-01-23,,
LEAD002732,Tessa,Vasquez,tessa.vasquez2732@outlook.com,Summit Group,Organic Search,Working,true,2025-07-03,,
LEAD002733,Naomi,Thornton,naomi.thornton2733@realtyco.com,Summit Real Estate,Cold Outreach,Qualified,false,2023-06-23,ACC00809,2023-08-16
LEAD002734,Jordan,Moreau,jordan.moreau2734@compass.com,Foxglove Properties,Social,Nurturing,true,2025-03-17,,
LEAD002735,Avery,Kaplan,avery.kaplan2735@gmail.com,Lakeshore & Co.,Conference,New,false,2024-04-03,,
LEAD002736,Naomi,Kearney,naomi.kearney2736@gmail.com,Blackwood Group,Partner,New,false,2023-04-17,,
LEAD002737,Tessa,Thornton,tessa.thornton2737@gmail.com,Blackwood Realty,,New,false,2024-09-25,,
LEAD002738,Avery,Lindqvist,avery.lindqvist2738@kw.com,Ironwood Real Estate,Conference,Working,false,2025-04-24,,
LEAD002739,Marcus,Kearney,marcus.kearney2739@realtyco.com,Cypress Real Estate,Cold Outreach,Working,true,2025-06-21,,
LEAD002740,Marcus,Petrova,marcus.petrova2740@outlook.com,Cypress Realty,Referral,New,false,2025-05-20,,
LEAD002741,Maya,Halvorsen,maya.halvorsen2741@compass.com,Harbor Properties,Cold Outreach,New,false,2026-05-18,,
LEAD002742,Grant,Moreau,grant.moreau2742@gmail.com,Lakeshore Real Estate,Cold Outreach,Qualified,true,2025-02-25,ACC00817,2025-04-12
LEAD002743,Avery,Lindqvist,avery.lindqvist2743@kw.com,Foxglove Group,organic search,Qualified,true,2024-05-07,ACC00267,2024-06-19
LEAD002744,Camille,Petrova,camille.petrova2744@outlook.com,Stonebridge Properties,Organic Search,Disqualified,false,2024-01-22,,
LEAD002745,Morgan,Rinaldi,morgan.rinaldi2745@kw.com,Harbor Partners,,Working,true,2025-04-03,,
LEAD002746,Marcus,Ahmed,marcus.ahmed2746@outlook.com,Blackwood & Co.,Partner,Qualified,true,2025-02-16,ACC00376,2025-03-29
LEAD002747,Grant,Kearney,grant.kearney2747@outlook.com,Beacon & Co.,Referral,Qualified,true,2024-04-11,,
LEAD002748,Felix,Ahmed,felix.ahmed2748@gmail.com,Stonebridge Group,Referral,Qualified,false,2025-10-06,,
LEAD002749,Marcus,Bautista,marcus.bautista2749@realtyco.com,Ironwood Group,,New,false,2026-03-24,,
LEAD002750,Sasha,Ahmed,sasha.ahmed2750@realtyco.com,Cypress & Co.,Webinar,Qualified,false,2025-04-09,ACC00276,2025-05-29
LEAD002751,Owen,Halvorsen,owen.halvorsen2751@kw.com,Foxglove & Co.,Paid Search,Working,false,2026-02-21,,
LEAD002752,Camille,Osei,camille.osei2752@gmail.com,Lakeshore Properties,Social,Working,true,2024-06-05,,
LEAD002753,Casey,Thornton,casey.thornton2753@compass.com,Meridian Partners,Organic Search,Working,true,2023-08-17,,
LEAD002754,Tessa,Rinaldi,tessa.rinaldi2754@gmail.com,Stonebridge Real Estate,Partner,Working,true,2025-06-04,,
LEAD002755,Morgan,Delgado,morgan.delgado2755@compass.com,Cornerstone Realty,Referral,Working,true,2025-01-17,,
LEAD002756,Bianca,Halvorsen,bianca.halvorsen2756@gmail.com,Foxglove Group,Cold Outreach,Qualified,false,2023-02-01,ACC00235,2023-02-11
LEAD002757,Tessa,Delgado,tessa.delgado2757@kw.com,Beacon Partners,Partner,Qualified,false,2026-04-25,,
LEAD002758,Morgan,Ahmed,morgan.ahmed2758@outlook.com,Lakeshore & Co.,Cold Outreach,Qualified,true,2023-03-11,ACC00739,2023-03-17
LEAD002759,Riley,Thornton,riley.thornton2759@compass.com,Stonebridge Real Estate,Conference,Working,false,2025-01-24,,
LEAD002760,Priya,Rinaldi,priya.rinaldi2760@realtyco.com,Blackwood & Co.,Referral,New,false,2024-10-25,,
LEAD002761,Sasha,Ahmed,sasha.ahmed2761@kw.com,Cornerstone Properties,Cold Outreach,Qualified,false,2025-01-01,ACC00262,2025-01-28
LEAD002762,Maya,Ahmed,maya.ahmed2762@compass.com,Lakeshore Properties,Paid Search,New,false,2024-01-12,,
LEAD002763,Avery,Rinaldi,avery.rinaldi2763@compass.com,Foxglove & Co.,Social,Nurturing,false,2023-11-25,,
LEAD002764,Casey,Halvorsen,casey.halvorsen2764@kw.com,Summit & Co.,Cold Outreach,Disqualified,false,2025-03-07,,
LEAD002765,Sasha,Ahmed,sasha.ahmed2765@kw.com,Ironwood Real Estate,Partner,New,false,2023-11-19,,
LEAD002766,Sasha,Whitfield,sasha.whitfield2766@compass.com,Blackwood Properties,Social,Qualified,false,2024-01-19,ACC00572,2024-02-02
LEAD002767,Jordan,Okonkwo,jordan.okonkwo2767@outlook.com,Beacon Partners,Partner,Working,false,2025-09-14,,
LEAD002768,Julian,Bautista,julian.bautista2768@gmail.com,Meridian Realty, Referral,Nurturing,true,2024-06-08,,
LEAD002769,Grant,Osei,grant.osei2769@realtyco.com,Meridian Properties,,Qualified,true,2026-04-06,ACC00092,2026-04-20
LEAD002770,Morgan,Petrova,morgan.petrova2770@kw.com,Meridian Real Estate,Organic Search,Nurturing,true,2026-05-26,,
LEAD002771,Jordan,Halvorsen,jordan.halvorsen2771@compass.com,Summit Properties,Paid Search,Qualified,true,2023-04-05,,
LEAD002772,Camille,Lindqvist,camille.lindqvist2772@realtyco.com,Meridian Group,Referral,Qualified,true,2024-04-19,ACC00729,2024-06-10
LEAD002773,Avery,Kaplan,avery.kaplan2773@gmail.com,Foxglove & Co.,Cold Outreach,Nurturing,true,2025-02-15,,
LEAD002774,Marcus,Osei,marcus.osei2774@compass.com,Beacon Real Estate,Paid Search,Nurturing,false,2024-06-22,,
LEAD002775,Elena,Osei,elena.osei2775@outlook.com,Summit Properties,Cold Outreach,New,false,2025-01-01,,
LEAD002776,Rowan,Okonkwo,rowan.okonkwo2776@outlook.com,Cornerstone Real Estate,Partner,Qualified,false,2025-01-22,ACC00895,2025-02-10
LEAD002777,Marcus,Delgado,marcus.delgado2777@realtyco.com,Ridgeline Real Estate,Webinar,Working,true,2026-02-16,,
LEAD002778,Noel,Bergstrom,noel.bergstrom2778@gmail.com,Stonebridge Properties,Social,Qualified,true,2025-08-28,ACC00447,2025-09-20
LEAD002779,Felix,Nakamura,felix.nakamura2779@compass.com,Cornerstone Realty,Social,Qualified,true,2025-07-07,ACC00503,2025-08-08
LEAD002780,Devin,Okonkwo,devin.okonkwo2780@compass.com,Meridian Properties,Cold Outreach,Working,true,2024-11-06,,
LEAD002781,Naomi,Lindqvist,naomi.lindqvist2781@compass.com,Stonebridge Partners,Webinar,New,false,2025-11-12,,
LEAD002782,Maya,Halvorsen,maya.halvorsen2782@realtyco.com,Meridian Realty,Webinar,Qualified,false,2026-04-21,ACC00021,2026-06-16
LEAD002783,Owen,Osei,owen.osei2783@compass.com,Ironwood Real Estate,Referral,Nurturing,true,2025-06-25,,
LEAD002784,Marcus,Whitfield,marcus.whitfield2784@compass.com,Ironwood Group,Partner,Qualified,true,2025-06-26,ACC00391,2025-07-23
LEAD002785,Felix,Lindqvist,felix.lindqvist2785@compass.com,Summit Properties,Cold Outreach,New,false,2023-07-25,,
LEAD002786,Avery,Lindqvist,avery.lindqvist2786@kw.com,Harbor Real Estate,,Disqualified,false,2023-02-11,,
LEAD002787,Riley,Castellanos,riley.castellanos2787@kw.com,Lakeshore Partners,Conference,Qualified,true,2026-05-03,ACC00369,2026-05-17
LEAD002788,Morgan,Lindqvist,morgan.lindqvist2788@gmail.com,Meridian Properties,Webinar,Working,true,2025-03-21,,
LEAD002789,Riley,Kaplan,riley.kaplan2789@kw.com,Cornerstone Realty,Organic Search,Working,false,2023-03-04,,
LEAD002790,Camille,Okonkwo,camille.okonkwo2790@outlook.com,Harbor Partners,Organic Search,Working,true,2023-04-05,,
LEAD002791,Avery,Halvorsen,avery.halvorsen2791@kw.com,Cornerstone Partners,PAID SEARCH,Disqualified,false,2024-04-22,,
LEAD002792,Skyler,Bergstrom,skyler.bergstrom2792@gmail.com,Harbor & Co.,Social,Qualified,false,2026-05-04,ACC00354,2026-07-02
LEAD002793,Marcus,Nakamura,marcus.nakamura2793@outlook.com,Ridgeline & Co.,,Qualified,false,2025-04-27,ACC00399,2025-06-23
LEAD002794,Elena,Whitfield,elena.whitfield2794@realtyco.com,Blackwood & Co.,,Nurturing,true,2023-01-01,,
LEAD002795,Noel,Okonkwo,noel.okonkwo2795@realtyco.com,Cornerstone Group,Cold Outreach,Disqualified,false,2023-12-17,,
LEAD002796,Sasha,Okonkwo,sasha.okonkwo2796@gmail.com,Blackwood Group,Social,Qualified,true,2024-07-20,ACC00023,2024-07-24
LEAD002797,Priya,Bergstrom,priya.bergstrom2797@kw.com,Summit Properties,Organic Search,Disqualified,false,2023-05-24,,
LEAD002798,Camille,Petrova,camille.petrova2798@kw.com,Beacon Real Estate,Webinar,Qualified,true,2026-05-14,ACC00464,2026-07-04
LEAD002799,Jordan,Vasquez,jordan.vasquez2799@realtyco.com,Summit Group,Cold Outreach,Working,true,2024-06-09,,
LEAD002800,Marcus,Petrova,marcus.petrova2800@gmail.com,Stonebridge Partners,Paid Search,Qualified,true,2024-06-18,ACC00067,2024-07-17
LEAD002801,Elena,Moreau,elena.moreau2801@gmail.com,Ironwood Realty,Referral,Qualified,true,2025-11-27,ACC00875,2026-01-04
LEAD002802,Sasha,Whitfield,sasha.whitfield2802@gmail.com,Cypress Properties,Social,Qualified,true,2023-06-04,ACC00025,2023-07-08
LEAD002803,Felix,Kearney,felix.kearney2803@realtyco.com,Harbor Group,Cold Outreach,Working,false,2025-02-20,,
LEAD002804,Elena,Castellanos,elena.castellanos2804@realtyco.com,Summit Realty,Referral,Qualified,true,2024-06-17,ACC00763,2024-06-23
LEAD002805,Morgan,Bergstrom,morgan.bergstrom2805@kw.com,Cypress Group,Partner,Disqualified,false,2025-06-16,,
LEAD002806,Theo,Rinaldi,theo.rinaldi2806@compass.com,Foxglove Real Estate,Conference,New,false,2023-03-30,,
LEAD002807,Morgan,Lindqvist,morgan.lindqvist2807@kw.com,Foxglove Realty,Paid Search,Nurturing,true,2023-11-03,,
LEAD002808,Sasha,Kaplan,sasha.kaplan2808@outlook.com,Foxglove Properties,Webinar,Nurturing,true,2024-06-26,,
LEAD002809,Naomi,Rinaldi,naomi.rinaldi2809@kw.com,Harbor Group,Partner,Qualified,true,2025-03-12,ACC00389,2025-03-22
LEAD002810,Camille,Osei,camille.osei2810@gmail.com,Stonebridge & Co.,Organic Search,Working,true,2023-01-29,,
LEAD002811,Avery,Whitfield,avery.whitfield2811@realtyco.com,Lakeshore Group,Social,New,false,2025-07-08,,
LEAD002812,Julian,Osei,julian.osei2812@gmail.com,Ironwood Partners,Partner,Nurturing,true,2023-07-30,,
LEAD002813,Maya,Kaplan,maya.kaplan2813@gmail.com,Blackwood Properties,Referral,Qualified,true,2026-05-22,ACC00629,2026-07-19
LEAD002814,Naomi,Castellanos,naomi.castellanos2814@realtyco.com,Meridian Partners,Cold Outreach,Disqualified,false,2023-08-15,,
LEAD002815,Sasha,Bergstrom,sasha.bergstrom2815@realtyco.com,Stonebridge Realty,Partner,Nurturing,false,2024-02-06,,
LEAD002816,Grant,Moreau,grant.moreau2816@realtyco.com,Stonebridge Partners,Paid Search,Working,true,2023-12-16,,
LEAD002817,Noel,Kearney,noel.kearney2817@kw.com,Ridgeline Realty,Paid Search,New,false,2026-01-09,,
LEAD002818,Sasha,Delgado,sasha.delgado2818@outlook.com,Lakeshore Partners,Organic Search,Nurturing,false,2025-04-29,,
LEAD002819,Jordan,Kaplan,jordan.kaplan2819@outlook.com,Beacon Realty,Referral,Working,true,2025-04-06,,
LEAD002820,Devin,Vasquez,devin.vasquez2820@gmail.com,Ironwood & Co.,Organic Search,Disqualified,false,2024-12-21,,
LEAD002821,Tessa,Castellanos,tessa.castellanos2821@compass.com,Ironwood & Co.,Partner,Disqualified,false,2026-03-18,,
LEAD002822,Skyler,Petrova,skyler.petrova2822@outlook.com,Summit Real Estate,Referral,Qualified,true,2023-04-22,ACC00298,2023-05-07
LEAD002823,Priya,Ahmed,priya.ahmed2823@kw.com,Meridian Group,Paid Search,Disqualified,false,2025-01-06,,
LEAD002824,Avery,Rinaldi,avery.rinaldi2824@compass.com,Beacon Realty,Social,Qualified,false,2026-02-19,,
LEAD002825,Sasha,Delgado,sasha.delgado2825@compass.com,Blackwood Real Estate,Organic Search,Qualified,true,2024-08-11,ACC00255,2024-09-03
LEAD002826,Rowan,Bergstrom,rowan.bergstrom2826@kw.com,Summit & Co.,PAID SEARCH,Qualified,true,2023-02-25,,
LEAD002827,Maya,Halvorsen,maya.halvorsen2827@realtyco.com,Meridian Realty,Partner,Qualified,true,2023-03-20,ACC00281,2023-04-22
LEAD002828,Julian,Okonkwo,julian.okonkwo2828@outlook.com,Beacon & Co.,,Nurturing,true,2024-10-06,,
LEAD002829,Avery,Nakamura,avery.nakamura2829@outlook.com,Summit & Co.,Partner,New,false,2025-07-21,,
LEAD002830,Jordan,Vasquez,jordan.vasquez2830@kw.com,Lakeshore Group,Organic Search,Disqualified,false,2023-04-13,,
LEAD002831,Camille,Delgado,camille.delgado2831@kw.com,Ridgeline Real Estate,Paid Search,Working,true,2026-01-15,,
LEAD002832,Priya,Whitfield,priya.whitfield2832@outlook.com,Cypress Group,Referral,New,false,2025-06-29,,
LEAD002833,Riley,Vasquez,riley.vasquez2833@gmail.com,Harbor Partners,Paid Search,Working,true,2025-01-27,,
LEAD002834,Camille,Thornton,camille.thornton2834@compass.com,Stonebridge & Co.,Cold Outreach,Disqualified,false,2023-01-28,,
LEAD002835,Morgan,Bautista,morgan.bautista2835@realtyco.com,Harbor Properties,Organic Search,New,false,2024-07-01,,
LEAD002836,Avery,Whitfield,avery.whitfield2836@realtyco.com,Stonebridge Group,Conference,New,false,2025-10-05,,
LEAD002837,Riley,Vasquez,riley.vasquez2837@compass.com,Ridgeline Partners,Webinar,Qualified,true,2025-05-26,ACC00415,2025-07-12
LEAD002838,Bianca,Ahmed,bianca.ahmed2838@outlook.com,Foxglove Group,Webinar,Qualified,true,2025-07-06,ACC00362,2025-08-14
LEAD002839,Skyler,Okonkwo,skyler.okonkwo2839@realtyco.com,Harbor Properties,Paid Search,Qualified,true,2025-02-07,ACC00322,2025-02-19
LEAD002840,Theo,Lindqvist,theo.lindqvist2840@gmail.com,Meridian Properties,Organic Search,Disqualified,false,2026-06-14,,
LEAD002841,Tessa,Petrova,tessa.petrova2841@outlook.com,Ironwood Group,Conference,Working,false,2026-03-30,,
LEAD002842,Skyler,Kaplan,skyler.kaplan2842@realtyco.com,Lakeshore Partners,Cold Outreach,Nurturing,true,2024-09-19,,
LEAD002843,Morgan,Thornton,morgan.thornton2843@kw.com,Stonebridge Properties,Cold Outreach,Disqualified,false,2023-03-06,,
LEAD002844,Naomi,Moreau,naomi.moreau2844@kw.com,Cornerstone Properties,Social,Nurturing,false,2025-12-29,,
LEAD002845,Jordan,Castellanos,jordan.castellanos2845@outlook.com,Stonebridge Real Estate,Paid Search,New,false,2024-02-11,,
LEAD002846,Owen,Bergstrom,owen.bergstrom2846@gmail.com,Meridian & Co.,,New,false,2023-08-01,,
LEAD002847,Maya,Castellanos,maya.castellanos2847@compass.com,Ironwood Partners,Paid Search ,Working,true,2025-10-12,,
LEAD002848,Marcus,Rinaldi,marcus.rinaldi2848@outlook.com,Beacon Group,Social,Working,true,2023-03-24,,
LEAD002849,Owen,Osei,owen.osei2849@outlook.com,Beacon Properties,Webinar,New,false,2025-05-23,,
LEAD002850,Owen,Okonkwo,owen.okonkwo2850@kw.com,Summit Realty,Referral,New,false,2026-02-10,,
LEAD002851,Theo,Kearney,theo.kearney2851@kw.com,Lakeshore Realty,Conference,New,false,2023-12-14,,
LEAD002852,Owen,Petrova,owen.petrova2852@kw.com,Cornerstone Partners,,Nurturing,true,2023-10-11,,
LEAD002853,Grant,Nakamura,grant.nakamura2853@gmail.com,Summit Partners,Organic Search,Nurturing,false,2025-11-01,,
LEAD002854,Noel,Bautista,noel.bautista2854@realtyco.com,Stonebridge Properties,Organic Search,Nurturing,true,2025-12-08,,
LEAD002855,Sasha,Ahmed,sasha.ahmed2855@compass.com,Harbor & Co.,Cold Outreach,New,false,2025-02-11,,
LEAD002856,Julian,Castellanos,julian.castellanos2856@kw.com,Meridian Partners,Conference,Nurturing,true,2023-11-18,,
LEAD002857,Morgan,Okonkwo,morgan.okonkwo2857@realtyco.com,Stonebridge Group,Paid Search,Qualified,true,2026-02-15,ACC00224,2026-04-13
LEAD002858,Owen,Rinaldi,owen.rinaldi2858@compass.com,Cornerstone Properties,Paid Search,Working,true,2026-02-02,,
LEAD002859,Priya,Kearney,priya.kearney2859@gmail.com,Cornerstone Realty,Social,Qualified,false,2025-02-11,ACC00213,2025-02-25
LEAD002860,Owen,Whitfield,owen.whitfield2860@gmail.com,Lakeshore & Co.,Partner,Working,true,2025-05-14,,
LEAD002861,Bianca,Halvorsen,bianca.halvorsen2861@compass.com,Summit & Co.,Webinar,Nurturing,true,2024-09-13,,
LEAD002862,Owen,Nakamura,owen.nakamura2862@compass.com,Cypress Partners,Webinar,New,false,2024-11-15,,
LEAD002863,Avery,Lindqvist,avery.lindqvist2863@compass.com,Foxglove Realty,Cold Outreach,Working,true,2023-06-14,,
LEAD002864,Felix,Rinaldi,felix.rinaldi2864@kw.com,Foxglove Group,Organic Search,Disqualified,false,2024-02-15,,
LEAD002865,Noel,Castellanos,noel.castellanos2865@realtyco.com,Cornerstone Properties,Social,Working,false,2024-07-07,,
LEAD002866,Camille,Kearney,camille.kearney2866@compass.com,Beacon Partners,Social,Qualified,true,2023-11-22,ACC00414,2024-01-19
LEAD002867,Jordan,Bautista,jordan.bautista2867@kw.com,Blackwood Realty,Paid Search,Working,false,2024-09-24,,
LEAD002868,Priya,Rinaldi,priya.rinaldi2868@gmail.com,Meridian Real Estate,Conference,Working,false,2025-07-08,,
LEAD002869,Owen,Vasquez,owen.vasquez2869@realtyco.com,Foxglove Group,Cold Outreach,Working,true,2025-05-25,,
LEAD002870,Priya,Kearney,priya.kearney2870@compass.com,Meridian Realty,Partner,Nurturing,false,2025-05-14,,
LEAD002871,Quinn,Castellanos,quinn.castellanos2871@gmail.com,Harbor Group,Social,New,false,2025-05-10,,
LEAD002872,Elena,Moreau,elena.moreau2872@kw.com,Foxglove Real Estate,Referral,Working,true,2024-04-11,,
LEAD002873,Rowan,Castellanos,rowan.castellanos2873@realtyco.com,Ironwood & Co.,Partner,Working,true,2024-02-20,,
LEAD002874,Tessa,Nakamura,tessa.nakamura2874@gmail.com,Cornerstone Group,Partner,Disqualified,false,2026-02-27,,
LEAD002875,Noel,Thornton,noel.thornton2875@realtyco.com,Cornerstone Partners,Conference,New,false,2025-10-15,,
LEAD002876,Naomi,Kaplan,naomi.kaplan2876@gmail.com,Summit & Co.,Referral,Qualified,true,2024-09-17,ACC00173,2024-10-15
LEAD002877,Tessa,Osei,tessa.osei2877@kw.com,Harbor Group,Partner,New,false,2024-08-07,,
LEAD002878,Theo,Okonkwo,theo.okonkwo2878@kw.com,Ironwood Group,,Nurturing,false,2026-03-06,,
LEAD002879,Bianca,Vasquez,bianca.vasquez2879@outlook.com,Summit Realty,Cold Outreach,Disqualified,false,2024-09-24,,
LEAD002880,Morgan,Halvorsen,morgan.halvorsen2880@kw.com,Stonebridge Group,Conference,New,false,2025-11-28,,
LEAD002881,Naomi,Nakamura,naomi.nakamura2881@compass.com,Meridian Real Estate,Cold Outreach,Qualified,false,2023-01-09,ACC00387,2023-02-24
LEAD002882,Julian,Delgado,julian.delgado2882@gmail.com,Ironwood Partners,Social,New,false,2023-04-26,,
LEAD002883,Devin,Petrova,devin.petrova2883@compass.com,Foxglove & Co.,,Working,true,2026-03-12,,
LEAD002884,Riley,Moreau,riley.moreau2884@outlook.com,Lakeshore Realty,Organic Search,New,false,2025-10-10,,
LEAD002885,Avery,Osei,avery.osei2885@realtyco.com,Cornerstone Group,Referral,Working,false,2024-07-06,,
LEAD002886,Naomi,Lindqvist,naomi.lindqvist2886@realtyco.com,Summit Group,Cold Outreach,Working,false,2025-04-27,,
LEAD002887,Marcus,Halvorsen,marcus.halvorsen2887@gmail.com,Ridgeline Real Estate,,Disqualified,false,2025-10-01,,
LEAD002888,Devin,Thornton,devin.thornton2888@compass.com,Beacon Group,Social,Nurturing,true,2024-01-29,,
LEAD002889,Felix,Nakamura,felix.nakamura2889@outlook.com,Cypress & Co.,Conference,Qualified,false,2023-05-02,,
LEAD002890,Quinn,Bergstrom,quinn.bergstrom2890@outlook.com,Foxglove Properties,Organic Search,Qualified,true,2023-04-12,ACC00080,2023-05-27
LEAD002891,Camille,Rinaldi,camille.rinaldi2891@outlook.com,Stonebridge Properties,Conference,Working,true,2024-07-25,,
LEAD002892,Marcus,Thornton,marcus.thornton2892@realtyco.com,Stonebridge Realty,Partner,Disqualified,false,2025-07-24,,
LEAD002893,Marcus,Halvorsen,marcus.halvorsen2893@realtyco.com,Meridian Partners,Referral,Working,true,2025-07-19,,
LEAD002894,Felix,Bautista,felix.bautista2894@gmail.com,Summit Realty,Conference,Qualified,true,2024-03-08,ACC00148,2024-04-20
LEAD002895,Julian,Kearney,julian.kearney2895@outlook.com,Meridian Real Estate,Conference,Nurturing,true,2024-08-20,,
LEAD002896,Noel,Ahmed,noel.ahmed2896@realtyco.com,Meridian Partners,Organic Search,Working,false,2023-09-26,,
LEAD002897,Jordan,Nakamura,jordan.nakamura2897@compass.com,Harbor Group,,Qualified,false,2024-08-05,ACC00382,2024-09-13
LEAD002898,Owen,Ahmed,owen.ahmed2898@kw.com,Lakeshore Realty,Conference,Working,false,2024-04-13,,
LEAD002899,Rowan,Lindqvist,rowan.lindqvist2899@compass.com,Summit Partners,Conference,Qualified,false,2024-02-23,ACC00770,2024-02-27
LEAD002900,Skyler,Kaplan,skyler.kaplan2900@realtyco.com,Beacon Real Estate,Cold Outreach,Working,false,2024-05-05,,
LEAD002901,Naomi,Ahmed,naomi.ahmed2901@outlook.com,Cypress Properties,Paid Search,Qualified,true,2024-10-29,,
LEAD002902,Morgan,Kaplan,morgan.kaplan2902@compass.com,Harbor Group,Partner,New,false,2024-01-09,,
LEAD002903,Elena,Ahmed,elena.ahmed2903@gmail.com,Lakeshore Realty,Webinar,Qualified,true,2025-10-12,ACC00453,2025-11-15
LEAD002904,Theo,Thornton,theo.thornton2904@outlook.com,Ridgeline Partners,Partner,Working,true,2023-02-10,,
LEAD002905,Elena,Delgado,elena.delgado2905@kw.com,Meridian Real Estate,Partner,New,false,2023-09-24,,
LEAD002906,Jordan,Ahmed,jordan.ahmed2906@outlook.com,Beacon Real Estate,Paid Search,Qualified,false,2025-10-02,,
LEAD002907,Camille,Halvorsen,camille.halvorsen2907@outlook.com,Ironwood Real Estate,Referral,Qualified,false,2024-11-04,ACC00863,2024-12-30
LEAD002908,Owen,Lindqvist,owen.lindqvist2908@compass.com,Foxglove Properties,Conference,Qualified,false,2025-01-11,,
LEAD002909,Devin,Rinaldi,devin.rinaldi2909@compass.com,Summit Realty,Referral,New,false,2026-03-10,,
LEAD002910,Tessa,Thornton,tessa.thornton2910@outlook.com,Beacon Group,Cold Outreach,Nurturing,true,2023-08-03,,
LEAD002911,Sasha,Halvorsen,sasha.halvorsen2911@gmail.com,Foxglove Partners,Cold Outreach,Qualified,true,2023-07-22,ACC00520,2023-08-07
LEAD002912,Rowan,Kaplan,rowan.kaplan2912@kw.com,Harbor Real Estate,Conference,Working,false,2024-03-12,,
LEAD002913,Felix,Moreau,felix.moreau2913@gmail.com,Summit Realty,Partner,New,false,2025-08-09,,
LEAD002914,Jordan,Nakamura,jordan.nakamura2914@compass.com,Lakeshore Real Estate,Partner,Nurturing,false,2025-10-18,,
LEAD002915,Julian,Okonkwo,julian.okonkwo2915@realtyco.com,Cornerstone Real Estate,Cold Outreach,New,false,2023-01-11,,
LEAD002916,Naomi,Okonkwo,naomi.okonkwo2916@kw.com,Ironwood Real Estate,Webinar,Qualified,true,2025-05-13,ACC00512,2025-05-29
LEAD002917,Felix,Kearney,felix.kearney2917@kw.com,Ridgeline Properties,Referral,Nurturing,true,2025-08-15,,
LEAD002918,Owen,Halvorsen,owen.halvorsen2918@realtyco.com,Cornerstone Real Estate,Webinar,Qualified,true,2024-10-11,ACC00022,2024-11-25
LEAD002919,Grant,Whitfield,grant.whitfield2919@gmail.com,Blackwood & Co.,Cold Outreach,New,false,2025-06-29,,
LEAD002920,Marcus,Ahmed,marcus.ahmed2920@kw.com,Foxglove Group,Conference,Qualified,true,2026-05-31,ACC00330,2026-07-09
LEAD002921,Grant,Petrova,grant.petrova2921@gmail.com,Meridian & Co.,Conference,Nurturing,false,2023-12-27,,
LEAD002922,Camille,Rinaldi,camille.rinaldi2922@kw.com,Cypress Group,Cold Outreach,Disqualified,false,2023-06-02,,
LEAD002923,Avery,Rinaldi,avery.rinaldi2923@outlook.com,Lakeshore Realty,Cold Outreach,Disqualified,false,2023-05-01,,
LEAD002924,Naomi,Moreau,naomi.moreau2924@kw.com,Ridgeline Realty,Webinar,Nurturing,true,2023-03-04,,
LEAD002925,Bianca,Moreau,bianca.moreau2925@kw.com,Harbor Real Estate,Conference,Working,true,2024-07-14,,
LEAD002926,Noel,Rinaldi,noel.rinaldi2926@realtyco.com,Cornerstone Group,Paid Search,New,false,2025-02-09,,
LEAD002927,Avery,Kaplan,avery.kaplan2927@realtyco.com,Beacon Group,Referral,Working,true,2023-01-03,,
LEAD002928,Naomi,Petrova,naomi.petrova2928@kw.com,Blackwood Realty,Social,Qualified,false,2025-01-12,ACC00758,2025-02-14
LEAD002929,Priya,Whitfield,priya.whitfield2929@outlook.com,Cornerstone Properties,Cold Outreach,Qualified,true,2025-06-06,,
LEAD002930,Marcus,Osei,marcus.osei2930@kw.com,Harbor Partners,Organic Search,New,false,2024-01-16,,
LEAD002931,Priya,Bergstrom,priya.bergstrom2931@realtyco.com,Ridgeline Real Estate,Webinar,Qualified,true,2025-08-05,ACC00537,2025-09-26
LEAD002932,Camille,Bautista,camille.bautista2932@compass.com,Foxglove Partners,Partner,New,false,2023-05-24,,
LEAD002933,Morgan,Thornton,morgan.thornton2933@kw.com,Meridian Realty,Social,Qualified,true,2023-04-26,ACC00659,2023-05-06
LEAD002934,Julian,Okonkwo,julian.okonkwo2934@kw.com,Beacon Real Estate,PAID SEARCH,Qualified,true,2024-11-10,ACC00504,2024-12-26
LEAD002935,Skyler,Moreau,skyler.moreau2935@compass.com,Ironwood & Co.,Conference,New,false,2026-05-02,,
LEAD002936,Jordan,Kearney,jordan.kearney2936@outlook.com,Meridian Real Estate,Conference,Qualified,true,2025-08-02,,
LEAD002937,Owen,Halvorsen,owen.halvorsen2937@compass.com,Cypress Real Estate,Conference,Working,false,2026-01-13,,
LEAD002938,Casey,Ahmed,casey.ahmed2938@compass.com,Stonebridge Partners,Social,Working,true,2024-03-19,,
LEAD002939,Tessa,Nakamura,tessa.nakamura2939@outlook.com,Summit Realty,Conference,New,false,2025-07-04,,
LEAD002940,Bianca,Rinaldi,bianca.rinaldi2940@gmail.com,Harbor Properties,Cold Outreach,Qualified,false,2023-05-13,ACC00723,2023-06-07
LEAD002941,Skyler,Petrova,skyler.petrova2941@compass.com,Harbor Group, Referral,Working,true,2025-07-15,,
LEAD002942,Quinn,Kearney,quinn.kearney2942@compass.com,Foxglove Realty,Conference,Working,true,2024-01-09,,
LEAD002943,Julian,Kaplan,julian.kaplan2943@outlook.com,Foxglove Properties,,Working,false,2025-05-10,,
LEAD002944,Devin,Osei,devin.osei2944@outlook.com,Harbor & Co.,Social,New,false,2024-04-27,,
LEAD002945,Theo,Kaplan,theo.kaplan2945@compass.com,Summit Realty,organic search,Working,true,2025-01-16,,
LEAD002946,Julian,Okonkwo,julian.okonkwo2946@realtyco.com,Summit Group,Partner,Working,false,2024-09-14,,
LEAD002947,Sasha,Kaplan,sasha.kaplan2947@outlook.com,Beacon Real Estate,Organic Search,Working,true,2024-11-03,,
LEAD002948,Riley,Kaplan,riley.kaplan2948@gmail.com,Summit Real Estate,Partner,Nurturing,true,2023-11-25,,
LEAD002949,Tessa,Okonkwo,tessa.okonkwo2949@gmail.com,Ironwood & Co.,Organic Search,Working,true,2025-05-15,,
LEAD002950,Felix,Petrova,felix.petrova2950@compass.com,Blackwood Properties,Organic Search,New,false,2023-07-16,,
LEAD002951,Avery,Osei,avery.osei2951@realtyco.com,Cypress Properties,PAID SEARCH,Nurturing,true,2025-08-18,,
LEAD002952,Grant,Whitfield,grant.whitfield2952@realtyco.com,Stonebridge Partners,Social,Qualified,true,2024-06-06,,
LEAD002953,Avery,Okonkwo,avery.okonkwo2953@gmail.com,Beacon Group,Paid Search,Qualified,true,2024-04-17,ACC00279,2024-05-16
LEAD002954,Theo,Osei,theo.osei2954@gmail.com,Meridian Group,Referral,Qualified,true,2023-12-31,ACC00612,2024-01-19
LEAD002955,Devin,Bautista,devin.bautista2955@outlook.com,Ironwood Properties,referral,New,false,2024-03-09,,
LEAD002956,Skyler,Ahmed,skyler.ahmed2956@realtyco.com,Meridian Group,Referral,Qualified,false,2023-10-02,ACC00768,2023-11-08
LEAD002957,Quinn,Osei,quinn.osei2957@realtyco.com,Blackwood Properties,Referral,Working,false,2025-11-02,,
LEAD002958,Elena,Kearney,elena.kearney2958@realtyco.com,Foxglove Group,Organic Search,New,false,2024-01-08,,
LEAD002959,Camille,Petrova,camille.petrova2959@outlook.com,Meridian Real Estate,Conference,Qualified,false,2026-05-17,ACC00390,2026-05-26
LEAD002960,Devin,Thornton,devin.thornton2960@compass.com,Cornerstone Real Estate,Referral,Working,true,2024-05-23,,
LEAD002961,Morgan,Rinaldi,morgan.rinaldi2961@outlook.com,Ridgeline Group,Referral,Disqualified,false,2024-10-16,,
LEAD002962,Rowan,Ahmed,rowan.ahmed2962@kw.com,Lakeshore Partners,Organic Search,Qualified,true,2023-10-24,ACC00394,2023-12-02
LEAD002963,Avery,Halvorsen,avery.halvorsen2963@realtyco.com,Stonebridge Group,Webinar,New,false,2024-02-09,,
LEAD002964,Priya,Bautista,priya.bautista2964@realtyco.com,Summit Partners,Conference,New,false,2023-04-01,,
LEAD002965,Grant,Kearney,grant.kearney2965@outlook.com,Meridian Properties,Partner,Qualified,false,2023-11-23,ACC00154,2024-01-12
LEAD002966,Felix,Rinaldi,felix.rinaldi2966@realtyco.com,Cypress Partners,Partner,New,false,2023-02-17,,
LEAD002967,Felix,Delgado,felix.delgado2967@outlook.com,Ironwood Properties,Paid Search,Nurturing,false,2025-02-18,,
LEAD002968,Maya,Kaplan,maya.kaplan2968@gmail.com,Lakeshore Properties,Social,New,false,2025-04-17,,
LEAD002969,Casey,Rinaldi,casey.rinaldi2969@realtyco.com,Beacon Partners,Webinar,Qualified,false,2023-02-20,,
LEAD002970,Noel,Kearney,noel.kearney2970@outlook.com,Beacon Real Estate,Partner,Nurturing,true,2025-11-09,,
LEAD002971,Camille,Whitfield,camille.whitfield2971@compass.com,Meridian Real Estate,Paid Search,Qualified,false,2025-12-11,ACC00454,2025-12-25
LEAD002972,Riley,Nakamura,riley.nakamura2972@realtyco.com,Beacon & Co.,Webinar,Qualified,false,2023-11-04,ACC00455,2023-12-29
LEAD002973,Skyler,Halvorsen,skyler.halvorsen2973@outlook.com,Foxglove Group,Conference,Working,false,2025-03-07,,
LEAD002974,Casey,Nakamura,casey.nakamura2974@realtyco.com,Ironwood Group,Paid Search,New,false,2023-11-10,,
LEAD002975,Grant,Ahmed,grant.ahmed2975@kw.com,Harbor Real Estate,Partner,Nurturing,false,2023-09-27,,
LEAD002976,Noel,Okonkwo,noel.okonkwo2976@gmail.com,Summit Partners,Webinar,Working,false,2025-06-04,,
LEAD002977,Owen,Delgado,owen.delgado2977@compass.com,Stonebridge Partners,referral,Disqualified,false,2025-11-28,,
LEAD002978,Avery,Lindqvist,avery.lindqvist2978@gmail.com,Summit Properties,Social,Qualified,true,2024-01-15,,
LEAD002979,Skyler,Whitfield,skyler.whitfield2979@outlook.com,Lakeshore & Co.,Partner,Qualified,true,2025-01-07,ACC00419,2025-02-05
LEAD002980,Bianca,Petrova,bianca.petrova2980@outlook.com,Cypress Real Estate,,New,false,2026-06-10,,
LEAD002981,Sasha,Whitfield,sasha.whitfield2981@gmail.com,Summit Partners,Partner,Nurturing,true,2026-01-28,,
LEAD002982,Theo,Nakamura,theo.nakamura2982@compass.com,Foxglove Group,,Qualified,false,2024-02-23,ACC00084,2024-02-27
LEAD002983,Grant,Bautista,grant.bautista2983@kw.com,Ridgeline Realty,Conference,Working,false,2024-08-09,,
LEAD002984,Quinn,Osei,quinn.osei2984@compass.com,Cornerstone Realty,Social,New,false,2025-10-09,,
LEAD002985,Maya,Kaplan,maya.kaplan2985@outlook.com,Summit Real Estate,Paid Search,Disqualified,false,2025-10-29,,
LEAD002986,Camille,Halvorsen,camille.halvorsen2986@gmail.com,Cypress Realty,Partner,Qualified,true,2024-11-05,ACC00103,2024-12-13
LEAD002987,Owen,Halvorsen,owen.halvorsen2987@outlook.com,Harbor Realty,Social,New,false,2024-07-25,,
LEAD002988,Quinn,Petrova,quinn.petrova2988@gmail.com,Ridgeline & Co.,Social,New,false,2024-12-31,,
LEAD002989,Skyler,Moreau,skyler.moreau2989@outlook.com,Ridgeline Partners,organic search,Working,false,2023-09-30,,
LEAD002990,Owen,Kearney,owen.kearney2990@outlook.com,Summit Partners,Organic Search,Nurturing,true,2026-02-03,,
LEAD002991,Elena,Moreau,elena.moreau2991@kw.com,Harbor Real Estate,Cold Outreach,Working,false,2025-02-19,,
LEAD002992,Morgan,Whitfield,morgan.whitfield2992@gmail.com,Harbor Partners,Cold Outreach,Disqualified,false,2026-03-23,,
LEAD002993,Theo,Nakamura,theo.nakamura2993@outlook.com,Cypress & Co.,Organic Search,New,false,2024-10-25,,
LEAD002994,Avery,Kaplan,avery.kaplan2994@compass.com,Foxglove Real Estate,Social,New,false,2024-03-16,,
LEAD002995,Riley,Lindqvist,riley.lindqvist2995@kw.com,Harbor & Co.,Organic Search,Working,true,2023-01-11,,
LEAD002996,Noel,Okonkwo,noel.okonkwo2996@gmail.com,Foxglove & Co.,Social,Nurturing,true,2025-08-11,,
LEAD002997,Jordan,Kearney,jordan.kearney2997@realtyco.com,Cornerstone Properties,Partner,Disqualified,false,2023-01-15,,
LEAD002998,Skyler,Thornton,skyler.thornton2998@realtyco.com,Harbor Realty,Organic Search,Working,true,2023-02-25,,
LEAD002999,Bianca,Ahmed,bianca.ahmed2999@realtyco.com,Harbor Properties,organic search,Qualified,true,2025-02-12,,
LEAD003000,Casey,Whitfield,casey.whitfield3000@compass.com,Ridgeline Group,Partner,New,false,2026-04-26,,
LEAD003001,Avery,Halvorsen,avery.halvorsen3001@kw.com,Ironwood Group,Organic Search,Nurturing,true,2024-09-25,,
LEAD003002,Bianca,Okonkwo,bianca.okonkwo3002@realtyco.com,Beacon Group,Partner,Disqualified,false,2024-03-31,,
LEAD003003,Skyler,Bergstrom,skyler.bergstrom3003@gmail.com,Summit Real Estate,Organic Search,New,false,2026-05-24,,
LEAD003004,Marcus,Moreau,marcus.moreau3004@realtyco.com,Ironwood Real Estate,Referral,New,false,2025-03-13,,
LEAD003005,Rowan,Moreau,rowan.moreau3005@gmail.com,Cornerstone Real Estate,Partner,Disqualified,false,2024-07-02,,
LEAD003006,Elena,Thornton,elena.thornton3006@gmail.com,Cypress Realty,Conference,Qualified,false,2025-01-08,ACC00900,2025-01-14
LEAD003007,Theo,Whitfield,theo.whitfield3007@realtyco.com,Harbor Real Estate,Webinar,New,false,2023-10-15,,
LEAD003008,Owen,Kearney,owen.kearney3008@kw.com,Lakeshore Realty,PAID SEARCH,New,false,2026-05-21,,
LEAD003009,Julian,Vasquez,julian.vasquez3009@realtyco.com,Summit Group,Referral,Nurturing,true,2023-09-03,,
LEAD003010,Noel,Nakamura,noel.nakamura3010@kw.com,Cypress & Co.,Conference,Qualified,false,2023-10-25,ACC00872,2023-11-19
LEAD003011,Sasha,Halvorsen,sasha.halvorsen3011@gmail.com,Summit Properties,PAID SEARCH,Disqualified,false,2023-12-04,,
LEAD003012,Noel,Vasquez,noel.vasquez3012@outlook.com,Stonebridge & Co.,Conference,Qualified,false,2024-04-10,ACC00457,2024-05-01
LEAD003013,Camille,Moreau,camille.moreau3013@gmail.com,Blackwood Group,Social,Working,true,2026-04-07,,
LEAD003014,Devin,Whitfield,devin.whitfield3014@kw.com,Stonebridge Real Estate,,Qualified,true,2026-02-20,,
LEAD003015,Camille,Delgado,camille.delgado3015@kw.com,Stonebridge Properties,Partner,Working,true,2024-10-07,,
LEAD003016,Skyler,Osei,skyler.osei3016@outlook.com,Blackwood Group,Paid Search,Nurturing,true,2023-07-10,,
LEAD003017,Owen,Moreau,owen.moreau3017@outlook.com,Cornerstone Partners,Partner,Working,true,2024-06-24,,
LEAD003018,Marcus,Moreau,marcus.moreau3018@realtyco.com,Lakeshore Properties,paid search,Working,false,2025-10-04,,
LEAD003019,Riley,Delgado,riley.delgado3019@gmail.com,Meridian Group,Organic Search,New,false,2024-06-05,,
LEAD003020,Marcus,Kaplan,marcus.kaplan3020@kw.com,Cornerstone Partners,Cold Outreach,New,false,2025-10-04,,
LEAD003021,Theo,Okonkwo,theo.okonkwo3021@kw.com,Cornerstone Real Estate,Conference,Nurturing,true,2024-12-19,,
LEAD003022,Theo,Petrova,theo.petrova3022@compass.com,Ridgeline Real Estate,,Disqualified,false,2026-06-20,,
LEAD003023,Tessa,Thornton,tessa.thornton3023@realtyco.com,Stonebridge Partners,organic search,Working,false,2025-06-07,,
LEAD003024,Camille,Petrova,camille.petrova3024@outlook.com,Lakeshore Realty,Social,Working,true,2024-06-15,,
LEAD003025,Devin,Okonkwo,devin.okonkwo3025@compass.com,Meridian Real Estate,Conference,Disqualified,false,2023-06-09,,
LEAD003026,Casey,Thornton,casey.thornton3026@kw.com,Harbor Realty,Paid Search,New,false,2025-08-17,,
LEAD003027,Casey,Bautista,casey.bautista3027@outlook.com,Cypress & Co.,Cold Outreach,New,false,2024-12-06,,
LEAD003028,Casey,Vasquez,casey.vasquez3028@compass.com,Ironwood Group,,New,false,2024-11-14,,
LEAD003029,Bianca,Moreau,bianca.moreau3029@outlook.com,Cypress Properties,Organic Search,Qualified,false,2026-01-04,ACC00811,2026-01-29
LEAD003030,Jordan,Vasquez,jordan.vasquez3030@compass.com,Cornerstone Realty,Paid Search,Disqualified,false,2024-02-03,,
LEAD003031,Rowan,Kearney,rowan.kearney3031@kw.com,Meridian Properties,,Qualified,false,2025-12-15,ACC00446,2026-01-16
LEAD003032,Riley,Moreau,riley.moreau3032@gmail.com,Meridian Partners,,Nurturing,true,2023-02-05,,
LEAD003033,Devin,Halvorsen,devin.halvorsen3033@compass.com,Harbor Group,Conference,Qualified,true,2024-08-23,ACC00778,2024-09-22
LEAD003034,Julian,Osei,julian.osei3034@gmail.com,Stonebridge & Co.,Webinar,Working,true,2025-08-22,,
LEAD003035,Devin,Osei,devin.osei3035@kw.com,Meridian Properties,Partner,Nurturing,true,2025-10-11,,
LEAD003036,Quinn,Osei,quinn.osei3036@outlook.com,Beacon Realty,Referral,Disqualified,false,2024-04-09,,
LEAD003037,Skyler,Kaplan,skyler.kaplan3037@gmail.com,Blackwood Realty,Paid Search,Working,false,2026-03-15,,
LEAD003038,Marcus,Delgado,marcus.delgado3038@compass.com,Beacon Partners,Social,Qualified,false,2023-02-13,ACC00245,2023-03-24
LEAD003039,Sasha,Kaplan,sasha.kaplan3039@gmail.com,Ridgeline & Co.,Paid Search,Qualified,true,2025-06-02,ACC00870,2025-07-05
LEAD003040,Rowan,Osei,rowan.osei3040@gmail.com,Harbor Properties,Social,Qualified,false,2024-05-07,ACC00110,2024-06-13
LEAD003041,Owen,Ahmed,owen.ahmed3041@kw.com,Stonebridge Realty,,Working,false,2024-01-30,,
LEAD003042,Felix,Kearney,felix.kearney3042@realtyco.com,Beacon Partners,Partner,New,false,2023-10-20,,
LEAD003043,Quinn,Whitfield,quinn.whitfield3043@outlook.com,Stonebridge Group,Webinar,Nurturing,true,2025-06-30,,
LEAD003044,Elena,Vasquez,elena.vasquez3044@outlook.com,Harbor & Co.,Partner,Working,true,2024-12-15,,
LEAD003045,Noel,Bautista,noel.bautista3045@outlook.com,Beacon & Co.,Cold Outreach,Working,false,2025-12-29,,
LEAD003046,Avery,Kearney,avery.kearney3046@gmail.com,Blackwood Real Estate,Conference,New,false,2025-12-06,,
LEAD003047,Grant,Thornton,grant.thornton3047@compass.com,Summit & Co.,Organic Search,New,false,2025-08-28,,
LEAD003048,Elena,Kaplan,elena.kaplan3048@kw.com,Stonebridge Properties,Paid Search,Working,true,2025-11-06,,
LEAD003049,Quinn,Osei,quinn.osei3049@compass.com,Beacon Properties,Social,Qualified,false,2023-05-15,ACC00287,2023-07-08
LEAD003050,Tessa,Delgado,tessa.delgado3050@kw.com,Ridgeline Properties,Conference,Qualified,true,2023-06-10,ACC00616,2023-06-25
LEAD003051,Skyler,Bautista,skyler.bautista3051@compass.com,Stonebridge Properties,Conference,Qualified,true,2023-01-15,ACC00710,2023-03-16
LEAD003052,Morgan,Kaplan,morgan.kaplan3052@outlook.com,Stonebridge Partners,Conference,Working,true,2025-04-02,,
LEAD003053,Maya,Osei,maya.osei3053@outlook.com,Foxglove Partners,Organic Search,Qualified,false,2026-02-10,ACC00170,2026-04-10
LEAD003054,Sasha,Moreau,sasha.moreau3054@compass.com,Cypress Properties,Organic Search,Qualified,true,2026-02-17,ACC00692,2026-04-05
LEAD003055,Quinn,Kaplan,quinn.kaplan3055@outlook.com,Cornerstone Real Estate,Partner,Working,true,2024-02-14,,
LEAD003056,Felix,Halvorsen,felix.halvorsen3056@kw.com,Blackwood Real Estate,Social,New,false,2025-12-03,,
LEAD003057,Avery,Halvorsen,avery.halvorsen3057@gmail.com,Lakeshore & Co.,Partner,Qualified,true,2023-11-24,ACC00888,2023-12-01
LEAD003058,Bianca,Kaplan,bianca.kaplan3058@compass.com,Foxglove Properties,Social,New,false,2025-05-04,,
LEAD003059,Julian,Bergstrom,julian.bergstrom3059@gmail.com,Cypress Properties,Cold Outreach,Nurturing,false,2026-05-17,,
LEAD003060,Quinn,Rinaldi,quinn.rinaldi3060@realtyco.com,Cornerstone Partners,Organic Search,Working,true,2025-11-24,,
LEAD003061,Felix,Castellanos,felix.castellanos3061@realtyco.com,Cypress Partners,,New,false,2024-05-12,,
LEAD003062,Morgan,Kaplan,morgan.kaplan3062@outlook.com,Cornerstone Realty,Partner,Qualified,false,2024-11-28,,
LEAD003063,Noel,Halvorsen,noel.halvorsen3063@kw.com,Beacon Realty,,Nurturing,false,2026-02-05,,
LEAD003064,Elena,Kaplan,elena.kaplan3064@outlook.com,Summit Real Estate,Paid Search,Disqualified,false,2023-11-05,,
LEAD003065,Skyler,Osei,skyler.osei3065@realtyco.com,Ironwood Properties,Conference,Working,true,2023-09-20,,
LEAD003066,Julian,Kearney,julian.kearney3066@outlook.com,Ridgeline Partners,Partner,Nurturing,true,2026-02-13,,
LEAD003067,Tessa,Whitfield,tessa.whitfield3067@outlook.com,Ironwood Real Estate,Webinar,Qualified,true,2025-05-01,ACC00227,2025-05-08
LEAD003068,Bianca,Okonkwo,bianca.okonkwo3068@kw.com,Meridian Real Estate,Cold Outreach,Working,true,2025-05-23,,
LEAD003069,Rowan,Osei,rowan.osei3069@realtyco.com,Ironwood Realty,Webinar,Nurturing,false,2025-04-08,,
LEAD003070,Owen,Ahmed,owen.ahmed3070@kw.com,Cypress Group,Webinar,Working,true,2024-12-25,,
LEAD003071,Maya,Ahmed,maya.ahmed3071@compass.com,Stonebridge Properties,Webinar,Nurturing,true,2024-11-25,,
LEAD003072,Marcus,Kearney,marcus.kearney3072@gmail.com,Blackwood Properties,Referral,Disqualified,false,2026-03-04,,
LEAD003073,Elena,Ahmed,elena.ahmed3073@gmail.com,Ridgeline Realty,Paid Search,Working,false,2024-10-26,,
LEAD003074,Owen,Nakamura,owen.nakamura3074@compass.com,Harbor Partners,Cold Outreach,Nurturing,false,2026-06-19,,
LEAD003075,Felix,Whitfield,felix.whitfield3075@outlook.com,Meridian Group,Social,New,false,2024-04-24,,
LEAD003076,Avery,Bergstrom,avery.bergstrom3076@outlook.com,Ironwood Real Estate,Paid Search,New,false,2025-11-06,,
LEAD003077,Sasha,Whitfield,sasha.whitfield3077@gmail.com,Meridian Real Estate,Partner,Qualified,true,2025-11-15,ACC00813,2025-12-14
LEAD003078,Avery,Halvorsen,avery.halvorsen3078@gmail.com,Cornerstone Properties,Webinar,New,false,2025-10-25,,
LEAD003079,Theo,Lindqvist,theo.lindqvist3079@outlook.com,Lakeshore Realty,Referral,Nurturing,true,2023-03-08,,
LEAD003080,Noel,Thornton,noel.thornton3080@compass.com,Ironwood Properties,Cold Outreach,Nurturing,true,2025-07-07,,
LEAD003081,Sasha,Kaplan,sasha.kaplan3081@kw.com,Summit Group,Social,Qualified,false,2023-01-23,,
LEAD003082,Camille,Delgado,camille.delgado3082@gmail.com,Summit & Co.,Conference,Nurturing,true,2025-12-07,,
LEAD003083,Noel,Moreau,noel.moreau3083@kw.com,Ironwood Realty,Organic Search,New,false,2025-04-15,,
LEAD003084,Maya,Nakamura,maya.nakamura3084@kw.com,Stonebridge Real Estate,Conference,Working,true,2024-08-23,,
LEAD003085,Riley,Lindqvist,riley.lindqvist3085@kw.com,Meridian Partners,Webinar,Disqualified,false,2024-03-12,,
LEAD003086,Priya,Rinaldi,priya.rinaldi3086@realtyco.com,Ridgeline Partners,Cold Outreach,Qualified,true,2024-11-11,ACC00706,2024-11-26
LEAD003087,Skyler,Bergstrom,skyler.bergstrom3087@compass.com,Ironwood Partners,Referral,Qualified,false,2025-12-10,,
LEAD003088,Sasha,Moreau,sasha.moreau3088@gmail.com,Blackwood Realty,Social,Nurturing,true,2025-11-18,,
LEAD003089,Avery,Delgado,avery.delgado3089@realtyco.com,Lakeshore Realty,Webinar,Nurturing,true,2025-05-08,,
LEAD003090,Felix,Petrova,felix.petrova3090@outlook.com,Ridgeline & Co.,Webinar,Nurturing,false,2023-09-05,,
LEAD003091,Theo,Delgado,theo.delgado3091@gmail.com,Foxglove Properties,Conference,Disqualified,false,2023-02-15,,
LEAD003092,Riley,Delgado,riley.delgado3092@compass.com,Meridian Realty,Cold Outreach,Working,false,2024-07-16,,
LEAD003093,Camille,Nakamura,camille.nakamura3093@kw.com,Ridgeline Properties,Partner,Qualified,true,2024-12-02,,
LEAD003094,Naomi,Delgado,naomi.delgado3094@outlook.com,Beacon & Co.,Cold Outreach,Nurturing,true,2025-05-08,,
LEAD003095,Grant,Thornton,grant.thornton3095@kw.com,Ironwood Partners,Paid Search,Nurturing,true,2023-08-12,,
LEAD003096,Bianca,Delgado,bianca.delgado3096@kw.com,Harbor Real Estate,Referral,Nurturing,true,2023-09-21,,
LEAD003097,Priya,Vasquez,priya.vasquez3097@gmail.com,Ridgeline Real Estate,organic search,Working,false,2025-07-13,,
LEAD003098,Maya,Ahmed,maya.ahmed3098@compass.com,Beacon Partners,Webinar,Qualified,true,2024-09-02,ACC00098,2024-10-28
LEAD003099,Morgan,Bergstrom,morgan.bergstrom3099@compass.com,Meridian Real Estate,Partner,Qualified,true,2025-03-06,ACC00855,2025-05-01
LEAD003100,Avery,Bautista,avery.bautista3100@realtyco.com,Harbor Real Estate,Partner,Disqualified,false,2025-09-07,,
LEAD003101,Maya,Bergstrom,maya.bergstrom3101@gmail.com,Foxglove Group,Paid Search,Working,false,2024-10-24,,
LEAD003102,Elena,Rinaldi,elena.rinaldi3102@realtyco.com,Lakeshore & Co.,Referral,Working,true,2024-07-25,,
LEAD003103,Sasha,Osei,sasha.osei3103@realtyco.com,Summit Partners,Paid Search,Qualified,true,2023-05-11,ACC00498,2023-06-13
LEAD003104,Riley,Bergstrom,riley.bergstrom3104@kw.com,Cypress Properties,Organic Search,New,false,2026-06-05,,
LEAD003105,Sasha,Whitfield,sasha.whitfield3105@compass.com,Stonebridge Realty,Cold Outreach,Disqualified,false,2024-04-12,,
LEAD003106,Grant,Whitfield,grant.whitfield3106@gmail.com,Stonebridge Partners,Cold Outreach,Nurturing,true,2026-02-20,,
LEAD003107,Morgan,Delgado,morgan.delgado3107@outlook.com,Lakeshore Partners,Webinar,Nurturing,false,2026-03-25,,
LEAD003108,Julian,Halvorsen,julian.halvorsen3108@kw.com,Beacon Realty,Partner,New,false,2024-09-15,,
LEAD003109,Owen,Petrova,owen.petrova3109@compass.com,Ironwood Realty,Partner,Working,true,2024-01-07,,
LEAD003110,Rowan,Bergstrom,rowan.bergstrom3110@outlook.com,Summit Properties,Partner,Nurturing,true,2026-02-24,,
LEAD003111,Tessa,Castellanos,tessa.castellanos3111@kw.com,Ironwood Group,Partner,Nurturing,false,2024-09-12,,
LEAD003112,Elena,Halvorsen,elena.halvorsen3112@outlook.com,Blackwood Real Estate,Paid Search,Working,true,2025-07-15,,
LEAD003113,Marcus,Moreau,marcus.moreau3113@compass.com,Foxglove Realty,Organic Search,New,false,2023-09-28,,
LEAD003114,Riley,Nakamura,riley.nakamura3114@outlook.com,Cypress Realty,Webinar,Disqualified,false,2025-12-23,,
LEAD003115,Avery,Nakamura,avery.nakamura3115@gmail.com,Blackwood & Co.,Cold Outreach,Working,true,2023-02-08,,
LEAD003116,Owen,Osei,owen.osei3116@outlook.com,Cornerstone Properties,,New,false,2025-05-07,,
LEAD003117,Riley,Vasquez,riley.vasquez3117@gmail.com,Lakeshore & Co.,,Working,true,2023-09-30,,
LEAD003118,Owen,Ahmed,owen.ahmed3118@gmail.com,Foxglove Properties,Social,Working,true,2023-10-25,,
LEAD003119,Felix,Delgado,felix.delgado3119@compass.com,Blackwood Properties,Webinar,Working,true,2024-05-09,,
LEAD003120,Sasha,Ahmed,sasha.ahmed3120@gmail.com,Ironwood & Co.,Cold Outreach,Disqualified,false,2024-06-09,,
LEAD003121,Grant,Nakamura,grant.nakamura3121@gmail.com,Summit Properties,,Working,true,2026-03-24,,
LEAD003122,Marcus,Kaplan,marcus.kaplan3122@outlook.com,Blackwood & Co.,Webinar,Qualified,false,2025-09-24,ACC00277,2025-10-05
LEAD003123,Devin,Thornton,devin.thornton3123@gmail.com,Cornerstone Real Estate,Partner,New,false,2024-07-30,,
LEAD003124,Elena,Osei,elena.osei3124@compass.com,Cypress Real Estate,Referral,New,false,2025-07-20,,
LEAD003125,Quinn,Bautista,quinn.bautista3125@realtyco.com,Foxglove Group,Organic Search,Qualified,false,2026-05-17,,
LEAD003126,Priya,Osei,priya.osei3126@gmail.com,Cornerstone Real Estate,Partner,Qualified,true,2023-09-14,ACC00626,2023-10-19
LEAD003127,Maya,Rinaldi,maya.rinaldi3127@compass.com,Harbor Real Estate,Organic Search,Qualified,false,2024-11-13,ACC00761,2024-12-03
LEAD003128,Priya,Whitfield,priya.whitfield3128@kw.com,Stonebridge Group, Referral,Qualified,true,2025-02-05,ACC00165,2025-02-25
LEAD003129,Jordan,Petrova,jordan.petrova3129@compass.com,Stonebridge Group,Paid Search,New,false,2026-06-17,,
LEAD003130,Bianca,Rinaldi,bianca.rinaldi3130@gmail.com,Cornerstone Realty,Social,Working,true,2024-03-23,,
LEAD003131,Elena,Petrova,elena.petrova3131@realtyco.com,Blackwood Properties,Webinar,Nurturing,true,2024-09-25,,
LEAD003132,Maya,Vasquez,maya.vasquez3132@outlook.com,Harbor Real Estate,,Disqualified,false,2024-06-04,,
LEAD003133,Devin,Okonkwo,devin.okonkwo3133@realtyco.com,Foxglove Properties,Social,Disqualified,false,2025-08-25,,
LEAD003134,Bianca,Whitfield,bianca.whitfield3134@outlook.com,Ridgeline & Co.,Webinar,Qualified,true,2023-03-19,,
LEAD003135,Noel,Castellanos,noel.castellanos3135@kw.com,Ridgeline Real Estate,Cold Outreach,Qualified,true,2023-02-21,ACC00018,2023-03-18
LEAD003136,Camille,Thornton,camille.thornton3136@outlook.com,Cornerstone Real Estate,Cold Outreach,Working,true,2025-02-26,,
LEAD003137,Bianca,Lindqvist,bianca.lindqvist3137@compass.com,Cypress Group,,Qualified,false,2024-03-01,ACC00859,2024-04-07
LEAD003138,Sasha,Rinaldi,sasha.rinaldi3138@realtyco.com,Beacon Properties,Referral,Qualified,false,2025-12-22,ACC00209,2026-01-30
LEAD003139,Owen,Bergstrom,owen.bergstrom3139@gmail.com,Cypress Real Estate,Social,New,false,2026-05-21,,
LEAD003140,Sasha,Osei,sasha.osei3140@kw.com,Blackwood Group,Conference,Qualified,false,2025-01-10,ACC00393,2025-01-14
LEAD003141,Quinn,Vasquez,quinn.vasquez3141@outlook.com,Beacon Realty,,New,false,2025-02-11,,
LEAD003142,Sasha,Bautista,sasha.bautista3142@compass.com,Summit & Co.,Cold Outreach,Qualified,true,2025-07-04,ACC00176,2025-08-13
LEAD003143,Camille,Vasquez,camille.vasquez3143@gmail.com,Beacon Group,Paid Search,Nurturing,true,2023-09-17,,
LEAD003144,Avery,Petrova,avery.petrova3144@compass.com,Ridgeline Realty,Conference,Nurturing,true,2024-06-15,,
LEAD003145,Naomi,Ahmed,naomi.ahmed3145@kw.com,Harbor Real Estate,Paid Search,New,false,2024-07-04,,
LEAD003146,Naomi,Whitfield,naomi.whitfield3146@compass.com,Foxglove & Co.,Organic Search,Qualified,true,2023-09-05,ACC00725,2023-09-19
LEAD003147,Noel,Ahmed,noel.ahmed3147@kw.com,Foxglove Partners,Partner,Qualified,true,2023-09-14,,
LEAD003148,Riley,Whitfield,riley.whitfield3148@kw.com,Lakeshore Properties,Webinar,Working,false,2025-09-27,,
LEAD003149,Maya,Whitfield,maya.whitfield3149@outlook.com,Summit & Co.,Webinar,Qualified,true,2026-01-18,,
LEAD003150,Felix,Petrova,felix.petrova3150@compass.com,Summit Realty,Webinar,Working,false,2023-06-13,,
LEAD003151,Camille,Lindqvist,camille.lindqvist3151@compass.com,Ironwood Realty,Partner,Qualified,false,2023-05-23,ACC00325,2023-05-28
LEAD003152,Casey,Kearney,casey.kearney3152@realtyco.com,Ironwood & Co.,Organic Search,New,false,2024-04-26,,
LEAD003153,Elena,Ahmed,elena.ahmed3153@kw.com,Summit Partners,,New,false,2025-08-29,,
LEAD003154,Julian,Bergstrom,julian.bergstrom3154@outlook.com,Harbor Group,Social,Disqualified,false,2025-10-03,,
LEAD003155,Morgan,Kearney,morgan.kearney3155@compass.com,Summit Real Estate,,New,false,2023-08-30,,
LEAD003156,Grant,Ahmed,grant.ahmed3156@realtyco.com,Ironwood Group,Paid Search,Working,true,2025-08-22,,
LEAD003157,Grant,Osei,grant.osei3157@compass.com,Summit Properties,Cold Outreach,Working,false,2024-11-08,,
LEAD003158,Rowan,Petrova,rowan.petrova3158@kw.com,Meridian Realty,Cold Outreach,Qualified,false,2025-08-02,,
LEAD003159,Avery,Delgado,avery.delgado3159@gmail.com,Cypress Realty,Conference,Qualified,true,2025-09-16,ACC00599,2025-10-02
LEAD003160,Skyler,Delgado,skyler.delgado3160@compass.com,Ridgeline Realty,,Nurturing,false,2024-06-25,,
LEAD003161,Jordan,Whitfield,jordan.whitfield3161@realtyco.com,Beacon Group,Referral,Working,true,2023-02-18,,
LEAD003162,Maya,Osei,maya.osei3162@gmail.com,Harbor Partners,Organic Search,New,false,2024-08-18,,
LEAD003163,Casey,Delgado,casey.delgado3163@outlook.com,Harbor Partners,Webinar,Working,false,2023-04-18,,
LEAD003164,Quinn,Petrova,quinn.petrova3164@gmail.com,Stonebridge Group,Webinar,Nurturing,true,2024-04-06,,
LEAD003165,Naomi,Whitfield,naomi.whitfield3165@outlook.com,Lakeshore Real Estate,Partner,New,false,2026-01-01,,
LEAD003166,Avery,Lindqvist,avery.lindqvist3166@kw.com,Beacon Properties,,Disqualified,false,2024-09-15,,
LEAD003167,Riley,Moreau,riley.moreau3167@gmail.com,Summit Real Estate,Social,Working,true,2023-10-01,,
LEAD003168,Morgan,Rinaldi,morgan.rinaldi3168@outlook.com,Harbor Group,Partner,Disqualified,false,2025-05-01,,
LEAD003169,Casey,Osei,casey.osei3169@gmail.com,Summit Partners,Webinar,Working,false,2025-09-18,,
LEAD003170,Noel,Kearney,noel.kearney3170@realtyco.com,Harbor Group,Partner,Disqualified,false,2025-04-20,,
LEAD003171,Camille,Bergstrom,camille.bergstrom3171@outlook.com,Foxglove Partners,Conference,Nurturing,true,2024-12-17,,
LEAD003172,Quinn,Vasquez,quinn.vasquez3172@compass.com,Meridian Real Estate,Cold Outreach,Disqualified,false,2023-12-20,,
LEAD003173,Naomi,Halvorsen,naomi.halvorsen3173@gmail.com,Ironwood & Co.,Webinar,Nurturing,false,2025-09-14,,
LEAD003174,Jordan,Bergstrom,jordan.bergstrom3174@gmail.com,Meridian Group,Webinar,Qualified,false,2023-11-26,ACC00716,2023-12-15
LEAD003175,Jordan,Rinaldi,jordan.rinaldi3175@outlook.com,Ridgeline Properties,Cold Outreach,Qualified,true,2023-06-07,ACC00024,2023-07-04
LEAD003176,Marcus,Halvorsen,marcus.halvorsen3176@gmail.com,Lakeshore & Co.,Referral,New,false,2025-10-03,,
LEAD003177,Naomi,Thornton,naomi.thornton3177@realtyco.com,Harbor Partners,Webinar,Nurturing,true,2024-04-15,,
LEAD003178,Grant,Whitfield,grant.whitfield3178@kw.com,Ironwood Realty,Referral,New,false,2025-06-08,,
LEAD003179,Grant,Delgado,grant.delgado3179@outlook.com,Blackwood Real Estate,PAID SEARCH,New,false,2023-02-24,,
LEAD003180,Skyler,Osei,skyler.osei3180@compass.com,Beacon Partners,Cold Outreach,New,false,2024-05-26,,
LEAD003181,Theo,Bergstrom,theo.bergstrom3181@realtyco.com,Harbor & Co.,Social,Disqualified,false,2024-08-05,,
LEAD003182,Tessa,Rinaldi,tessa.rinaldi3182@kw.com,Blackwood Partners,Referral,Qualified,true,2025-03-04,ACC00156,2025-04-15
LEAD003183,Theo,Delgado,theo.delgado3183@compass.com,Stonebridge & Co.,Partner,Qualified,true,2023-10-14,ACC00243,2023-10-18
LEAD003184,Priya,Moreau,priya.moreau3184@realtyco.com,Blackwood Real Estate,Referral,Nurturing,false,2025-05-11,,
LEAD003185,Noel,Castellanos,noel.castellanos3185@outlook.com,Lakeshore Real Estate,Social,Working,true,2025-06-16,,
LEAD003186,Grant,Kearney,grant.kearney3186@gmail.com,Blackwood Realty,Partner,Working,true,2025-08-10,,
LEAD003187,Felix,Ahmed,felix.ahmed3187@outlook.com,Blackwood Partners,Social,Qualified,false,2024-06-19,,
LEAD003188,Noel,Bautista,noel.bautista3188@gmail.com,Beacon Realty,Organic Search,Nurturing,true,2024-11-09,,
LEAD003189,Maya,Castellanos,maya.castellanos3189@realtyco.com,Summit & Co.,Conference,Qualified,true,2026-02-07,ACC00363,2026-03-22
LEAD003190,Julian,Ahmed,julian.ahmed3190@compass.com,Blackwood Realty,Paid Search,Nurturing,true,2024-11-12,,
LEAD003191,Grant,Bergstrom,grant.bergstrom3191@compass.com,Blackwood Real Estate,referral,New,false,2023-09-01,,
LEAD003192,Quinn,Castellanos,quinn.castellanos3192@compass.com,Cypress Realty,Cold Outreach,Qualified,true,2024-06-08,,
LEAD003193,Avery,Delgado,avery.delgado3193@realtyco.com,Blackwood Partners,Webinar,Nurturing,true,2025-01-16,,
LEAD003194,Elena,Moreau,elena.moreau3194@kw.com,Cornerstone Real Estate,,New,false,2023-07-31,,
LEAD003195,Naomi,Kaplan,naomi.kaplan3195@realtyco.com,Blackwood Real Estate,Webinar,Working,false,2023-12-13,,
LEAD003196,Maya,Whitfield,maya.whitfield3196@gmail.com,Lakeshore Partners, Referral,Disqualified,false,2023-07-22,,
LEAD003197,Naomi,Bautista,naomi.bautista3197@compass.com,Harbor & Co.,Webinar,Nurturing,true,2024-11-23,,
LEAD003198,Elena,Halvorsen,elena.halvorsen3198@outlook.com,Summit Real Estate,,Nurturing,true,2026-03-13,,
LEAD003199,Quinn,Nakamura,quinn.nakamura3199@compass.com,Ironwood Group,Paid Search,New,false,2026-03-05,,
LEAD003200,Sasha,Lindqvist,sasha.lindqvist3200@realtyco.com,Ridgeline Partners,Referral,Working,true,2023-03-09,,
LEAD003201,Sasha,Rinaldi,sasha.rinaldi3201@kw.com,Summit Realty,Paid Search,Qualified,true,2023-09-23,ACC00566,2023-10-07
LEAD003202,Devin,Kearney,devin.kearney3202@gmail.com,Stonebridge Properties,Organic Search,Nurturing,true,2023-02-22,,
LEAD003203,Priya,Delgado,priya.delgado3203@kw.com,Foxglove Properties,Referral,Nurturing,false,2025-07-23,,
LEAD003204,Naomi,Castellanos,naomi.castellanos3204@compass.com,Harbor Partners,,New,false,2023-04-15,,
LEAD003205,Bianca,Nakamura,bianca.nakamura3205@kw.com,Foxglove Partners,Webinar,Nurturing,true,2023-12-07,,
LEAD003206,Devin,Ahmed,devin.ahmed3206@compass.com,Summit Partners,Cold Outreach,Qualified,true,2023-05-22,,
LEAD003207,Grant,Castellanos,grant.castellanos3207@outlook.com,Foxglove Real Estate,Referral,Qualified,true,2025-07-19,ACC00274,2025-09-14
LEAD003208,Priya,Kearney,priya.kearney3208@compass.com,Foxglove Real Estate,Conference,Qualified,true,2024-05-01,ACC00585,2024-06-08
LEAD003209,Naomi,Ahmed,naomi.ahmed3209@compass.com,Ridgeline & Co.,Cold Outreach,New,false,2026-06-15,,
LEAD003210,Rowan,Bergstrom,rowan.bergstrom3210@kw.com,Ridgeline Real Estate,Cold Outreach,Nurturing,true,2025-01-06,,
LEAD003211,Elena,Petrova,elena.petrova3211@compass.com,Beacon Group,organic search,Working,true,2024-03-17,,
LEAD003212,Maya,Castellanos,maya.castellanos3212@gmail.com,Foxglove Real Estate,Partner,Qualified,true,2026-04-17,ACC00619,2026-06-07
LEAD003213,Tessa,Rinaldi,tessa.rinaldi3213@gmail.com,Ridgeline Partners,Cold Outreach,New,false,2026-03-05,,
LEAD003214,Theo,Bautista,theo.bautista3214@gmail.com,Harbor Real Estate,Organic Search,Disqualified,false,2026-06-13,,
LEAD003215,Theo,Moreau,theo.moreau3215@compass.com,Stonebridge Partners,Referral,Nurturing,true,2025-08-27,,
LEAD003216,Elena,Okonkwo,elena.okonkwo3216@realtyco.com,Stonebridge Real Estate,Referral,Qualified,false,2023-04-01,,
LEAD003217,Camille,Nakamura,camille.nakamura3217@gmail.com,Harbor Real Estate,Paid Search,Working,false,2023-02-13,,
LEAD003218,Marcus,Delgado,marcus.delgado3218@compass.com,Ridgeline Group,Social,New,false,2024-10-21,,
LEAD003219,Devin,Thornton,devin.thornton3219@compass.com,Stonebridge Realty,Paid Search,Working,true,2025-05-13,,
LEAD003220,Priya,Kearney,priya.kearney3220@outlook.com,Blackwood Real Estate,Referral,New,false,2023-08-16,,
LEAD003221,Naomi,Lindqvist,naomi.lindqvist3221@realtyco.com,Harbor Real Estate,,Disqualified,false,2025-09-17,,
LEAD003222,Maya,Okonkwo,maya.okonkwo3222@realtyco.com,Ironwood Realty,Social,Working,true,2025-03-16,,
LEAD003223,Devin,Halvorsen,devin.halvorsen3223@kw.com,Ironwood Properties,Referral,Nurturing,false,2025-09-19,,
LEAD003224,Jordan,Kearney,jordan.kearney3224@gmail.com,Foxglove Realty,Cold Outreach,Qualified,true,2024-03-11,ACC00226,2024-04-22
LEAD003225,Maya,Osei,maya.osei3225@gmail.com,Cypress Realty,Conference,Working,false,2024-05-26,,
LEAD003226,Casey,Okonkwo,casey.okonkwo3226@kw.com,Cornerstone Properties,Referral,Qualified,false,2023-11-12,ACC00237,2023-12-07
LEAD003227,Tessa,Kearney,tessa.kearney3227@realtyco.com,Stonebridge Group,Social,Disqualified,false,2024-01-19,,
LEAD003228,Devin,Castellanos,devin.castellanos3228@compass.com,Lakeshore Realty,Partner,Disqualified,false,2024-11-10,,
LEAD003229,Felix,Osei,felix.osei3229@compass.com,Ridgeline & Co.,Conference,Nurturing,true,2025-02-26,,
LEAD003230,Owen,Halvorsen,owen.halvorsen3230@realtyco.com,Lakeshore Group,,New,false,2023-08-17,,
LEAD003231,Noel,Ahmed,noel.ahmed3231@compass.com,Lakeshore Properties,Webinar,Working,true,2024-11-28,,
LEAD003232,Naomi,Bautista,naomi.bautista3232@gmail.com,Stonebridge & Co.,Conference,Working,true,2024-08-09,,
LEAD003233,Jordan,Vasquez,jordan.vasquez3233@kw.com,Meridian Group,Webinar,Nurturing,true,2025-02-28,,
LEAD003234,Riley,Bautista,riley.bautista3234@kw.com,Lakeshore & Co.,Partner,New,false,2023-08-02,,
LEAD003235,Theo,Thornton,theo.thornton3235@gmail.com,Foxglove Properties,Conference,Nurturing,true,2024-10-29,,
LEAD003236,Naomi,Castellanos,naomi.castellanos3236@gmail.com,Harbor Real Estate,Organic Search,Qualified,true,2024-08-14,,
LEAD003237,Morgan,Petrova,morgan.petrova3237@realtyco.com,Cypress Real Estate,Social,Qualified,false,2025-06-23,ACC00247,2025-08-18
LEAD003238,Bianca,Bautista,bianca.bautista3238@kw.com,Meridian Group,Referral,Working,true,2024-11-10,,
LEAD003239,Theo,Delgado,theo.delgado3239@compass.com,Meridian Properties,Social,Disqualified,false,2024-09-18,,
LEAD003240,Maya,Bautista,maya.bautista3240@kw.com,Ironwood Group,Organic Search,Qualified,false,2025-05-05,ACC00441,2025-06-07
LEAD003241,Priya,Bautista,priya.bautista3241@outlook.com,Stonebridge Realty,Conference,Qualified,false,2023-04-25,ACC00292,2023-05-18
LEAD003242,Julian,Okonkwo,julian.okonkwo3242@kw.com,Summit Group,Cold Outreach,New,false,2023-02-26,,
LEAD003243,Priya,Halvorsen,priya.halvorsen3243@realtyco.com,Lakeshore Real Estate,Paid Search,Qualified,true,2024-09-04,,
LEAD003244,Julian,Osei,julian.osei3244@kw.com,Cypress Realty,Cold Outreach,Qualified,true,2026-03-19,ACC00672,2026-04-01
LEAD003245,Camille,Bautista,camille.bautista3245@compass.com,Stonebridge & Co.,Social,New,false,2024-05-10,,
LEAD003246,Rowan,Thornton,rowan.thornton3246@realtyco.com,Lakeshore Real Estate,Conference,Qualified,false,2026-04-05,,
LEAD003247,Skyler,Nakamura,skyler.nakamura3247@kw.com,Harbor Realty,Paid Search,Working,false,2025-01-27,,
LEAD003248,Quinn,Rinaldi,quinn.rinaldi3248@realtyco.com,Meridian Properties,Webinar,Disqualified,false,2024-07-06,,
LEAD003249,Owen,Osei,owen.osei3249@realtyco.com,Foxglove Realty,referral,New,false,2024-02-16,,
LEAD003250,Casey,Bautista,casey.bautista3250@realtyco.com,Blackwood Properties,PAID SEARCH,Qualified,true,2023-06-02,ACC00702,2023-07-28
LEAD003251,Grant,Osei,grant.osei3251@outlook.com,Cornerstone & Co.,Referral,Qualified,true,2023-01-05,,
LEAD003252,Elena,Kaplan,elena.kaplan3252@gmail.com,Ridgeline Group,Referral,Disqualified,false,2025-04-06,,
LEAD003253,Casey,Moreau,casey.moreau3253@gmail.com,Beacon Properties,Organic Search,Qualified,true,2025-01-07,,
LEAD003254,Grant,Petrova,grant.petrova3254@realtyco.com,Cypress Group,,Qualified,true,2025-11-05,,
LEAD003255,Jordan,Castellanos,jordan.castellanos3255@outlook.com,Blackwood Realty,Cold Outreach,Nurturing,false,2024-05-18,,
LEAD003256,Felix,Thornton,felix.thornton3256@outlook.com,Meridian Realty,Paid Search,Disqualified,false,2024-04-30,,
LEAD003257,Avery,Ahmed,avery.ahmed3257@realtyco.com,Summit Real Estate,Referral,New,false,2025-01-18,,
LEAD003258,Camille,Okonkwo,camille.okonkwo3258@outlook.com,Cornerstone Group,Partner,Disqualified,false,2025-02-05,,
LEAD003259,Devin,Thornton,devin.thornton3259@gmail.com,Cypress Properties,Webinar,Nurturing,true,2025-04-02,,
LEAD003260,Skyler,Rinaldi,skyler.rinaldi3260@realtyco.com,Stonebridge Group,Partner,New,false,2024-08-31,,
LEAD003261,Camille,Delgado,camille.delgado3261@kw.com,Foxglove Partners,Paid Search,Disqualified,false,2024-02-19,,
LEAD003262,Avery,Lindqvist,avery.lindqvist3262@realtyco.com,Summit Realty,Conference,Disqualified,false,2023-01-21,,
LEAD003263,Julian,Vasquez,julian.vasquez3263@compass.com,Meridian Real Estate,Cold Outreach,Qualified,true,2023-02-01,ACC00115,2023-02-24
LEAD003264,Felix,Okonkwo,felix.okonkwo3264@compass.com,Beacon & Co.,Cold Outreach,Working,false,2025-03-25,,
LEAD003265,Casey,Nakamura,casey.nakamura3265@kw.com,Cornerstone & Co.,referral,New,false,2024-02-18,,
LEAD003266,Riley,Moreau,riley.moreau3266@gmail.com,Stonebridge Properties,Partner,Nurturing,true,2023-03-18,,
LEAD003267,Rowan,Vasquez,rowan.vasquez3267@realtyco.com,Stonebridge Properties,Organic Search,New,false,2026-04-26,,
LEAD003268,Jordan,Castellanos,jordan.castellanos3268@kw.com,Foxglove Realty,Partner,Qualified,true,2026-01-26,ACC00011,2026-03-05
LEAD003269,Maya,Castellanos,maya.castellanos3269@compass.com,Ridgeline Properties,Cold Outreach,New,false,2024-08-11,,
LEAD003270,Marcus,Bergstrom,marcus.bergstrom3270@outlook.com,Ridgeline Partners,Referral,Qualified,true,2023-02-15,ACC00835,2023-02-24
LEAD003271,Theo,Nakamura,theo.nakamura3271@compass.com,Beacon Real Estate,Referral,New,false,2026-01-20,,
LEAD003272,Morgan,Bergstrom,morgan.bergstrom3272@kw.com,Harbor & Co.,Webinar,Nurturing,false,2024-11-18,,
LEAD003273,Tessa,Nakamura,tessa.nakamura3273@kw.com,Ironwood Group,Conference,Qualified,true,2026-04-20,ACC00581,2026-06-09
LEAD003274,Sasha,Rinaldi,sasha.rinaldi3274@realtyco.com,Summit Real Estate,Cold Outreach,New,false,2025-07-27,,
LEAD003275,Skyler,Whitfield,skyler.whitfield3275@outlook.com,Ironwood Realty,Paid Search,Disqualified,false,2025-08-10,,
LEAD003276,Casey,Halvorsen,casey.halvorsen3276@outlook.com,Ironwood Realty,Organic Search,Nurturing,true,2024-01-20,,
LEAD003277,Skyler,Osei,skyler.osei3277@kw.com,Beacon Properties,Referral,Qualified,true,2024-01-19,ACC00790,2024-03-07
LEAD003278,Felix,Nakamura,felix.nakamura3278@realtyco.com,Ironwood Properties,Webinar,New,false,2024-09-07,,
LEAD003279,Theo,Nakamura,theo.nakamura3279@gmail.com,Cornerstone Real Estate,Referral,Qualified,false,2023-12-06,ACC00714,2024-01-24
LEAD003280,Priya,Nakamura,priya.nakamura3280@kw.com,Ridgeline Partners,Webinar,Disqualified,false,2023-12-01,,
LEAD003281,Grant,Whitfield,grant.whitfield3281@gmail.com,Blackwood Group,Conference,Qualified,true,2026-04-04,ACC00434,2026-05-23
LEAD003282,Marcus,Vasquez,marcus.vasquez3282@gmail.com,Cypress & Co.,Referral,Qualified,false,2023-11-25,ACC00099,2024-01-10
LEAD003283,Bianca,Bergstrom,bianca.bergstrom3283@kw.com,Ridgeline & Co.,Webinar,Qualified,false,2026-03-24,ACC00818,2026-04-13
LEAD003284,Maya,Delgado,maya.delgado3284@outlook.com,Lakeshore Real Estate,Social,Working,false,2024-02-07,,
LEAD003285,Felix,Bergstrom,felix.bergstrom3285@realtyco.com,Meridian Realty,Social,Disqualified,false,2024-02-29,,
LEAD003286,Felix,Whitfield,felix.whitfield3286@realtyco.com,Lakeshore Real Estate,Webinar,Nurturing,true,2024-11-28,,
LEAD003287,Bianca,Thornton,bianca.thornton3287@outlook.com,Stonebridge & Co.,Referral,New,false,2023-05-02,,
LEAD003288,Grant,Delgado,grant.delgado3288@compass.com,Blackwood Real Estate,Paid Search,Qualified,false,2023-01-29,ACC00750,2023-02-28
LEAD003289,Noel,Rinaldi,noel.rinaldi3289@gmail.com,Blackwood Real Estate,Social,Qualified,true,2024-08-06,ACC00781,2024-09-17
LEAD003290,Devin,Petrova,devin.petrova3290@outlook.com,Beacon & Co.,Paid Search,Nurturing,true,2025-01-13,,
LEAD003291,Quinn,Vasquez,quinn.vasquez3291@gmail.com,Harbor & Co.,Cold Outreach,Qualified,false,2023-09-24,ACC00562,2023-11-23
LEAD003292,Devin,Thornton,devin.thornton3292@kw.com,Beacon Partners,Referral,New,false,2025-04-20,,
LEAD003293,Naomi,Bautista,naomi.bautista3293@kw.com,Summit Properties,Conference,Qualified,true,2023-02-23,ACC00661,2023-03-17
LEAD003294,Elena,Nakamura,elena.nakamura3294@outlook.com,Summit Partners,Cold Outreach,Disqualified,false,2024-08-14,,
LEAD003295,Priya,Ahmed,priya.ahmed3295@outlook.com,Blackwood Realty,Referral,Working,false,2024-04-05,,
LEAD003296,Skyler,Halvorsen,skyler.halvorsen3296@gmail.com,Summit Real Estate,Cold Outreach,Qualified,true,2023-05-26,ACC00788,2023-07-18
LEAD003297,Grant,Osei,grant.osei3297@realtyco.com,Cornerstone & Co.,Webinar,New,false,2025-12-28,,
LEAD003298,Riley,Nakamura,riley.nakamura3298@kw.com,Blackwood Partners,Cold Outreach,Qualified,true,2023-12-01,ACC00072,2024-01-10
LEAD003299,Jordan,Osei,jordan.osei3299@kw.com,Foxglove Properties,Partner,New,false,2025-06-16,,
LEAD003300,Jordan,Rinaldi,jordan.rinaldi3300@gmail.com,Harbor Properties,Social,Qualified,true,2023-03-03,,
LEAD003301,Marcus,Bautista,marcus.bautista3301@gmail.com,Harbor & Co.,Cold Outreach,Qualified,true,2023-01-19,,
LEAD003302,Marcus,Whitfield,marcus.whitfield3302@gmail.com,Foxglove & Co.,Conference,New,false,2023-02-22,,
LEAD003303,Jordan,Rinaldi,jordan.rinaldi3303@compass.com,Ridgeline Realty,Webinar,Qualified,true,2023-12-14,,
LEAD003304,Theo,Delgado,theo.delgado3304@gmail.com,Ridgeline Realty,Partner,Disqualified,false,2023-02-03,,
LEAD003305,Jordan,Rinaldi,jordan.rinaldi3305@gmail.com,Lakeshore Group,Conference,New,false,2023-03-24,,
LEAD003306,Avery,Delgado,avery.delgado3306@compass.com,Lakeshore Realty,Cold Outreach,Nurturing,true,2023-06-30,,
LEAD003307,Avery,Osei,avery.osei3307@realtyco.com,Cypress Properties,Cold Outreach,Working,true,2025-06-30,,
LEAD003308,Riley,Vasquez,riley.vasquez3308@kw.com,Summit & Co.,Paid Search,Qualified,true,2025-04-05,,
LEAD003309,Priya,Bergstrom,priya.bergstrom3309@gmail.com,Harbor Realty,Partner,Disqualified,false,2026-01-10,,
LEAD003310,Maya,Osei,maya.osei3310@realtyco.com,Meridian Properties,Social,Working,true,2023-12-23,,
LEAD003311,Jordan,Petrova,jordan.petrova3311@realtyco.com,Stonebridge Partners,Partner,New,false,2023-08-04,,
LEAD003312,Quinn,Vasquez,quinn.vasquez3312@gmail.com,Ridgeline Properties,Webinar,Qualified,true,2024-12-13,ACC00043,2025-01-16
LEAD003313,Casey,Vasquez,casey.vasquez3313@compass.com,Cypress Partners,Conference,Qualified,false,2023-03-07,ACC00056,2023-03-11
LEAD003314,Jordan,Osei,jordan.osei3314@gmail.com,Meridian & Co.,Referral,Qualified,false,2026-04-29,ACC00718,2026-05-08
LEAD003315,Bianca,Bergstrom,bianca.bergstrom3315@gmail.com,Summit Real Estate,Organic Search,Working,true,2023-06-02,,
LEAD003316,Owen,Moreau,owen.moreau3316@compass.com,Ridgeline & Co.,Social,New,false,2023-12-04,,
LEAD003317,Maya,Nakamura,maya.nakamura3317@gmail.com,Lakeshore & Co.,Social,Working,true,2025-11-23,,
LEAD003318,Elena,Castellanos,elena.castellanos3318@realtyco.com,Summit Properties,Conference,Working,true,2024-12-29,,
LEAD003319,Elena,Nakamura,elena.nakamura3319@kw.com,Ironwood Group,Webinar,Qualified,true,2025-09-08,ACC00126,2025-11-04
LEAD003320,Riley,Okonkwo,riley.okonkwo3320@kw.com,Ridgeline Group,Organic Search,Qualified,true,2024-11-15,ACC00186,2025-01-13
LEAD003321,Felix,Osei,felix.osei3321@kw.com,Beacon Partners,Social,Nurturing,true,2025-10-06,,
LEAD003322,Avery,Halvorsen,avery.halvorsen3322@outlook.com,Cornerstone & Co.,referral,Qualified,false,2023-01-07,ACC00144,2023-02-23
LEAD003323,Devin,Rinaldi,devin.rinaldi3323@outlook.com,Ironwood Partners,,New,false,2026-03-26,,
LEAD003324,Riley,Petrova,riley.petrova3324@compass.com,Lakeshore & Co.,Paid Search,Disqualified,false,2023-12-02,,
LEAD003325,Morgan,Castellanos,morgan.castellanos3325@kw.com,Meridian Partners,,Qualified,false,2025-02-20,,
LEAD003326,Riley,Whitfield,riley.whitfield3326@gmail.com,Stonebridge Real Estate,,Working,true,2026-02-09,,
LEAD003327,Naomi,Halvorsen,naomi.halvorsen3327@compass.com,Ironwood Properties,Social,Working,false,2025-03-11,,
LEAD003328,Skyler,Delgado,skyler.delgado3328@kw.com,Foxglove Partners,,Working,true,2026-04-09,,
LEAD003329,Maya,Vasquez,maya.vasquez3329@gmail.com,Foxglove Real Estate,paid search,Working,true,2024-12-26,,
LEAD003330,Skyler,Okonkwo,skyler.okonkwo3330@compass.com,Summit Group,Referral,Nurturing,false,2025-05-02,,
LEAD003331,Devin,Osei,devin.osei3331@realtyco.com,Harbor Properties,Conference,Nurturing,true,2024-08-27,,
LEAD003332,Tessa,Kaplan,tessa.kaplan3332@compass.com,Meridian Realty,Paid Search,Nurturing,true,2025-03-14,,
LEAD003333,Riley,Moreau,riley.moreau3333@compass.com,Cornerstone Partners,Organic Search,Nurturing,true,2025-10-30,,
LEAD003334,Elena,Whitfield,elena.whitfield3334@gmail.com,Harbor Partners, Referral,Working,true,2024-04-30,,
LEAD003335,Priya,Thornton,priya.thornton3335@outlook.com,Stonebridge Realty,Paid Search,Working,true,2023-02-17,,
LEAD003336,Julian,Thornton,julian.thornton3336@compass.com,Summit Properties,referral,Qualified,true,2023-09-28,ACC00123,2023-10-13
LEAD003337,Marcus,Kearney,marcus.kearney3337@kw.com,Lakeshore Properties,Social,Disqualified,false,2025-05-29,,
LEAD003338,Priya,Kaplan,priya.kaplan3338@realtyco.com,Cornerstone Real Estate,Webinar,Qualified,false,2024-10-08,,
LEAD003339,Camille,Whitfield,camille.whitfield3339@gmail.com,Cornerstone Partners,Organic Search,New,false,2025-11-27,,
LEAD003340,Sasha,Kaplan,sasha.kaplan3340@gmail.com,Cypress Properties,,Qualified,false,2023-01-05,,
LEAD003341,Elena,Moreau,elena.moreau3341@realtyco.com,Beacon & Co.,Paid Search,Nurturing,true,2025-04-09,,
LEAD003342,Devin,Moreau,devin.moreau3342@kw.com,Blackwood Group,Partner,New,false,2025-03-31,,
LEAD003343,Elena,Okonkwo,elena.okonkwo3343@kw.com,Stonebridge Realty,Webinar,Working,true,2024-07-28,,
LEAD003344,Naomi,Castellanos,naomi.castellanos3344@outlook.com,Ironwood Realty,Referral,Disqualified,false,2023-09-14,,
LEAD003345,Avery,Vasquez,avery.vasquez3345@realtyco.com,Ironwood Group,Paid Search,Qualified,false,2024-07-04,ACC00825,2024-08-17
LEAD003346,Bianca,Castellanos,bianca.castellanos3346@kw.com,Blackwood Real Estate,Cold Outreach,Nurturing,true,2023-07-06,,
LEAD003347,Skyler,Delgado,skyler.delgado3347@compass.com,Harbor Real Estate,Social,Working,true,2026-04-13,,
LEAD003348,Rowan,Kearney,rowan.kearney3348@outlook.com,Stonebridge & Co.,Social,Qualified,false,2024-08-25,ACC00397,2024-09-13
LEAD003349,Grant,Rinaldi,grant.rinaldi3349@gmail.com,Cypress Group,Partner,Qualified,true,2024-04-19,ACC00448,2024-06-15
LEAD003350,Rowan,Rinaldi,rowan.rinaldi3350@outlook.com,Foxglove Group,Conference,Qualified,true,2026-05-19,ACC00488,2026-07-06
LEAD003351,Bianca,Whitfield,bianca.whitfield3351@realtyco.com,Ridgeline Properties,Referral,Qualified,true,2023-01-27,ACC00111,2023-03-21
LEAD003352,Felix,Kaplan,felix.kaplan3352@kw.com,Beacon Partners,Organic Search,New,false,2024-10-11,,
LEAD003353,Felix,Whitfield,felix.whitfield3353@kw.com,Lakeshore Real Estate,,New,false,2025-12-07,,
LEAD003354,Theo,Rinaldi,theo.rinaldi3354@kw.com,Lakeshore Real Estate,Referral,Working,true,2025-10-25,,
LEAD003355,Bianca,Delgado,bianca.delgado3355@realtyco.com,Stonebridge Group,Cold Outreach,Qualified,true,2026-02-14,ACC00610,2026-03-31
LEAD003356,Avery,Bergstrom,avery.bergstrom3356@outlook.com,Stonebridge Group,Partner,Disqualified,false,2026-03-22,,
LEAD003357,Noel,Petrova,noel.petrova3357@compass.com,Ironwood Realty,Paid Search,Working,true,2026-05-19,,
LEAD003358,Maya,Petrova,maya.petrova3358@outlook.com,Harbor Group,Webinar,Nurturing,false,2024-11-08,,
LEAD003359,Skyler,Whitfield,skyler.whitfield3359@compass.com,Summit Group,Paid Search,Disqualified,false,2025-09-08,,
LEAD003360,Maya,Bautista,maya.bautista3360@gmail.com,Cypress & Co.,Partner,New,false,2025-10-13,,
LEAD003361,Naomi,Bergstrom,naomi.bergstrom3361@compass.com,Cypress Properties,Conference,New,false,2024-05-03,,
LEAD003362,Theo,Ahmed,theo.ahmed3362@outlook.com,Beacon Real Estate,Conference,Nurturing,true,2024-12-11,,
LEAD003363,Marcus,Halvorsen,marcus.halvorsen3363@outlook.com,Summit Properties, Referral,Working,true,2024-09-21,,
LEAD003364,Grant,Okonkwo,grant.okonkwo3364@realtyco.com,Lakeshore Realty,Social,Working,true,2023-04-24,,
LEAD003365,Priya,Delgado,priya.delgado3365@kw.com,Stonebridge Realty,Social,Qualified,false,2024-10-14,ACC00759,2024-12-08
LEAD003366,Noel,Rinaldi,noel.rinaldi3366@outlook.com,Blackwood Partners,Webinar,New,false,2024-03-03,,
LEAD003367,Elena,Kaplan,elena.kaplan3367@realtyco.com,Ironwood Partners,Organic Search,New,false,2024-12-30,,
LEAD003368,Maya,Kaplan,maya.kaplan3368@realtyco.com,Cypress Group,Referral,Working,true,2024-07-17,,
LEAD003369,Owen,Nakamura,owen.nakamura3369@gmail.com,Ironwood Realty,Cold Outreach,Nurturing,true,2025-07-09,,
LEAD003370,Noel,Whitfield,noel.whitfield3370@gmail.com,Stonebridge Realty,Social,Qualified,true,2023-06-13,ACC00644,2023-07-05
LEAD003371,Felix,Castellanos,felix.castellanos3371@realtyco.com,Meridian & Co.,Partner,Qualified,false,2024-11-01,,
LEAD003372,Casey,Rinaldi,casey.rinaldi3372@kw.com,Beacon Partners,Webinar,Disqualified,false,2025-12-01,,
LEAD003373,Noel,Vasquez,noel.vasquez3373@gmail.com,Blackwood Group,Paid Search,Disqualified,false,2024-06-17,,
LEAD003374,Morgan,Delgado,morgan.delgado3374@outlook.com,Cypress & Co.,Conference,New,false,2025-07-14,,
LEAD003375,Quinn,Osei,quinn.osei3375@outlook.com,Foxglove Partners,Partner,New,false,2024-12-30,,
LEAD003376,Camille,Thornton,camille.thornton3376@realtyco.com,Summit Properties,Referral,Working,false,2025-03-06,,
LEAD003377,Bianca,Bautista,bianca.bautista3377@realtyco.com,Lakeshore Properties,Webinar,Working,true,2026-03-18,,
LEAD003378,Marcus,Nakamura,marcus.nakamura3378@realtyco.com,Blackwood Partners,Paid Search,New,false,2024-01-07,,
LEAD003379,Noel,Thornton,noel.thornton3379@gmail.com,Harbor Real Estate,Webinar,Disqualified,false,2025-10-29,,
LEAD003380,Felix,Rinaldi,felix.rinaldi3380@realtyco.com,Stonebridge Properties,referral,Nurturing,false,2025-02-27,,
LEAD003381,Owen,Rinaldi,owen.rinaldi3381@realtyco.com,Foxglove & Co.,Cold Outreach,Nurturing,false,2023-05-09,,
LEAD003382,Rowan,Whitfield,rowan.whitfield3382@realtyco.com,Blackwood Group,Social,Working,false,2023-09-27,,
LEAD003383,Quinn,Ahmed,quinn.ahmed3383@compass.com,Summit Group,Referral,Working,false,2023-05-05,,
LEAD003384,Owen,Bautista,owen.bautista3384@realtyco.com,Foxglove Properties,Paid Search,New,false,2025-02-27,,
LEAD003385,Camille,Nakamura,camille.nakamura3385@realtyco.com,Beacon Real Estate,Social,New,false,2024-09-21,,
LEAD003386,Julian,Delgado,julian.delgado3386@kw.com,Cornerstone Partners,Organic Search,Qualified,false,2025-09-10,ACC00438,2025-09-17
LEAD003387,Riley,Bergstrom,riley.bergstrom3387@outlook.com,Harbor Real Estate,Social,Working,false,2025-12-16,,
LEAD003388,Morgan,Petrova,morgan.petrova3388@kw.com,Meridian & Co.,Partner,Qualified,true,2025-05-20,ACC00053,2025-06-11
LEAD003389,Felix,Osei,felix.osei3389@realtyco.com,Beacon Real Estate,Partner,Qualified,false,2025-09-09,ACC00883,2025-09-23
LEAD003390,Naomi,Nakamura,naomi.nakamura3390@compass.com,Ironwood Partners,Conference,Qualified,true,2023-09-15,,
LEAD003391,Grant,Rinaldi,grant.rinaldi3391@realtyco.com,Cypress & Co.,Partner,New,false,2023-07-29,,
LEAD003392,Bianca,Thornton,bianca.thornton3392@outlook.com,Meridian Real Estate,Referral,Qualified,true,2025-07-31,ACC00204,2025-08-23
LEAD003393,Avery,Delgado,avery.delgado3393@realtyco.com,Ridgeline Group,Organic Search,Working,true,2024-08-21,,
LEAD003394,Morgan,Kaplan,morgan.kaplan3394@outlook.com,Harbor Real Estate,Cold Outreach,New,false,2024-12-09,,
LEAD003395,Morgan,Vasquez,morgan.vasquez3395@gmail.com,Beacon Realty,Social,Nurturing,true,2023-06-22,,
LEAD003396,Camille,Osei,camille.osei3396@gmail.com,Ironwood Group,Webinar,New,false,2026-05-25,,
LEAD003397,Priya,Bergstrom,priya.bergstrom3397@outlook.com,Lakeshore Group,Webinar,Disqualified,false,2026-02-07,,
LEAD003398,Avery,Bergstrom,avery.bergstrom3398@outlook.com,Stonebridge Realty,Webinar,Disqualified,false,2025-01-08,,
LEAD003399,Jordan,Moreau,jordan.moreau3399@compass.com,Harbor Group,Cold Outreach,Qualified,true,2023-11-25,ACC00431,2024-01-16
LEAD003400,Grant,Thornton,grant.thornton3400@kw.com,Summit Group,Social,Working,true,2026-03-15,,
LEAD003401,Grant,Castellanos,grant.castellanos3401@realtyco.com,Cornerstone Group,Webinar,New,false,2025-01-27,,
LEAD003402,Marcus,Thornton,marcus.thornton3402@outlook.com,Ironwood Real Estate,Webinar,Qualified,true,2025-03-06,ACC00734,2025-04-10
LEAD003403,Tessa,Lindqvist,tessa.lindqvist3403@gmail.com,Summit & Co.,Conference,Nurturing,true,2024-09-30,,
LEAD003404,Skyler,Castellanos,skyler.castellanos3404@gmail.com,Ironwood & Co.,Social,Nurturing,false,2025-04-24,,
LEAD003405,Elena,Castellanos,elena.castellanos3405@outlook.com,Harbor Realty,Conference,Nurturing,true,2026-04-03,,
LEAD003406,Quinn,Ahmed,quinn.ahmed3406@realtyco.com,Summit Partners,Conference,Qualified,true,2025-07-04,,
LEAD003407,Camille,Kearney,camille.kearney3407@outlook.com,Harbor Realty,Paid Search,Nurturing,true,2023-12-14,,
LEAD003408,Avery,Delgado,avery.delgado3408@compass.com,Summit Realty,Referral,New,false,2025-11-13,,
LEAD003409,Devin,Whitfield,devin.whitfield3409@kw.com,Harbor Partners,Cold Outreach,Nurturing,true,2025-01-22,,
LEAD003410,Jordan,Petrova,jordan.petrova3410@gmail.com,Summit Group,PAID SEARCH,Disqualified,false,2025-11-16,,
LEAD003411,Grant,Ahmed,grant.ahmed3411@realtyco.com,Cornerstone Properties,,Qualified,true,2025-05-10,ACC00776,2025-07-04
LEAD003412,Devin,Halvorsen,devin.halvorsen3412@realtyco.com,Meridian Group,Webinar,Qualified,true,2024-06-20,ACC00284,2024-07-15
LEAD003413,Felix,Castellanos,felix.castellanos3413@compass.com,Foxglove Realty,Organic Search,Qualified,true,2026-03-29,ACC00598,2026-04-25
LEAD003414,Riley,Bergstrom,riley.bergstrom3414@compass.com,Ridgeline Realty,,Qualified,false,2025-02-15,ACC00884,2025-04-03
LEAD003415,Devin,Lindqvist,devin.lindqvist3415@compass.com,Summit Realty,Webinar,New,false,2026-01-15,,
LEAD003416,Tessa,Bautista,tessa.bautista3416@outlook.com,Stonebridge Partners,Organic Search,Disqualified,false,2023-01-28,,
LEAD003417,Avery,Petrova,avery.petrova3417@outlook.com,Foxglove Group,Webinar,Working,false,2024-08-20,,
LEAD003418,Camille,Delgado,camille.delgado3418@gmail.com,Harbor Group,,Nurturing,true,2023-09-16,,
LEAD003419,Skyler,Whitfield,skyler.whitfield3419@outlook.com,Blackwood & Co.,Webinar,Qualified,false,2025-01-04,,
LEAD003420,Sasha,Kearney,sasha.kearney3420@gmail.com,Blackwood Partners,Paid Search,Nurturing,true,2026-02-24,,
LEAD003421,Maya,Vasquez,maya.vasquez3421@kw.com,Meridian & Co.,Cold Outreach,New,false,2024-10-22,,
LEAD003422,Skyler,Nakamura,skyler.nakamura3422@realtyco.com,Harbor Realty,Paid Search,Qualified,false,2024-08-02,ACC00466,2024-09-24
LEAD003423,Bianca,Delgado,bianca.delgado3423@compass.com,Harbor & Co.,Webinar,Qualified,true,2025-01-26,ACC00507,2025-03-11
LEAD003424,Noel,Halvorsen,noel.halvorsen3424@gmail.com,Cypress Group,Paid Search,Working,false,2025-06-21,,
LEAD003425,Noel,Bautista,noel.bautista3425@realtyco.com,Ridgeline Real Estate,Conference,New,false,2023-03-29,,
LEAD003426,Avery,Okonkwo,avery.okonkwo3426@realtyco.com,Beacon Real Estate,Referral,Nurturing,false,2025-11-20,,
LEAD003427,Theo,Kearney,theo.kearney3427@kw.com,Cornerstone Realty,Webinar,New,false,2023-04-03,,
LEAD003428,Casey,Okonkwo,casey.okonkwo3428@gmail.com,Beacon Group,Partner,Qualified,true,2025-01-24,ACC00826,2025-02-09
LEAD003429,Sasha,Kaplan,sasha.kaplan3429@gmail.com,Blackwood Realty,Conference,Qualified,true,2024-01-22,ACC00871,2024-03-06
LEAD003430,Felix,Kaplan,felix.kaplan3430@kw.com,Summit Realty,Organic Search,Working,true,2026-02-07,,
LEAD003431,Elena,Bautista,elena.bautista3431@outlook.com,Foxglove Properties,Conference,New,false,2025-01-02,,
LEAD003432,Grant,Ahmed,grant.ahmed3432@outlook.com,Lakeshore Group,,Qualified,false,2025-11-02,ACC00069,2025-11-25
LEAD003433,Maya,Petrova,maya.petrova3433@realtyco.com,Blackwood Realty,Cold Outreach,Working,false,2023-10-27,,
LEAD003434,Grant,Kearney,grant.kearney3434@outlook.com,Harbor Group,,Qualified,true,2025-07-01,ACC00004,2025-08-15
LEAD003435,Elena,Moreau,elena.moreau3435@realtyco.com,Cypress Properties,Partner,New,false,2025-10-13,,
LEAD003436,Quinn,Ahmed,quinn.ahmed3436@outlook.com,Foxglove Partners,Partner,Disqualified,false,2023-03-19,,
LEAD003437,Riley,Castellanos,riley.castellanos3437@compass.com,Blackwood Real Estate,Partner,Working,true,2023-09-10,,
LEAD003438,Maya,Okonkwo,maya.okonkwo3438@gmail.com,Harbor Partners,,Qualified,true,2023-01-04,ACC00787,2023-02-20
LEAD003439,Noel,Vasquez,noel.vasquez3439@outlook.com,Cornerstone Real Estate,Partner,Disqualified,false,2025-01-25,,
LEAD003440,Felix,Delgado,felix.delgado3440@realtyco.com,Ironwood Properties,Conference,Working,true,2025-03-06,,
LEAD003441,Owen,Whitfield,owen.whitfield3441@compass.com,Foxglove & Co.,Conference,Qualified,true,2025-09-23,ACC00564,2025-10-08
LEAD003442,Naomi,Whitfield,naomi.whitfield3442@realtyco.com,Ridgeline Real Estate,,Qualified,true,2024-12-02,,
LEAD003443,Tessa,Kearney,tessa.kearney3443@kw.com,Ridgeline Realty,Partner,Disqualified,false,2024-04-18,,
LEAD003444,Avery,Bautista,avery.bautista3444@gmail.com,Lakeshore Real Estate,Referral,New,false,2025-10-01,,
LEAD003445,Riley,Thornton,riley.thornton3445@compass.com,Lakeshore & Co.,Organic Search,Nurturing,false,2025-08-01,,
LEAD003446,Devin,Nakamura,devin.nakamura3446@outlook.com,Harbor Partners,Conference,Working,true,2025-05-18,,
LEAD003447,Sasha,Lindqvist,sasha.lindqvist3447@outlook.com,Meridian Real Estate,Conference,Nurturing,true,2023-10-17,,
LEAD003448,Quinn,Whitfield,quinn.whitfield3448@realtyco.com,Harbor & Co.,Organic Search,New,false,2023-11-14,,
LEAD003449,Naomi,Bergstrom,naomi.bergstrom3449@compass.com,Harbor Properties,,Qualified,true,2024-06-22,,
LEAD003450,Devin,Petrova,devin.petrova3450@outlook.com,Blackwood Realty,Cold Outreach,New,false,2023-10-08,,
LEAD003451,Rowan,Whitfield,rowan.whitfield3451@realtyco.com,Ridgeline Realty,organic search,Working,true,2023-02-01,,
LEAD003452,Julian,Halvorsen,julian.halvorsen3452@outlook.com,Beacon Partners,Paid Search,Qualified,true,2025-10-25,ACC00386,2025-12-14
LEAD003453,Grant,Castellanos,grant.castellanos3453@kw.com,Meridian Real Estate,Paid Search,Working,false,2025-05-25,,
LEAD003454,Owen,Rinaldi,owen.rinaldi3454@realtyco.com,Harbor Realty,Cold Outreach,Nurturing,true,2024-01-12,,
LEAD003455,Avery,Rinaldi,avery.rinaldi3455@outlook.com,Stonebridge Partners,Conference,Working,false,2025-06-08,,
LEAD003456,Skyler,Delgado,skyler.delgado3456@kw.com,Harbor Realty,Partner,Disqualified,false,2026-03-02,,
LEAD003457,Theo,Lindqvist,theo.lindqvist3457@realtyco.com,Foxglove Properties,,Disqualified,false,2025-10-19,,
LEAD003458,Casey,Okonkwo,casey.okonkwo3458@gmail.com,Stonebridge Group,Organic Search,Qualified,true,2023-07-14,,
LEAD003459,Maya,Thornton,maya.thornton3459@compass.com,Harbor Group,Webinar,Qualified,true,2026-03-13,ACC00128,2026-05-03
LEAD003460,Morgan,Osei,morgan.osei3460@kw.com,Blackwood & Co.,Partner,Qualified,true,2023-06-02,ACC00259,2023-07-17
LEAD003461,Tessa,Halvorsen,tessa.halvorsen3461@compass.com,Stonebridge Real Estate,Social,Nurturing,true,2023-03-23,,
LEAD003462,Riley,Moreau,riley.moreau3462@outlook.com,Cornerstone Real Estate,Cold Outreach,Disqualified,false,2023-08-30,,
LEAD003463,Jordan,Delgado,jordan.delgado3463@kw.com,Summit Properties,Organic Search,Disqualified,false,2025-10-10,,
LEAD003464,Noel,Lindqvist,noel.lindqvist3464@realtyco.com,Lakeshore Real Estate,Webinar,New,false,2023-09-24,,
LEAD003465,Sasha,Lindqvist,sasha.lindqvist3465@kw.com,Lakeshore Realty,Webinar,Qualified,true,2025-02-09,ACC00074,2025-03-19
LEAD003466,Avery,Thornton,avery.thornton3466@kw.com,Cypress Group,,Disqualified,false,2025-07-30,,
LEAD003467,Naomi,Lindqvist,naomi.lindqvist3467@compass.com,Meridian Group,,Qualified,true,2024-07-25,,
LEAD003468,Marcus,Bergstrom,marcus.bergstrom3468@gmail.com,Blackwood Group,Webinar,Working,true,2025-06-23,,
LEAD003469,Noel,Rinaldi,noel.rinaldi3469@kw.com,Stonebridge Partners,organic search,Nurturing,true,2023-08-28,,
LEAD003470,Marcus,Rinaldi,marcus.rinaldi3470@compass.com,Stonebridge Group,Conference,Working,true,2025-08-07,,
LEAD003471,Casey,Rinaldi,casey.rinaldi3471@compass.com,Harbor Group,Webinar,Qualified,true,2024-04-26,ACC00873,2024-06-21
LEAD003472,Priya,Lindqvist,priya.lindqvist3472@realtyco.com,Lakeshore & Co.,Webinar,Working,true,2023-09-05,,
LEAD003473,Julian,Whitfield,julian.whitfield3473@realtyco.com,Foxglove & Co.,Paid Search,New,false,2025-07-31,,
LEAD003474,Devin,Vasquez,devin.vasquez3474@realtyco.com,Harbor Properties,paid search,New,false,2024-03-07,,
LEAD003475,Camille,Nakamura,camille.nakamura3475@outlook.com,Blackwood Realty,Referral,Qualified,true,2024-12-20,ACC00261,2025-01-20
LEAD003476,Priya,Nakamura,priya.nakamura3476@kw.com,Lakeshore Properties,Organic Search,Nurturing,false,2024-10-30,,
LEAD003477,Noel,Lindqvist,noel.lindqvist3477@compass.com,Stonebridge Properties,Conference,Working,false,2023-11-15,,
LEAD003478,Avery,Nakamura,avery.nakamura3478@kw.com,Summit Partners,Paid Search ,Disqualified,false,2023-09-18,,
LEAD003479,Quinn,Petrova,quinn.petrova3479@compass.com,Beacon Partners,Referral,Qualified,true,2024-11-28,ACC00793,2024-12-18
LEAD003480,Tessa,Rinaldi,tessa.rinaldi3480@compass.com,Cornerstone Properties,Social,New,false,2024-04-19,,
LEAD003481,Morgan,Vasquez,morgan.vasquez3481@gmail.com,Ironwood & Co.,Webinar,New,false,2025-03-09,,
LEAD003482,Devin,Okonkwo,devin.okonkwo3482@realtyco.com,Cypress Real Estate,Partner,New,false,2025-03-23,,
LEAD003483,Elena,Ahmed,elena.ahmed3483@gmail.com,Harbor & Co.,Referral,Disqualified,false,2024-12-20,,
LEAD003484,Avery,Okonkwo,avery.okonkwo3484@gmail.com,Blackwood Realty,Paid Search,Working,false,2023-12-16,,
LEAD003485,Tessa,Castellanos,tessa.castellanos3485@realtyco.com,Harbor Real Estate,Referral,Qualified,true,2024-05-16,,
LEAD003486,Bianca,Nakamura,bianca.nakamura3486@realtyco.com,Cornerstone Realty,,Nurturing,false,2026-03-26,,
LEAD003487,Grant,Delgado,grant.delgado3487@realtyco.com,Cornerstone Realty,Referral,New,false,2024-07-07,,
LEAD003488,Grant,Okonkwo,grant.okonkwo3488@kw.com,Blackwood Real Estate,Social,New,false,2025-07-21,,
LEAD003489,Theo,Vasquez,theo.vasquez3489@realtyco.com,Ridgeline Real Estate,Webinar,Nurturing,false,2025-11-03,,
LEAD003490,Jordan,Kaplan,jordan.kaplan3490@compass.com,Beacon Properties,Partner,Qualified,false,2025-09-22,ACC00783,2025-11-19
LEAD003491,Owen,Okonkwo,owen.okonkwo3491@realtyco.com,Ridgeline & Co.,,New,false,2023-08-30,,
LEAD003492,Bianca,Castellanos,bianca.castellanos3492@outlook.com,Cornerstone Partners,Webinar,Disqualified,false,2024-03-01,,
LEAD003493,Camille,Vasquez,camille.vasquez3493@gmail.com,Ironwood & Co.,Conference,Nurturing,true,2023-04-01,,
LEAD003494,Quinn,Ahmed,quinn.ahmed3494@realtyco.com,Harbor & Co.,Partner,Working,true,2024-07-24,,
LEAD003495,Morgan,Petrova,morgan.petrova3495@compass.com,Cornerstone Properties,Cold Outreach,New,false,2025-01-20,,
LEAD003496,Grant,Halvorsen,grant.halvorsen3496@compass.com,Stonebridge Realty,Referral,Qualified,true,2023-04-25,ACC00551,2023-05-22
LEAD003497,Grant,Petrova,grant.petrova3497@realtyco.com,Blackwood Group,Paid Search,Working,true,2023-05-30,,
LEAD003498,Felix,Okonkwo,felix.okonkwo3498@kw.com,Beacon Realty,Webinar,Qualified,true,2024-06-27,ACC00471,2024-08-11
LEAD003499,Skyler,Vasquez,skyler.vasquez3499@realtyco.com,Ironwood & Co.,Referral,New,false,2025-04-26,,
LEAD003500,Elena,Vasquez,elena.vasquez3500@gmail.com,Harbor Real Estate,Paid Search,Disqualified,false,2025-03-24,,
LEAD003501,Bianca,Okonkwo,bianca.okonkwo3501@kw.com,Beacon Real Estate,Cold Outreach,Qualified,true,2025-04-08,ACC00582,2025-04-22
LEAD003502,Morgan,Kaplan,morgan.kaplan3502@outlook.com,Foxglove Partners,Cold Outreach,Working,true,2025-10-03,,
LEAD003503,Bianca,Kaplan,bianca.kaplan3503@compass.com,Ridgeline Group,Conference,Qualified,true,2025-04-10,ACC00749,2025-06-06
LEAD003504,Elena,Kaplan,elena.kaplan3504@kw.com,Harbor Partners,Social,Qualified,true,2026-02-04,,
LEAD003505,Grant,Halvorsen,grant.halvorsen3505@compass.com,Cypress Properties,Referral,Disqualified,false,2023-11-28,,
LEAD003506,Tessa,Osei,tessa.osei3506@realtyco.com,Summit Real Estate,Social,New,false,2023-01-29,,
LEAD003507,Skyler,Delgado,skyler.delgado3507@compass.com,Ridgeline Partners,Webinar,Qualified,true,2025-08-24,ACC00496,2025-10-06
LEAD003508,Noel,Petrova,noel.petrova3508@realtyco.com,Cornerstone Realty,PAID SEARCH,Working,true,2025-11-26,,
LEAD003509,Quinn,Castellanos,quinn.castellanos3509@kw.com,Foxglove Realty,,New,false,2025-09-19,,
LEAD003510,Elena,Halvorsen,elena.halvorsen3510@gmail.com,Blackwood Properties,Referral,Working,false,2023-01-12,,
LEAD003511,Skyler,Halvorsen,skyler.halvorsen3511@compass.com,Cornerstone Real Estate,Social,Nurturing,true,2024-08-14,,
LEAD003512,Casey,Osei,casey.osei3512@outlook.com,Beacon Partners,Conference,Working,false,2025-10-27,,
LEAD003513,Casey,Bergstrom,casey.bergstrom3513@realtyco.com,Summit & Co.,Partner,Qualified,true,2024-05-19,ACC00402,2024-05-31
LEAD003514,Owen,Kaplan,owen.kaplan3514@kw.com,Harbor & Co.,Cold Outreach,New,false,2026-06-17,,
LEAD003515,Owen,Whitfield,owen.whitfield3515@gmail.com,Meridian Properties,Paid Search,New,false,2026-04-22,,
LEAD003516,Rowan,Petrova,rowan.petrova3516@realtyco.com,Lakeshore Properties,Social,Working,true,2023-12-29,,
LEAD003517,Devin,Ahmed,devin.ahmed3517@kw.com,Ridgeline Properties,Partner,Qualified,false,2023-10-06,ACC00252,2023-11-23
LEAD003518,Morgan,Vasquez,morgan.vasquez3518@gmail.com,Ironwood Real Estate,Webinar,New,false,2024-12-14,,
LEAD003519,Bianca,Delgado,bianca.delgado3519@kw.com,Lakeshore & Co.,Social,New,false,2024-01-16,,
LEAD003520,Riley,Osei,riley.osei3520@compass.com,Lakeshore Realty,Partner,Disqualified,false,2023-01-09,,
LEAD003521,Rowan,Delgado,rowan.delgado3521@realtyco.com,Beacon Group,Partner,Qualified,false,2026-04-05,,
LEAD003522,Naomi,Petrova,naomi.petrova3522@gmail.com,Cypress Realty,Conference,Nurturing,true,2025-03-20,,
LEAD003523,Casey,Whitfield,casey.whitfield3523@gmail.com,Cypress Group,Referral,Nurturing,false,2025-07-17,,
LEAD003524,Priya,Thornton,priya.thornton3524@compass.com,Lakeshore Realty,Partner,Working,false,2023-04-22,,
LEAD003525,Julian,Osei,julian.osei3525@compass.com,Harbor Real Estate,Cold Outreach,Disqualified,false,2025-01-08,,
LEAD003526,Noel,Osei,noel.osei3526@realtyco.com,Blackwood Real Estate,Social,Qualified,false,2026-04-13,ACC00384,2026-05-10
LEAD003527,Devin,Moreau,devin.moreau3527@realtyco.com,Cornerstone & Co.,Webinar,New,false,2024-08-15,,
LEAD003528,Elena,Castellanos,elena.castellanos3528@kw.com,Beacon Partners,Organic Search,New,false,2024-08-30,,
LEAD003529,Elena,Ahmed,elena.ahmed3529@gmail.com,Stonebridge Real Estate,Referral,Qualified,false,2023-10-30,ACC00509,2023-12-13
LEAD003530,Skyler,Bautista,skyler.bautista3530@kw.com,Lakeshore Realty,Paid Search,New,false,2023-07-09,,
LEAD003531,Jordan,Nakamura,jordan.nakamura3531@outlook.com,Cornerstone Properties,Cold Outreach,Qualified,true,2026-04-25,ACC00664,2026-05-30
LEAD003532,Avery,Lindqvist,avery.lindqvist3532@outlook.com,Lakeshore & Co.,Webinar,Working,true,2024-10-05,,
LEAD003533,Skyler,Lindqvist,skyler.lindqvist3533@gmail.com,Ironwood Properties,Organic Search,Nurturing,false,2024-04-06,,
LEAD003534,Skyler,Thornton,skyler.thornton3534@outlook.com,Cornerstone & Co.,Social,Qualified,true,2024-06-18,,
LEAD003535,Quinn,Vasquez,quinn.vasquez3535@outlook.com,Stonebridge & Co.,Organic Search,Nurturing,true,2024-09-11,,
LEAD003536,Noel,Kearney,noel.kearney3536@gmail.com,Ridgeline Real Estate,Conference,Nurturing,false,2023-09-30,,
LEAD003537,Devin,Rinaldi,devin.rinaldi3537@compass.com,Harbor Partners,Partner,Qualified,false,2023-08-31,ACC00188,2023-10-09
LEAD003538,Devin,Lindqvist,devin.lindqvist3538@outlook.com,Stonebridge Partners,Webinar,Working,true,2026-05-07,,
LEAD003539,Skyler,Delgado,skyler.delgado3539@kw.com,Stonebridge Group,Partner,Working,false,2025-11-25,,
LEAD003540,Riley,Osei,riley.osei3540@outlook.com,Cornerstone Partners,Partner,Working,false,2023-07-25,,
LEAD003541,Camille,Bergstrom,camille.bergstrom3541@realtyco.com,Beacon Realty,,Nurturing,true,2025-02-22,,
LEAD003542,Devin,Bergstrom,devin.bergstrom3542@gmail.com,Foxglove & Co.,Referral,Qualified,true,2023-06-09,ACC00762,2023-08-05
LEAD003543,Julian,Castellanos,julian.castellanos3543@gmail.com,Blackwood Realty,Partner,New,false,2026-05-01,,
LEAD003544,Sasha,Osei,sasha.osei3544@kw.com,Cypress & Co.,,Qualified,true,2023-12-14,ACC00861,2024-01-10
LEAD003545,Felix,Kearney,felix.kearney3545@gmail.com,Meridian Properties,Conference,Working,true,2025-02-27,,
LEAD003546,Devin,Bergstrom,devin.bergstrom3546@gmail.com,Blackwood Partners,Social,Working,false,2023-09-05,,
LEAD003547,Tessa,Moreau,tessa.moreau3547@gmail.com,Cornerstone Real Estate,Webinar,Qualified,false,2024-08-27,,
LEAD003548,Casey,Petrova,casey.petrova3548@compass.com,Foxglove Realty,Cold Outreach,Working,true,2025-09-03,,
LEAD003549,Riley,Ahmed,riley.ahmed3549@outlook.com,Ironwood & Co.,Cold Outreach,Qualified,false,2023-09-23,ACC00730,2023-10-21
LEAD003550,Skyler,Bautista,skyler.bautista3550@outlook.com,Ridgeline Real Estate,Cold Outreach,Qualified,true,2024-11-07,ACC00211,2024-11-17
LEAD003551,Tessa,Halvorsen,tessa.halvorsen3551@compass.com,Stonebridge & Co.,Webinar,Qualified,false,2025-11-14,ACC00844,2025-12-09
LEAD003552,Theo,Moreau,theo.moreau3552@outlook.com,Cypress Group,Social,Nurturing,true,2026-05-27,,
LEAD003553,Noel,Castellanos,noel.castellanos3553@kw.com,Cornerstone Partners,Cold Outreach,Qualified,true,2023-10-18,ACC00654,2023-11-21
LEAD003554,Owen,Halvorsen,owen.halvorsen3554@outlook.com,Foxglove Group,organic search,Working,true,2023-07-18,,
LEAD003555,Priya,Thornton,priya.thornton3555@compass.com,Meridian Group,Conference,Qualified,true,2024-02-04,ACC00299,2024-03-14
LEAD003556,Grant,Castellanos,grant.castellanos3556@gmail.com,Meridian Real Estate,Conference,Working,false,2026-05-27,,
LEAD003557,Maya,Castellanos,maya.castellanos3557@outlook.com,Stonebridge Real Estate,Cold Outreach,Qualified,true,2025-12-02,ACC00121,2026-01-11
LEAD003558,Rowan,Kaplan,rowan.kaplan3558@realtyco.com,Stonebridge Realty,Organic Search,Working,true,2024-10-01,,
LEAD003559,Julian,Petrova,julian.petrova3559@realtyco.com,Beacon Group,Conference,Nurturing,true,2023-10-29,,
LEAD003560,Avery,Thornton,avery.thornton3560@gmail.com,Cornerstone Group,Social,Nurturing,true,2023-11-22,,
LEAD003561,Julian,Osei,julian.osei3561@kw.com,Meridian Real Estate,,Working,true,2025-02-17,,
LEAD003562,Riley,Whitfield,riley.whitfield3562@gmail.com,Meridian Group,Paid Search,Qualified,true,2026-04-08,,
LEAD003563,Quinn,Bergstrom,quinn.bergstrom3563@gmail.com,Beacon Realty,Partner,Qualified,true,2024-07-28,ACC00178,2024-09-14
LEAD003564,Bianca,Castellanos,bianca.castellanos3564@outlook.com,Meridian Realty,Paid Search,New,false,2023-10-12,,
LEAD003565,Avery,Nakamura,avery.nakamura3565@realtyco.com,Foxglove Partners,,Qualified,true,2026-04-13,ACC00533,2026-05-14
LEAD003566,Bianca,Okonkwo,bianca.okonkwo3566@compass.com,Cornerstone & Co.,Cold Outreach,Working,true,2024-12-12,,
LEAD003567,Elena,Halvorsen,elena.halvorsen3567@kw.com,Cypress Group,Social,Working,true,2024-12-07,,
LEAD003568,Noel,Bergstrom,noel.bergstrom3568@compass.com,Cypress Group,Webinar,Working,false,2024-02-05,,
LEAD003569,Tessa,Vasquez,tessa.vasquez3569@gmail.com,Cypress Properties,Paid Search,New,false,2023-05-16,,
LEAD003570,Marcus,Kaplan,marcus.kaplan3570@realtyco.com,Foxglove & Co.,Paid Search,Working,true,2024-03-02,,
LEAD003571,Bianca,Okonkwo,bianca.okonkwo3571@realtyco.com,Harbor Partners,Cold Outreach,Nurturing,false,2024-02-17,,
LEAD003572,Felix,Delgado,felix.delgado3572@gmail.com,Stonebridge Partners,Conference,Qualified,true,2024-02-22,,
LEAD003573,Felix,Castellanos,felix.castellanos3573@kw.com,Foxglove Properties,Referral,New,false,2023-07-24,,
LEAD003574,Bianca,Nakamura,bianca.nakamura3574@compass.com,Harbor & Co.,Organic Search,Disqualified,false,2024-03-26,,
LEAD003575,Riley,Whitfield,riley.whitfield3575@compass.com,Cornerstone Partners,Paid Search,Disqualified,false,2026-01-19,,
LEAD003576,Bianca,Halvorsen,bianca.halvorsen3576@compass.com,Lakeshore Properties,Referral,Working,false,2023-01-13,,
LEAD003577,Tessa,Lindqvist,tessa.lindqvist3577@kw.com,Stonebridge Properties,Organic Search,Qualified,true,2024-07-07,ACC00596,2024-08-28
LEAD003578,Rowan,Petrova,rowan.petrova3578@realtyco.com,Meridian Properties,Conference,Qualified,true,2023-11-29,ACC00474,2024-01-15
LEAD003579,Riley,Halvorsen,riley.halvorsen3579@gmail.com,Foxglove Properties,organic search,Nurturing,true,2024-12-07,,
LEAD003580,Devin,Halvorsen,devin.halvorsen3580@outlook.com,Meridian & Co.,Partner,Nurturing,false,2023-10-11,,
LEAD003581,Riley,Whitfield,riley.whitfield3581@compass.com,Ridgeline Partners,Social,New,false,2025-02-23,,
LEAD003582,Noel,Vasquez,noel.vasquez3582@outlook.com,Stonebridge Group,Conference,New,false,2024-03-19,,
LEAD003583,Bianca,Petrova,bianca.petrova3583@realtyco.com,Stonebridge Properties,Referral,Nurturing,true,2025-03-12,,
LEAD003584,Avery,Moreau,avery.moreau3584@realtyco.com,Beacon Real Estate,Conference,Working,true,2025-01-15,,
LEAD003585,Julian,Ahmed,julian.ahmed3585@kw.com,Summit Properties,Cold Outreach,Qualified,false,2023-04-27,ACC00210,2023-06-23
LEAD003586,Quinn,Moreau,quinn.moreau3586@outlook.com,Lakeshore Group,Social,Nurturing,false,2025-07-14,,
LEAD003587,Naomi,Bautista,naomi.bautista3587@outlook.com,Summit & Co.,,Disqualified,false,2024-05-08,,
LEAD003588,Elena,Moreau,elena.moreau3588@gmail.com,Summit Properties,Webinar,New,false,2023-04-17,,
LEAD003589,Theo,Rinaldi,theo.rinaldi3589@realtyco.com,Harbor Properties,Cold Outreach,Working,true,2023-12-19,,
LEAD003590,Julian,Okonkwo,julian.okonkwo3590@outlook.com,Cornerstone & Co.,Social,Working,true,2023-04-25,,
LEAD003591,Quinn,Nakamura,quinn.nakamura3591@gmail.com,Ridgeline Partners,Organic Search,Qualified,true,2024-12-15,ACC00878,2024-12-29
LEAD003592,Quinn,Moreau,quinn.moreau3592@realtyco.com,Cypress Properties,Webinar,Nurturing,true,2024-03-01,,
LEAD003593,Devin,Petrova,devin.petrova3593@outlook.com,Meridian & Co.,Partner,Nurturing,true,2024-12-18,,
LEAD003594,Theo,Okonkwo,theo.okonkwo3594@realtyco.com,Beacon Group,Conference,New,false,2026-04-09,,
LEAD003595,Skyler,Rinaldi,skyler.rinaldi3595@outlook.com,Lakeshore Partners,Webinar,Qualified,false,2025-05-25,,
LEAD003596,Owen,Thornton,owen.thornton3596@kw.com,Ironwood Real Estate,Partner,Disqualified,false,2026-01-17,,
LEAD003597,Devin,Vasquez,devin.vasquez3597@compass.com,Ironwood Group,Social,Working,false,2025-10-14,,
LEAD003598,Jordan,Petrova,jordan.petrova3598@compass.com,Foxglove Realty,Partner,Qualified,true,2025-08-08,ACC00862,2025-09-03
LEAD003599,Casey,Vasquez,casey.vasquez3599@compass.com,Beacon Real Estate,,Qualified,true,2025-04-25,ACC00556,2025-05-22
LEAD003600,Felix,Kearney,felix.kearney3600@gmail.com,Stonebridge & Co.,Conference,Working,true,2023-04-07,,
LEAD003601,Owen,Nakamura,owen.nakamura3601@kw.com,Ridgeline Partners,,Working,true,2025-10-30,,
LEAD003602,Naomi,Nakamura,naomi.nakamura3602@outlook.com,Cypress Realty,Referral,New,false,2023-02-26,,
LEAD003603,Quinn,Lindqvist,quinn.lindqvist3603@kw.com,Cornerstone Group,Partner,Qualified,false,2024-06-27,ACC00839,2024-07-31
LEAD003604,Morgan,Lindqvist,morgan.lindqvist3604@gmail.com,Ridgeline & Co.,Social,Qualified,true,2025-11-13,ACC00703,2025-12-06
LEAD003605,Priya,Ahmed,priya.ahmed3605@outlook.com,Foxglove Properties,Webinar,Nurturing,true,2025-01-27,,
LEAD003606,Grant,Lindqvist,grant.lindqvist3606@compass.com,Stonebridge Group,Organic Search,Disqualified,false,2026-03-14,,
LEAD003607,Casey,Castellanos,casey.castellanos3607@outlook.com,Summit Real Estate,Social,Working,false,2026-01-31,,
LEAD003608,Riley,Kearney,riley.kearney3608@gmail.com,Harbor Realty,Social,Qualified,true,2023-07-03,ACC00704,2023-08-24
LEAD003609,Theo,Osei,theo.osei3609@compass.com,Meridian & Co.,Webinar,New,false,2024-05-04,,
LEAD003610,Morgan,Okonkwo,morgan.okonkwo3610@kw.com,Foxglove Realty,Paid Search,Working,true,2024-10-06,,
LEAD003611,Julian,Ahmed,julian.ahmed3611@compass.com,Cornerstone Group,Paid Search,Nurturing,false,2023-05-07,,
LEAD003612,Marcus,Thornton,marcus.thornton3612@realtyco.com,Ridgeline Realty,Conference,New,false,2026-05-14,,
LEAD003613,Grant,Bautista,grant.bautista3613@realtyco.com,Blackwood Real Estate,Organic Search,Qualified,true,2024-08-25,,
LEAD003614,Julian,Kearney,julian.kearney3614@realtyco.com,Harbor Real Estate, Referral,Working,true,2025-06-26,,
LEAD003615,Skyler,Rinaldi,skyler.rinaldi3615@kw.com,Meridian Partners,Social,Disqualified,false,2025-01-27,,
LEAD003616,Grant,Whitfield,grant.whitfield3616@outlook.com,Lakeshore Realty,Organic Search,Working,true,2025-04-03,,
LEAD003617,Sasha,Ahmed,sasha.ahmed3617@realtyco.com,Meridian Group,Webinar,Nurturing,true,2026-02-13,,
LEAD003618,Quinn,Halvorsen,quinn.halvorsen3618@kw.com,Meridian & Co.,Paid Search,Qualified,true,2025-08-06,,
LEAD003619,Devin,Petrova,devin.petrova3619@gmail.com,Cypress & Co.,Conference,Working,true,2026-02-27,,
LEAD003620,Tessa,Moreau,tessa.moreau3620@compass.com,Blackwood Group,Paid Search,Qualified,false,2023-02-09,ACC00195,2023-02-13
LEAD003621,Maya,Petrova,maya.petrova3621@realtyco.com,Meridian Group,Organic Search,New,false,2026-04-10,,
LEAD003622,Skyler,Kearney,skyler.kearney3622@compass.com,Cypress & Co.,Partner,Nurturing,false,2024-12-09,,
LEAD003623,Bianca,Kaplan,bianca.kaplan3623@gmail.com,Harbor Real Estate,Social,Nurturing,true,2024-05-12,,
LEAD003624,Naomi,Kaplan,naomi.kaplan3624@realtyco.com,Foxglove Properties,Webinar,Nurturing,true,2023-09-03,,
LEAD003625,Morgan,Ahmed,morgan.ahmed3625@kw.com,Harbor Properties,Referral,Working,true,2024-04-26,,
LEAD003626,Camille,Osei,camille.osei3626@compass.com,Foxglove Realty,Webinar,Nurturing,false,2024-05-06,,
LEAD003627,Felix,Kaplan,felix.kaplan3627@gmail.com,Blackwood Group,referral,New,false,2024-01-29,,
LEAD003628,Owen,Lindqvist,owen.lindqvist3628@compass.com,Harbor Partners,Cold Outreach,Nurturing,false,2024-05-04,,
LEAD003629,Bianca,Thornton,bianca.thornton3629@realtyco.com,Meridian Real Estate,organic search,Disqualified,false,2025-09-01,,
LEAD003630,Avery,Whitfield,avery.whitfield3630@gmail.com,Beacon Realty,Conference,Working,false,2024-01-17,,
LEAD003631,Sasha,Bergstrom,sasha.bergstrom3631@outlook.com,Summit Group,Webinar,Qualified,false,2023-07-15,ACC00303,2023-07-20
LEAD003632,Camille,Nakamura,camille.nakamura3632@compass.com,Harbor Properties,Organic Search,Disqualified,false,2024-11-11,,
LEAD003633,Tessa,Bautista,tessa.bautista3633@compass.com,Stonebridge Partners,,Qualified,true,2023-12-01,ACC00773,2023-12-13
LEAD003634,Sasha,Thornton,sasha.thornton3634@kw.com,Summit & Co.,Partner,New,false,2024-08-12,,
LEAD003635,Jordan,Osei,jordan.osei3635@kw.com,Ironwood Group,Paid Search,Qualified,false,2023-12-03,ACC00143,2024-01-04
LEAD003636,Naomi,Vasquez,naomi.vasquez3636@gmail.com,Stonebridge Properties,Partner,Nurturing,false,2024-03-12,,
LEAD003637,Priya,Okonkwo,priya.okonkwo3637@compass.com,Stonebridge Real Estate,Organic Search,Nurturing,true,2023-07-25,,
LEAD003638,Bianca,Castellanos,bianca.castellanos3638@compass.com,Meridian Group,Organic Search,Nurturing,true,2026-02-27,,
LEAD003639,Grant,Ahmed,grant.ahmed3639@outlook.com,Foxglove Realty,Social,Working,true,2026-05-01,,
LEAD003640,Elena,Lindqvist,elena.lindqvist3640@realtyco.com,Meridian Realty,Organic Search,Working,false,2023-09-15,,
LEAD003641,Noel,Vasquez,noel.vasquez3641@realtyco.com,Beacon Group,Conference,Working,true,2023-07-26,,
LEAD003642,Marcus,Vasquez,marcus.vasquez3642@compass.com,Cypress & Co.,Cold Outreach,Disqualified,false,2023-11-24,,
LEAD003643,Noel,Lindqvist,noel.lindqvist3643@compass.com,Cornerstone Realty,Cold Outreach,Disqualified,false,2025-02-15,,
LEAD003644,Elena,Bergstrom,elena.bergstrom3644@gmail.com,Cornerstone Real Estate,Social,Working,true,2023-06-18,,
LEAD003645,Tessa,Halvorsen,tessa.halvorsen3645@kw.com,Beacon Partners,Conference,Nurturing,false,2024-11-27,,
LEAD003646,Casey,Rinaldi,casey.rinaldi3646@realtyco.com,Harbor Properties,Cold Outreach,New,false,2023-09-07,,
LEAD003647,Priya,Whitfield,priya.whitfield3647@realtyco.com,Beacon Properties,Webinar,New,false,2024-02-21,,
LEAD003648,Quinn,Bergstrom,quinn.bergstrom3648@gmail.com,Meridian Partners,,Working,true,2025-07-21,,
LEAD003649,Camille,Okonkwo,camille.okonkwo3649@compass.com,Cypress & Co.,Partner,Working,true,2023-04-17,,
LEAD003650,Camille,Rinaldi,camille.rinaldi3650@gmail.com,Cypress Group,Webinar,New,false,2024-03-05,,
LEAD003651,Owen,Delgado,owen.delgado3651@outlook.com,Ironwood Properties,Cold Outreach,Disqualified,false,2025-07-31,,
LEAD003652,Quinn,Kaplan,quinn.kaplan3652@gmail.com,Cypress Real Estate,Conference,Qualified,true,2025-12-16,ACC00628,2025-12-25
LEAD003653,Owen,Bautista,owen.bautista3653@realtyco.com,Ridgeline Real Estate,Organic Search,Nurturing,true,2023-07-11,,
LEAD003654,Maya,Kearney,maya.kearney3654@outlook.com,Foxglove Real Estate,Conference,Qualified,false,2024-04-26,ACC00193,2024-05-11
LEAD003655,Priya,Vasquez,priya.vasquez3655@kw.com,Stonebridge Realty,Conference,Working,false,2024-01-21,,
LEAD003656,Julian,Castellanos,julian.castellanos3656@compass.com,Foxglove Properties,,Disqualified,false,2023-01-26,,
LEAD003657,Quinn,Lindqvist,quinn.lindqvist3657@gmail.com,Summit Real Estate,Conference,Qualified,true,2023-10-31,,
LEAD003658,Grant,Rinaldi,grant.rinaldi3658@outlook.com,Summit & Co.,Organic Search,Working,true,2024-04-05,,
LEAD003659,Grant,Halvorsen,grant.halvorsen3659@compass.com,Stonebridge Realty,Conference,Nurturing,false,2023-12-16,,
LEAD003660,Morgan,Castellanos,morgan.castellanos3660@compass.com,Ironwood Real Estate,Referral,Nurturing,false,2023-06-21,,
LEAD003661,Jordan,Castellanos,jordan.castellanos3661@outlook.com,Blackwood Group,Organic Search,Qualified,false,2024-09-13,ACC00675,2024-11-03
LEAD003662,Devin,Nakamura,devin.nakamura3662@gmail.com,Lakeshore Properties,Social,Nurturing,false,2023-03-18,,
LEAD003663,Sasha,Delgado,sasha.delgado3663@compass.com,Lakeshore Realty,Organic Search,Nurturing,true,2023-06-24,,
LEAD003664,Devin,Okonkwo,devin.okonkwo3664@gmail.com,Ridgeline Partners,,Working,true,2023-08-07,,
LEAD003665,Jordan,Moreau,jordan.moreau3665@kw.com,Lakeshore Realty,Webinar,New,false,2023-09-16,,
LEAD003666,Avery,Okonkwo,avery.okonkwo3666@compass.com,Lakeshore Partners,Webinar,Working,false,2023-02-09,,
LEAD003667,Rowan,Halvorsen,rowan.halvorsen3667@gmail.com,Stonebridge & Co.,Conference,Working,true,2024-04-29,,
LEAD003668,Devin,Bautista,devin.bautista3668@outlook.com,Harbor Properties,Partner,New,false,2023-06-02,,
LEAD003669,Bianca,Kaplan,bianca.kaplan3669@realtyco.com,Harbor Realty,Referral,Qualified,true,2026-01-02,,
LEAD003670,Grant,Bautista,grant.bautista3670@outlook.com,Cornerstone Partners,Webinar,Qualified,true,2023-03-06,ACC00686,2023-04-02
LEAD003671,Jordan,Petrova,jordan.petrova3671@realtyco.com,Ridgeline Properties,Conference,Disqualified,false,2025-07-19,,
LEAD003672,Bianca,Nakamura,bianca.nakamura3672@realtyco.com,Beacon Partners,Conference,Qualified,true,2024-10-29,ACC00435,2024-12-23
LEAD003673,Riley,Osei,riley.osei3673@gmail.com,Cornerstone Partners,Organic Search,Nurturing,true,2026-05-17,,
LEAD003674,Devin,Lindqvist,devin.lindqvist3674@realtyco.com,Ironwood Partners,Webinar,Disqualified,false,2023-11-21,,
LEAD003675,Julian,Petrova,julian.petrova3675@kw.com,Blackwood & Co.,Referral,Working,true,2023-09-15,,
LEAD003676,Avery,Ahmed,avery.ahmed3676@outlook.com,Stonebridge Realty,Cold Outreach,Qualified,true,2024-12-29,ACC00613,2025-02-18
LEAD003677,Tessa,Ahmed,tessa.ahmed3677@gmail.com,Ironwood Group,Cold Outreach,Working,true,2023-10-29,,
LEAD003678,Riley,Petrova,riley.petrova3678@outlook.com,Harbor Realty,Webinar,Qualified,true,2023-03-23,ACC00271,2023-04-26
LEAD003679,Morgan,Thornton,morgan.thornton3679@compass.com,Lakeshore Properties,Cold Outreach,Disqualified,false,2025-02-17,,
LEAD003680,Riley,Moreau,riley.moreau3680@gmail.com,Lakeshore Realty,Conference,Working,false,2024-10-13,,
LEAD003681,Elena,Delgado,elena.delgado3681@compass.com,Cypress Properties,Paid Search,Nurturing,true,2025-08-10,,
LEAD003682,Maya,Thornton,maya.thornton3682@compass.com,Beacon Group,Webinar,Working,false,2024-12-22,,
LEAD003683,Julian,Halvorsen,julian.halvorsen3683@compass.com,Foxglove Realty,Referral,New,false,2024-06-16,,
LEAD003684,Felix,Lindqvist,felix.lindqvist3684@realtyco.com,Meridian Partners,Partner,Qualified,false,2024-03-12,ACC00286,2024-04-16
LEAD003685,Owen,Vasquez,owen.vasquez3685@kw.com,Ridgeline Group,Social,Qualified,true,2023-05-07,ACC00422,2023-06-30
LEAD003686,Owen,Moreau,owen.moreau3686@compass.com,Blackwood Group,Paid Search,Working,true,2024-11-14,,
LEAD003687,Theo,Bergstrom,theo.bergstrom3687@compass.com,Meridian Real Estate,Conference,New,false,2023-11-22,,
LEAD003688,Casey,Rinaldi,casey.rinaldi3688@gmail.com,Stonebridge Properties,Referral,New,false,2024-11-19,,
LEAD003689,Felix,Thornton,felix.thornton3689@compass.com,Beacon Group,Partner,New,false,2026-06-08,,
LEAD003690,Julian,Okonkwo,julian.okonkwo3690@outlook.com,Ironwood Realty,Webinar,New,false,2025-01-20,,
LEAD003691,Rowan,Whitfield,rowan.whitfield3691@gmail.com,Meridian Partners,Conference,Working,true,2023-05-14,,
LEAD003692,Bianca,Lindqvist,bianca.lindqvist3692@gmail.com,Ironwood Real Estate,Paid Search,Nurturing,false,2023-05-26,,
LEAD003693,Rowan,Castellanos,rowan.castellanos3693@kw.com,Harbor Properties,,Disqualified,false,2025-12-09,,
LEAD003694,Jordan,Bergstrom,jordan.bergstrom3694@kw.com,Meridian Realty,Paid Search ,Working,true,2025-09-19,,
LEAD003695,Camille,Bergstrom,camille.bergstrom3695@kw.com,Meridian Properties,Webinar,New,false,2025-09-01,,
LEAD003696,Julian,Thornton,julian.thornton3696@gmail.com,Summit Partners,Referral,New,false,2026-06-02,,
LEAD003697,Naomi,Rinaldi,naomi.rinaldi3697@kw.com,Summit Realty,,Nurturing,true,2025-08-21,,
LEAD003698,Casey,Thornton,casey.thornton3698@gmail.com,Ironwood Realty,Partner,New,false,2025-03-26,,
LEAD003699,Avery,Bautista,avery.bautista3699@kw.com,Summit Realty,Webinar,New,false,2024-11-24,,
LEAD003700,Morgan,Whitfield,morgan.whitfield3700@outlook.com,Meridian Realty, Referral,Nurturing,true,2023-11-03,,
LEAD003701,Felix,Okonkwo,felix.okonkwo3701@kw.com,Meridian Properties,Organic Search,Disqualified,false,2023-09-07,,
LEAD003702,Elena,Moreau,elena.moreau3702@compass.com,Beacon Realty,Partner,Working,true,2023-01-11,,
LEAD003703,Morgan,Lindqvist,morgan.lindqvist3703@kw.com,Cornerstone Properties,,Qualified,true,2026-06-11,,
LEAD003704,Felix,Castellanos,felix.castellanos3704@compass.com,Lakeshore Real Estate,Organic Search,New,false,2025-01-13,,
LEAD003705,Naomi,Petrova,naomi.petrova3705@kw.com,Summit Properties,Partner,New,false,2023-09-06,,
LEAD003706,Priya,Ahmed,priya.ahmed3706@outlook.com,Stonebridge Group,Partner,New,false,2024-09-09,,
LEAD003707,Felix,Nakamura,felix.nakamura3707@compass.com,Summit Group,Referral,Working,false,2023-06-21,,
LEAD003708,Devin,Vasquez,devin.vasquez3708@outlook.com,Lakeshore Properties,Referral,Qualified,true,2023-01-05,ACC00693,2023-01-21
LEAD003709,Grant,Rinaldi,grant.rinaldi3709@gmail.com,Foxglove Properties,Conference,Nurturing,true,2024-10-18,,
LEAD003710,Casey,Whitfield,casey.whitfield3710@compass.com,Ironwood Partners,Organic Search,Qualified,true,2025-03-31,ACC00531,2025-04-09
LEAD003711,Felix,Rinaldi,felix.rinaldi3711@compass.com,Stonebridge Partners,Conference,New,false,2024-07-27,,
LEAD003712,Sasha,Whitfield,sasha.whitfield3712@realtyco.com,Meridian Partners,Webinar,New,false,2025-10-18,,
LEAD003713,Rowan,Okonkwo,rowan.okonkwo3713@kw.com,Ridgeline Real Estate,Partner,Qualified,true,2026-03-30,,
LEAD003714,Naomi,Nakamura,naomi.nakamura3714@compass.com,Meridian Realty,Partner,Working,false,2026-05-31,,
LEAD003715,Naomi,Okonkwo,naomi.okonkwo3715@compass.com,Lakeshore Group,Social,Working,false,2024-06-10,,
LEAD003716,Priya,Bautista,priya.bautista3716@kw.com,Stonebridge Realty,Conference,Working,true,2024-06-26,,
LEAD003717,Naomi,Rinaldi,naomi.rinaldi3717@compass.com,Stonebridge Real Estate,Cold Outreach,New,false,2023-08-16,,
LEAD003718,Skyler,Nakamura,skyler.nakamura3718@outlook.com,Beacon Partners,Social,New,false,2025-12-03,,
LEAD003719,Tessa,Vasquez,tessa.vasquez3719@realtyco.com,Ironwood & Co.,Conference,Qualified,true,2024-06-10,,
LEAD003720,Naomi,Ahmed,naomi.ahmed3720@gmail.com,Ridgeline & Co.,Webinar,New,false,2023-05-01,,
LEAD003721,Morgan,Lindqvist,morgan.lindqvist3721@compass.com,Blackwood Group,Partner,Qualified,false,2024-04-23,,
LEAD003722,Skyler,Kearney,skyler.kearney3722@realtyco.com,Lakeshore & Co.,Referral,Disqualified,false,2026-02-06,,
LEAD003723,Rowan,Delgado,rowan.delgado3723@compass.com,Meridian & Co.,Partner,Qualified,false,2024-12-15,,
LEAD003724,Devin,Halvorsen,devin.halvorsen3724@outlook.com,Stonebridge Real Estate,Conference,Qualified,true,2025-01-24,ACC00344,2025-03-18
LEAD003725,Morgan,Delgado,morgan.delgado3725@compass.com,Harbor Group,Social,New,false,2024-04-21,,
LEAD003726,Grant,Rinaldi,grant.rinaldi3726@gmail.com,Lakeshore & Co.,Paid Search,New,false,2025-09-13,,
LEAD003727,Owen,Moreau,owen.moreau3727@outlook.com,Cypress Realty,Referral,Nurturing,true,2025-02-18,,
LEAD003728,Sasha,Rinaldi,sasha.rinaldi3728@compass.com,Beacon & Co.,,Qualified,true,2025-04-09,ACC00197,2025-06-08
LEAD003729,Devin,Rinaldi,devin.rinaldi3729@compass.com,Cypress Realty,Referral,New,false,2026-05-25,,
LEAD003730,Jordan,Whitfield,jordan.whitfield3730@outlook.com,Beacon Partners,Conference,New,false,2026-03-30,,
LEAD003731,Rowan,Castellanos,rowan.castellanos3731@outlook.com,Beacon & Co.,Partner,Nurturing,true,2023-01-29,,
LEAD003732,Skyler,Kearney,skyler.kearney3732@kw.com,Beacon Partners,Referral,New,false,2023-01-18,,
LEAD003733,Felix,Bergstrom,felix.bergstrom3733@outlook.com,Meridian Real Estate,organic search,Working,false,2023-07-25,,
LEAD003734,Camille,Kaplan,camille.kaplan3734@realtyco.com,Ridgeline Real Estate,Organic Search,New,false,2024-07-19,,
LEAD003735,Rowan,Whitfield,rowan.whitfield3735@realtyco.com,Cornerstone Real Estate,Conference,Disqualified,false,2025-02-09,,
LEAD003736,Felix,Delgado,felix.delgado3736@compass.com,Lakeshore Group,Organic Search,Qualified,false,2025-11-02,ACC00314,2025-12-21
LEAD003737,Devin,Kearney,devin.kearney3737@compass.com,Blackwood Partners,Social,Nurturing,false,2024-08-05,,
LEAD003738,Casey,Bautista,casey.bautista3738@realtyco.com,Lakeshore Real Estate,Social,New,false,2026-04-22,,
LEAD003739,Julian,Kearney,julian.kearney3739@realtyco.com,Summit & Co.,Referral,Working,false,2026-04-22,,
LEAD003740,Elena,Castellanos,elena.castellanos3740@compass.com,Meridian Partners,,Working,true,2023-09-08,,
LEAD003741,Camille,Rinaldi,camille.rinaldi3741@compass.com,Stonebridge & Co.,Cold Outreach,Working,true,2025-12-14,,
LEAD003742,Devin,Rinaldi,devin.rinaldi3742@kw.com,Meridian Properties,Partner,New,false,2026-01-24,,
LEAD003743,Skyler,Bergstrom,skyler.bergstrom3743@gmail.com,Summit & Co.,Cold Outreach,Disqualified,false,2026-03-06,,
LEAD003744,Grant,Castellanos,grant.castellanos3744@outlook.com,Foxglove Group,Cold Outreach,Nurturing,true,2024-12-10,,
LEAD003745,Skyler,Rinaldi,skyler.rinaldi3745@compass.com,Stonebridge Partners,Webinar,Qualified,false,2025-09-25,ACC00357,2025-10-21
LEAD003746,Morgan,Bergstrom,morgan.bergstrom3746@kw.com,Cornerstone & Co.,,Working,true,2023-07-14,,
LEAD003747,Sasha,Delgado,sasha.delgado3747@realtyco.com,Ironwood Real Estate,Referral,Qualified,true,2025-04-22,ACC00196,2025-04-30
LEAD003748,Rowan,Kearney,rowan.kearney3748@outlook.com,Lakeshore & Co.,,Disqualified,false,2025-10-11,,
LEAD003749,Theo,Delgado,theo.delgado3749@outlook.com,Lakeshore Partners,Organic Search,Qualified,true,2024-12-14,ACC00846,2025-02-12
LEAD003750,Camille,Delgado,camille.delgado3750@outlook.com,Harbor Partners,Partner,New,false,2026-06-05,,
LEAD003751,Riley,Castellanos,riley.castellanos3751@kw.com,Cypress Group,Referral,Nurturing,true,2023-01-01,,
LEAD003752,Maya,Halvorsen,maya.halvorsen3752@kw.com,Ridgeline Realty,Cold Outreach,Working,false,2025-09-12,,
LEAD003753,Julian,Thornton,julian.thornton3753@outlook.com,Stonebridge Real Estate,Partner,Nurturing,true,2023-03-15,,
LEAD003754,Felix,Petrova,felix.petrova3754@gmail.com,Ironwood Group,Cold Outreach,Working,false,2025-11-26,,
LEAD003755,Rowan,Delgado,rowan.delgado3755@gmail.com,Ridgeline Partners,Organic Search,Qualified,false,2023-07-23,ACC00246,2023-08-14
LEAD003756,Casey,Moreau,casey.moreau3756@kw.com,Cornerstone Properties,Paid Search,Qualified,true,2025-11-26,ACC00332,2026-01-16
LEAD003757,Devin,Moreau,devin.moreau3757@gmail.com,Ironwood Group,Cold Outreach,New,false,2026-01-31,,
LEAD003758,Noel,Kaplan,noel.kaplan3758@compass.com,Cypress Partners,Paid Search,Working,true,2024-02-13,,
LEAD003759,Grant,Lindqvist,grant.lindqvist3759@realtyco.com,Cornerstone Realty,Conference,Disqualified,false,2025-11-12,,
LEAD003760,Avery,Rinaldi,avery.rinaldi3760@kw.com,Beacon Group,Cold Outreach,Qualified,true,2024-08-21,,
LEAD003761,Marcus,Osei,marcus.osei3761@outlook.com,Lakeshore Properties,organic search,New,false,2024-12-10,,
LEAD003762,Rowan,Osei,rowan.osei3762@compass.com,Ironwood Partners,Paid Search,Nurturing,false,2024-02-08,,
LEAD003763,Julian,Okonkwo,julian.okonkwo3763@gmail.com,Ironwood Real Estate,,Qualified,true,2024-01-18,ACC00321,2024-02-17
LEAD003764,Devin,Whitfield,devin.whitfield3764@gmail.com,Ironwood Real Estate,Cold Outreach,Working,true,2025-11-21,,
LEAD003765,Devin,Thornton,devin.thornton3765@gmail.com,Foxglove & Co.,Referral,Nurturing,true,2024-03-04,,
LEAD003766,Quinn,Ahmed,quinn.ahmed3766@realtyco.com,Cypress Properties,Conference,Working,true,2023-01-29,,
LEAD003767,Noel,Okonkwo,noel.okonkwo3767@kw.com,Harbor Partners,Paid Search,Qualified,true,2023-01-15,ACC00234,2023-02-19
LEAD003768,Owen,Kearney,owen.kearney3768@outlook.com,Beacon Realty,Webinar,Nurturing,true,2023-09-07,,
LEAD003769,Owen,Bergstrom,owen.bergstrom3769@realtyco.com,Summit Realty,Organic Search,Qualified,false,2026-02-18,ACC00848,2026-03-19
LEAD003770,Riley,Rinaldi,riley.rinaldi3770@compass.com,Summit Real Estate,Social,New,false,2025-01-11,,
LEAD003771,Tessa,Rinaldi,tessa.rinaldi3771@gmail.com,Lakeshore Properties,Referral,Nurturing,false,2024-10-16,,
LEAD003772,Theo,Bergstrom,theo.bergstrom3772@kw.com,Lakeshore & Co.,Organic Search,Working,true,2023-12-11,,
LEAD003773,Camille,Delgado,camille.delgado3773@kw.com,Blackwood Real Estate,Webinar,Nurturing,true,2023-06-09,,
LEAD003774,Rowan,Vasquez,rowan.vasquez3774@outlook.com,Lakeshore Group,Social,Working,true,2023-10-09,,
LEAD003775,Camille,Osei,camille.osei3775@kw.com,Ironwood & Co.,Organic Search,New,false,2025-01-27,,
LEAD003776,Priya,Moreau,priya.moreau3776@kw.com,Harbor Group,Webinar,Working,true,2025-02-24,,
LEAD003777,Maya,Delgado,maya.delgado3777@outlook.com,Blackwood Realty,Referral,Disqualified,false,2025-04-26,,
LEAD003778,Rowan,Vasquez,rowan.vasquez3778@kw.com,Blackwood Real Estate,Webinar,Working,true,2023-02-18,,
LEAD003779,Naomi,Bautista,naomi.bautista3779@realtyco.com,Blackwood & Co.,Cold Outreach,Qualified,true,2025-06-22,ACC00609,2025-08-08
LEAD003780,Casey,Moreau,casey.moreau3780@outlook.com,Harbor Properties,Social,Disqualified,false,2025-11-21,,
LEAD003781,Priya,Vasquez,priya.vasquez3781@gmail.com,Lakeshore Realty,Social,Working,true,2025-11-10,,
LEAD003782,Riley,Vasquez,riley.vasquez3782@kw.com,Lakeshore & Co.,Webinar,Qualified,true,2023-05-16,ACC00296,2023-06-22
LEAD003783,Bianca,Osei,bianca.osei3783@kw.com,Harbor Properties,Social,Working,true,2024-03-24,,
LEAD003784,Quinn,Vasquez,quinn.vasquez3784@kw.com,Ridgeline Real Estate,Webinar,Qualified,false,2024-05-03,ACC00278,2024-05-29
LEAD003785,Theo,Rinaldi,theo.rinaldi3785@gmail.com,Ironwood Partners,Partner,Qualified,true,2025-05-13,,
LEAD003786,Rowan,Bergstrom,rowan.bergstrom3786@gmail.com,Summit & Co.,Partner,Qualified,false,2024-03-14,ACC00275,2024-04-05
LEAD003787,Grant,Kearney,grant.kearney3787@gmail.com,Cypress Properties,Webinar,Disqualified,false,2024-05-30,,
LEAD003788,Maya,Okonkwo,maya.okonkwo3788@gmail.com,Meridian & Co.,Webinar,Disqualified,false,2023-01-26,,
LEAD003789,Rowan,Vasquez,rowan.vasquez3789@kw.com,Cornerstone & Co.,Referral,Disqualified,false,2025-11-12,,
LEAD003790,Felix,Castellanos,felix.castellanos3790@kw.com,Ironwood Group,,New,false,2023-04-19,,
LEAD003791,Tessa,Thornton,tessa.thornton3791@compass.com,Beacon Real Estate,Conference,Qualified,true,2023-07-17,ACC00645,2023-09-15
LEAD003792,Marcus,Thornton,marcus.thornton3792@kw.com,Harbor Realty,Social,Qualified,true,2025-10-22,ACC00258,2025-12-01
LEAD003793,Theo,Kaplan,theo.kaplan3793@compass.com,Stonebridge Properties,Conference,Qualified,false,2025-07-27,ACC00065,2025-08-23
LEAD003794,Naomi,Thornton,naomi.thornton3794@outlook.com,Ridgeline Partners,Paid Search,Qualified,false,2023-07-17,,
LEAD003795,Noel,Petrova,noel.petrova3795@realtyco.com,Ridgeline Realty,Partner,Qualified,true,2025-12-01,ACC00647,2026-01-06
LEAD003796,Quinn,Petrova,quinn.petrova3796@realtyco.com,Harbor Realty,Paid Search,Qualified,true,2024-11-08,,
LEAD003797,Quinn,Okonkwo,quinn.okonkwo3797@outlook.com,Cornerstone Group,Partner,New,false,2025-06-26,,
LEAD003798,Quinn,Lindqvist,quinn.lindqvist3798@compass.com,Ironwood & Co.,Cold Outreach,New,false,2026-05-14,,
LEAD003799,Riley,Whitfield,riley.whitfield3799@compass.com,Ridgeline & Co.,Conference,Disqualified,false,2026-01-10,,
LEAD003800,Bianca,Halvorsen,bianca.halvorsen3800@kw.com,Cypress Partners,Conference,New,false,2023-04-21,,
LEAD003801,Noel,Kaplan,noel.kaplan3801@gmail.com,Foxglove Properties,Social,Working,true,2023-10-21,,
LEAD003802,Naomi,Vasquez,naomi.vasquez3802@gmail.com,Lakeshore & Co.,Organic Search,Disqualified,false,2025-04-07,,
LEAD003803,Skyler,Bautista,skyler.bautista3803@realtyco.com,Cornerstone Realty,Conference,Qualified,true,2024-01-27,ACC00632,2024-03-07
LEAD003804,Jordan,Okonkwo,jordan.okonkwo3804@gmail.com,Summit Properties,Cold Outreach,New,false,2025-11-30,,
LEAD003805,Elena,Moreau,elena.moreau3805@outlook.com,Beacon & Co.,Paid Search,New,false,2025-07-12,,
LEAD003806,Rowan,Delgado,rowan.delgado3806@kw.com,Harbor Real Estate,Webinar,Qualified,true,2023-06-08,ACC00530,2023-06-29
LEAD003807,Camille,Petrova,camille.petrova3807@realtyco.com,Stonebridge Properties,Organic Search,Nurturing,false,2023-11-29,,
LEAD003808,Naomi,Nakamura,naomi.nakamura3808@realtyco.com,Cypress Properties,Paid Search,Nurturing,true,2023-07-21,,
LEAD003809,Priya,Kaplan,priya.kaplan3809@kw.com,Cornerstone Realty,Cold Outreach,Qualified,true,2025-09-10,ACC00546,2025-10-19
LEAD003810,Elena,Okonkwo,elena.okonkwo3810@realtyco.com,Harbor Real Estate,Partner,Qualified,true,2024-07-16,ACC00351,2024-08-29
LEAD003811,Quinn,Halvorsen,quinn.halvorsen3811@kw.com,Lakeshore & Co.,Conference,New,false,2023-07-08,,
LEAD003812,Sasha,Osei,sasha.osei3812@kw.com,Cypress Group,Partner,Qualified,false,2025-11-05,,
LEAD003813,Julian,Rinaldi,julian.rinaldi3813@compass.com,Meridian Properties,Social,New,false,2023-07-17,,
LEAD003814,Maya,Kaplan,maya.kaplan3814@kw.com,Foxglove Realty,Partner,Nurturing,true,2025-10-05,,
LEAD003815,Quinn,Rinaldi,quinn.rinaldi3815@kw.com,Cypress Group,Partner,Qualified,false,2026-03-28,ACC00502,2026-04-11
LEAD003816,Avery,Whitfield,avery.whitfield3816@realtyco.com,Ironwood Group,Social,Qualified,false,2024-03-25,ACC00709,2024-05-17
LEAD003817,Marcus,Kaplan,marcus.kaplan3817@compass.com,Foxglove Real Estate,Partner,Qualified,true,2026-01-11,,
LEAD003818,Elena,Delgado,elena.delgado3818@compass.com,Ironwood Real Estate,Paid Search,New,false,2024-01-01,,
LEAD003819,Camille,Whitfield,camille.whitfield3819@kw.com,Cypress Group,Social,Disqualified,false,2024-02-28,,
LEAD003820,Marcus,Vasquez,marcus.vasquez3820@compass.com,Ridgeline Group,Partner,New,false,2025-09-18,,
LEAD003821,Felix,Osei,felix.osei3821@outlook.com,Ridgeline Properties,,Nurturing,true,2024-08-12,,
LEAD003822,Julian,Thornton,julian.thornton3822@kw.com,Blackwood Properties,,New,false,2023-02-09,,
LEAD003823,Maya,Thornton,maya.thornton3823@kw.com,Cornerstone Realty,Conference,Working,true,2023-01-07,,
LEAD003824,Bianca,Castellanos,bianca.castellanos3824@kw.com,Summit Properties,Partner,Qualified,false,2025-05-18,ACC00094,2025-06-18
LEAD003825,Casey,Bautista,casey.bautista3825@outlook.com,Blackwood Group,Social,New,false,2023-05-02,,
LEAD003826,Owen,Bautista,owen.bautista3826@compass.com,Cornerstone Real Estate,Conference,Working,true,2025-05-27,,
LEAD003827,Noel,Halvorsen,noel.halvorsen3827@outlook.com,Meridian Properties,Webinar,Qualified,true,2026-05-20,,
LEAD003828,Skyler,Delgado,skyler.delgado3828@outlook.com,Cypress & Co.,Social,Nurturing,false,2025-12-15,,
LEAD003829,Owen,Bautista,owen.bautista3829@outlook.com,Cypress & Co.,Cold Outreach,Disqualified,false,2023-11-03,,
LEAD003830,Tessa,Kearney,tessa.kearney3830@kw.com,Foxglove Real Estate,Partner,Qualified,false,2023-07-29,ACC00346,2023-08-03
LEAD003831,Naomi,Bergstrom,naomi.bergstrom3831@compass.com,Cypress Realty,Social,Qualified,true,2025-09-09,ACC00481,2025-10-19
LEAD003832,Owen,Ahmed,owen.ahmed3832@outlook.com,Blackwood Properties,,New,false,2026-05-07,,
LEAD003833,Theo,Thornton,theo.thornton3833@outlook.com,Ironwood & Co.,Partner,Disqualified,false,2023-04-28,,
LEAD003834,Naomi,Osei,naomi.osei3834@kw.com,Cypress Partners,Organic Search,Working,false,2024-01-15,,
LEAD003835,Grant,Bergstrom,grant.bergstrom3835@compass.com,Summit Group,,Disqualified,false,2026-05-17,,
LEAD003836,Naomi,Rinaldi,naomi.rinaldi3836@outlook.com,Cornerstone Realty,Partner,Qualified,true,2024-06-26,,
LEAD003837,Maya,Halvorsen,maya.halvorsen3837@kw.com,Harbor Realty,Paid Search,Working,false,2024-07-28,,
LEAD003838,Rowan,Castellanos,rowan.castellanos3838@gmail.com,Cypress Real Estate,Social,Working,true,2024-07-26,,
LEAD003839,Theo,Moreau,theo.moreau3839@outlook.com,Meridian Group,Partner,New,false,2026-06-11,,
LEAD003840,Avery,Petrova,avery.petrova3840@kw.com,Ironwood Properties,Cold Outreach,New,false,2024-05-02,,
LEAD003841,Theo,Kearney,theo.kearney3841@realtyco.com,Summit Realty,Social,Qualified,true,2024-12-14,ACC00877,2025-01-19
LEAD003842,Sasha,Lindqvist,sasha.lindqvist3842@compass.com,Meridian Real Estate,Cold Outreach,Qualified,true,2024-04-09,ACC00588,2024-05-19
LEAD003843,Grant,Nakamura,grant.nakamura3843@gmail.com,Blackwood Real Estate,Cold Outreach,Disqualified,false,2024-07-02,,
LEAD003844,Avery,Lindqvist,avery.lindqvist3844@compass.com,Beacon Group,Social,Working,true,2025-10-27,,
LEAD003845,Marcus,Vasquez,marcus.vasquez3845@kw.com,Harbor & Co.,Partner,Nurturing,true,2024-04-25,,
LEAD003846,Camille,Rinaldi,camille.rinaldi3846@kw.com,Stonebridge & Co.,Referral,Working,true,2025-07-23,,
LEAD003847,Priya,Bergstrom,priya.bergstrom3847@outlook.com,Beacon Group,,Nurturing,false,2024-04-30,,
LEAD003848,Camille,Osei,camille.osei3848@compass.com,Stonebridge Realty,Social,Qualified,false,2026-06-06,ACC00677,2026-06-24
LEAD003849,Morgan,Ahmed,morgan.ahmed3849@compass.com,Foxglove Realty,Webinar,Working,true,2025-01-03,,
LEAD003850,Tessa,Bautista,tessa.bautista3850@gmail.com,Summit Realty,Referral,Nurturing,true,2023-05-25,,
LEAD003851,Theo,Kaplan,theo.kaplan3851@compass.com,Cornerstone Real Estate,Cold Outreach,Disqualified,false,2024-12-13,,
LEAD003852,Grant,Nakamura,grant.nakamura3852@kw.com,Lakeshore Properties,Conference,Working,true,2023-10-22,,
LEAD003853,Casey,Moreau,casey.moreau3853@compass.com,Meridian Real Estate,Conference,New,false,2024-09-13,,
LEAD003854,Devin,Kaplan,devin.kaplan3854@gmail.com,Cornerstone Real Estate,Partner,New,false,2025-07-04,,
LEAD003855,Riley,Vasquez,riley.vasquez3855@gmail.com,Lakeshore & Co.,Cold Outreach,New,false,2025-06-07,,
LEAD003856,Grant,Osei,grant.osei3856@kw.com,Cornerstone Partners,Cold Outreach,New,false,2026-05-09,,
LEAD003857,Morgan,Kaplan,morgan.kaplan3857@gmail.com,Beacon Properties,Social,Qualified,false,2023-10-15,ACC00807,2023-10-25
LEAD003858,Grant,Petrova,grant.petrova3858@realtyco.com,Lakeshore Properties,Webinar,New,false,2026-03-29,,
LEAD003859,Sasha,Rinaldi,sasha.rinaldi3859@outlook.com,Summit & Co.,Partner,Nurturing,true,2025-11-29,,
LEAD003860,Marcus,Okonkwo,marcus.okonkwo3860@realtyco.com,Ironwood Realty,,Working,true,2025-01-08,,
LEAD003861,Skyler,Moreau,skyler.moreau3861@compass.com,Lakeshore & Co.,Organic Search,Working,false,2026-03-15,,
LEAD003862,Bianca,Osei,bianca.osei3862@compass.com,Blackwood Group,Conference,Nurturing,false,2024-10-29,,
LEAD003863,Theo,Bergstrom,theo.bergstrom3863@gmail.com,Meridian Properties,Partner,Working,false,2026-01-18,,
LEAD003864,Naomi,Okonkwo,naomi.okonkwo3864@kw.com,Summit Group,Conference,Working,true,2025-02-02,,
LEAD003865,Casey,Bergstrom,casey.bergstrom3865@realtyco.com,Blackwood & Co.,Paid Search,New,false,2023-02-26,,
LEAD003866,Noel,Moreau,noel.moreau3866@outlook.com,Lakeshore Realty,Paid Search,Disqualified,false,2025-01-08,,
LEAD003867,Tessa,Petrova,tessa.petrova3867@realtyco.com,Summit Group,Partner,New,false,2025-02-06,,
LEAD003868,Theo,Whitfield,theo.whitfield3868@compass.com,Meridian Properties,Cold Outreach,Qualified,false,2025-11-13,ACC00780,2025-12-17
LEAD003869,Camille,Bergstrom,camille.bergstrom3869@kw.com,Ridgeline Real Estate,Organic Search,Working,false,2026-04-10,,
LEAD003870,Jordan,Delgado,jordan.delgado3870@kw.com,Summit Real Estate,Referral,Qualified,true,2024-10-28,,
LEAD003871,Casey,Rinaldi,casey.rinaldi3871@realtyco.com,Ridgeline Group,Conference,Disqualified,false,2025-05-15,,
LEAD003872,Grant,Bergstrom,grant.bergstrom3872@outlook.com,Ironwood & Co.,Organic Search,Nurturing,true,2023-12-11,,
LEAD003873,Grant,Castellanos,grant.castellanos3873@compass.com,Harbor Properties,Social,Disqualified,false,2024-04-25,,
LEAD003874,Rowan,Whitfield,rowan.whitfield3874@outlook.com,Cornerstone Partners,Webinar,Working,true,2026-06-07,,
LEAD003875,Avery,Delgado,avery.delgado3875@outlook.com,Cypress Partners,Partner,New,false,2024-09-24,,
LEAD003876,Elena,Castellanos,elena.castellanos3876@compass.com,Ironwood Partners,Partner,Disqualified,false,2025-01-16,,
LEAD003877,Sasha,Okonkwo,sasha.okonkwo3877@compass.com,Foxglove Group,,Qualified,false,2024-11-14,,
LEAD003878,Maya,Delgado,maya.delgado3878@realtyco.com,Blackwood Properties,Organic Search,Qualified,false,2026-01-20,ACC00699,2026-01-28
LEAD003879,Maya,Vasquez,maya.vasquez3879@realtyco.com,Meridian & Co.,organic search,Working,false,2025-07-18,,
LEAD003880,Marcus,Bautista,marcus.bautista3880@gmail.com,Blackwood Group,Organic Search,Qualified,true,2025-11-30,,
LEAD003881,Riley,Vasquez,riley.vasquez3881@kw.com,Ridgeline Partners,organic search,Disqualified,false,2024-06-01,,
LEAD003882,Noel,Osei,noel.osei3882@kw.com,Cornerstone Partners,Cold Outreach,Qualified,false,2026-01-03,ACC00574,2026-01-21
LEAD003883,Camille,Osei,camille.osei3883@compass.com,Meridian Realty,Cold Outreach,Disqualified,false,2025-06-06,,
LEAD003884,Quinn,Bergstrom,quinn.bergstrom3884@compass.com,Harbor Partners,Conference,Qualified,true,2024-07-18,ACC00712,2024-09-10
LEAD003885,Noel,Osei,noel.osei3885@kw.com,Harbor Group,Conference,New,false,2024-07-05,,
LEAD003886,Noel,Nakamura,noel.nakamura3886@realtyco.com,Cornerstone Properties,Webinar,Qualified,true,2026-01-28,ACC00604,2026-02-03
LEAD003887,Devin,Kaplan,devin.kaplan3887@gmail.com,Beacon Realty,Organic Search,Working,true,2024-02-13,,
LEAD003888,Owen,Lindqvist,owen.lindqvist3888@compass.com,Cornerstone Partners,Webinar,Working,true,2025-08-30,,
LEAD003889,Quinn,Bergstrom,quinn.bergstrom3889@kw.com,Cypress Properties,Social,New,false,2023-08-14,,
LEAD003890,Quinn,Thornton,quinn.thornton3890@realtyco.com,Foxglove Properties,Cold Outreach,Nurturing,true,2025-12-05,,
LEAD003891,Naomi,Vasquez,naomi.vasquez3891@kw.com,Blackwood Realty,,Working,false,2025-10-11,,
LEAD003892,Skyler,Halvorsen,skyler.halvorsen3892@kw.com,Lakeshore Partners,Partner,Nurturing,true,2023-11-07,,
LEAD003893,Bianca,Okonkwo,bianca.okonkwo3893@outlook.com,Lakeshore Realty,Organic Search,Working,true,2025-02-27,,
LEAD003894,Jordan,Vasquez,jordan.vasquez3894@outlook.com,Blackwood Realty,Cold Outreach,Nurturing,true,2024-06-17,,
LEAD003895,Casey,Bautista,casey.bautista3895@gmail.com,Ironwood Realty,Webinar,Working,false,2025-06-03,,
LEAD003896,Jordan,Petrova,jordan.petrova3896@kw.com,Stonebridge Group,Organic Search,Disqualified,false,2024-05-30,,
LEAD003897,Quinn,Whitfield,quinn.whitfield3897@kw.com,Foxglove Realty,Cold Outreach,New,false,2023-07-17,,
LEAD003898,Noel,Lindqvist,noel.lindqvist3898@kw.com,Ironwood Real Estate,Cold Outreach,Working,true,2023-06-06,,
LEAD003899,Felix,Kaplan,felix.kaplan3899@gmail.com,Summit Real Estate,,Nurturing,true,2024-02-17,,
LEAD003900,Morgan,Thornton,morgan.thornton3900@realtyco.com,Meridian Group,Organic Search,Working,true,2025-09-13,,
LEAD003901,Bianca,Thornton,bianca.thornton3901@kw.com,Ridgeline Real Estate,Webinar,Qualified,true,2024-10-31,ACC00705,2024-11-05
LEAD003902,Felix,Kaplan,felix.kaplan3902@gmail.com,Ironwood Real Estate,Paid Search,Nurturing,true,2025-11-25,,
LEAD003903,Casey,Rinaldi,casey.rinaldi3903@compass.com,Meridian Realty,Webinar,New,false,2023-12-14,,
LEAD003904,Julian,Whitfield,julian.whitfield3904@outlook.com,Summit & Co.,Partner,Working,true,2024-09-30,,
LEAD003905,Grant,Whitfield,grant.whitfield3905@compass.com,Meridian Realty,Cold Outreach,New,false,2024-06-19,,
LEAD003906,Owen,Kaplan,owen.kaplan3906@outlook.com,Beacon & Co.,Social,New,false,2025-11-17,,
LEAD003907,Noel,Bergstrom,noel.bergstrom3907@kw.com,Cornerstone Partners,Social,New,false,2023-10-12,,
LEAD003908,Theo,Vasquez,theo.vasquez3908@kw.com,Summit Group,Conference,New,false,2023-05-02,,
LEAD003909,Bianca,Okonkwo,bianca.okonkwo3909@outlook.com,Ridgeline Partners,Social,New,false,2024-06-17,,
LEAD003910,Grant,Thornton,grant.thornton3910@outlook.com,Meridian Partners,,Qualified,false,2024-06-16,,
LEAD003911,Marcus,Thornton,marcus.thornton3911@compass.com,Meridian Partners,Webinar,Working,true,2023-07-17,,
LEAD003912,Tessa,Okonkwo,tessa.okonkwo3912@realtyco.com,Summit & Co.,Paid Search,Qualified,true,2025-02-16,ACC00396,2025-03-20
LEAD003913,Elena,Bergstrom,elena.bergstrom3913@gmail.com,Stonebridge Properties,Partner,Qualified,true,2023-08-23,ACC00500,2023-10-19
LEAD003914,Tessa,Lindqvist,tessa.lindqvist3914@outlook.com,Ironwood Realty,Referral,Disqualified,false,2023-04-12,,
LEAD003915,Jordan,Osei,jordan.osei3915@kw.com,Meridian Real Estate,Referral,New,false,2023-09-18,,
LEAD003916,Skyler,Kearney,skyler.kearney3916@compass.com,Meridian Properties,Cold Outreach,Working,true,2026-05-07,,
LEAD003917,Riley,Halvorsen,riley.halvorsen3917@compass.com,Beacon Partners,Social,Nurturing,true,2024-07-24,,
LEAD003918,Devin,Vasquez,devin.vasquez3918@compass.com,Foxglove Group,Referral,Nurturing,false,2023-07-29,,
LEAD003919,Skyler,Kearney,skyler.kearney3919@kw.com,Summit Properties,Partner,Working,true,2024-01-21,,
LEAD003920,Avery,Kaplan,avery.kaplan3920@compass.com,Beacon Group,Referral,Qualified,false,2023-12-10,,
LEAD003921,Naomi,Ahmed,naomi.ahmed3921@realtyco.com,Blackwood & Co.,Organic Search,New,false,2024-01-01,,
LEAD003922,Priya,Rinaldi,priya.rinaldi3922@outlook.com,Cypress & Co.,Webinar,Disqualified,false,2024-08-13,,
LEAD003923,Casey,Thornton,casey.thornton3923@compass.com,Cornerstone Group,Cold Outreach,New,false,2023-11-05,,
LEAD003924,Maya,Bergstrom,maya.bergstrom3924@realtyco.com,Ironwood Partners,Referral,Nurturing,false,2024-11-26,,
LEAD003925,Avery,Osei,avery.osei3925@realtyco.com,Beacon Group,Referral,New,false,2025-12-26,,
LEAD003926,Tessa,Moreau,tessa.moreau3926@gmail.com,Stonebridge Properties,paid search,Qualified,true,2023-02-05,ACC00524,2023-04-05
LEAD003927,Priya,Thornton,priya.thornton3927@outlook.com,Ridgeline Properties,Referral,Nurturing,true,2023-08-07,,
LEAD003928,Devin,Ahmed,devin.ahmed3928@kw.com,Cornerstone & Co.,Conference,Disqualified,false,2023-07-22,,
LEAD003929,Casey,Osei,casey.osei3929@gmail.com,Lakeshore & Co.,Organic Search,Disqualified,false,2023-09-19,,
LEAD003930,Jordan,Ahmed,jordan.ahmed3930@kw.com,Beacon Real Estate,Organic Search,Nurturing,true,2024-10-21,,
LEAD003931,Jordan,Kaplan,jordan.kaplan3931@outlook.com,Ironwood Real Estate,Cold Outreach,New,false,2023-09-13,,
LEAD003932,Marcus,Nakamura,marcus.nakamura3932@realtyco.com,Ironwood Real Estate,Referral,Working,false,2024-02-05,,
LEAD003933,Skyler,Delgado,skyler.delgado3933@kw.com,Harbor Real Estate,Webinar,Qualified,true,2025-03-03,,
LEAD003934,Quinn,Delgado,quinn.delgado3934@compass.com,Stonebridge Partners,Organic Search,New,false,2026-01-27,,
LEAD003935,Tessa,Nakamura,tessa.nakamura3935@realtyco.com,Summit & Co.,Paid Search,Working,true,2025-02-19,,
LEAD003936,Avery,Kearney,avery.kearney3936@compass.com,Ironwood Partners,Organic Search,Nurturing,false,2025-06-06,,
LEAD003937,Noel,Delgado,noel.delgado3937@compass.com,Blackwood Real Estate,Organic Search,New,false,2025-12-10,,
LEAD003938,Grant,Rinaldi,grant.rinaldi3938@gmail.com,Meridian & Co.,Partner,Working,false,2024-07-12,,
LEAD003939,Jordan,Castellanos,jordan.castellanos3939@kw.com,Cornerstone Partners,organic search,Nurturing,true,2024-08-15,,
LEAD003940,Skyler,Delgado,skyler.delgado3940@compass.com,Meridian Partners,,Nurturing,true,2023-12-06,,
LEAD003941,Tessa,Bautista,tessa.bautista3941@gmail.com,Ironwood Properties,Cold Outreach,Qualified,false,2025-06-05,ACC00482,2025-06-12
LEAD003942,Jordan,Petrova,jordan.petrova3942@kw.com,Stonebridge Group,Organic Search,Qualified,false,2024-12-27,ACC00316,2025-02-07
LEAD003943,Marcus,Delgado,marcus.delgado3943@gmail.com,Cornerstone & Co.,Paid Search,New,false,2023-06-10,,
LEAD003944,Jordan,Castellanos,jordan.castellanos3944@compass.com,Meridian Group,Cold Outreach,New,false,2025-08-02,,
LEAD003945,Sasha,Petrova,sasha.petrova3945@compass.com,Blackwood Properties,Social,Disqualified,false,2026-06-02,,
LEAD003946,Elena,Nakamura,elena.nakamura3946@gmail.com,Ridgeline Group,Organic Search,Working,false,2024-01-21,,
LEAD003947,Sasha,Osei,sasha.osei3947@gmail.com,Meridian Real Estate,Partner,Disqualified,false,2023-04-03,,
LEAD003948,Morgan,Kearney,morgan.kearney3948@compass.com,Meridian Realty,,Nurturing,true,2023-04-02,,
LEAD003949,Marcus,Moreau,marcus.moreau3949@gmail.com,Stonebridge Properties,Paid Search ,New,false,2024-08-20,,
LEAD003950,Grant,Ahmed,grant.ahmed3950@kw.com,Cornerstone Partners,Conference,Disqualified,false,2025-09-08,,
LEAD003951,Elena,Kaplan,elena.kaplan3951@realtyco.com,Stonebridge Properties,Referral,New,false,2024-01-10,,
LEAD003952,Maya,Nakamura,maya.nakamura3952@kw.com,Summit Group,Cold Outreach,Disqualified,false,2024-08-07,,
LEAD003953,Casey,Ahmed,casey.ahmed3953@realtyco.com,Foxglove Properties,Organic Search,Working,false,2023-02-23,,
LEAD003954,Maya,Petrova,maya.petrova3954@kw.com,Cypress Properties,Cold Outreach,New,false,2025-12-17,,
LEAD003955,Avery,Moreau,avery.moreau3955@kw.com,Ironwood Realty,Organic Search,Disqualified,false,2026-01-27,,
LEAD003956,Elena,Nakamura,elena.nakamura3956@compass.com,Beacon Real Estate,Paid Search,New,false,2026-01-04,,
LEAD003957,Maya,Whitfield,maya.whitfield3957@gmail.com,Foxglove Group,Partner,Working,true,2026-05-28,,
LEAD003958,Riley,Halvorsen,riley.halvorsen3958@outlook.com,Foxglove Group,Webinar,Working,false,2024-11-30,,
LEAD003959,Rowan,Halvorsen,rowan.halvorsen3959@realtyco.com,Foxglove Properties,,Working,true,2026-05-10,,
LEAD003960,Camille,Thornton,camille.thornton3960@kw.com,Harbor Partners,Social,Working,true,2026-02-01,,
LEAD003961,Grant,Moreau,grant.moreau3961@outlook.com,Ridgeline Group,Webinar,New,false,2024-10-24,,
LEAD003962,Noel,Osei,noel.osei3962@gmail.com,Cornerstone Properties,Social,Disqualified,false,2024-07-10,,
LEAD003963,Riley,Moreau,riley.moreau3963@compass.com,Stonebridge Group,Organic Search,Nurturing,true,2024-12-31,,
LEAD003964,Tessa,Osei,tessa.osei3964@compass.com,Summit Properties,Organic Search,New,false,2024-02-09,,
LEAD003965,Naomi,Lindqvist,naomi.lindqvist3965@realtyco.com,Cornerstone & Co.,Organic Search,Working,true,2026-03-10,,
LEAD003966,Camille,Kaplan,camille.kaplan3966@outlook.com,Lakeshore Realty,Partner,Disqualified,false,2024-02-29,,
LEAD003967,Felix,Lindqvist,felix.lindqvist3967@outlook.com,Lakeshore & Co.,Referral,New,false,2024-10-27,,
LEAD003968,Skyler,Lindqvist,skyler.lindqvist3968@compass.com,Meridian Properties,Cold Outreach,Qualified,false,2025-11-13,ACC00335,2026-01-03
LEAD003969,Theo,Osei,theo.osei3969@outlook.com,Lakeshore Properties,Social,Nurturing,true,2024-12-28,,
LEAD003970,Theo,Halvorsen,theo.halvorsen3970@realtyco.com,Harbor Properties,Partner,Disqualified,false,2023-01-01,,
LEAD003971,Skyler,Kaplan,skyler.kaplan3971@kw.com,Cypress Properties,,Working,true,2024-10-24,,
LEAD003972,Julian,Vasquez,julian.vasquez3972@realtyco.com,Meridian Realty,Organic Search,Qualified,true,2023-01-30,,
LEAD003973,Avery,Thornton,avery.thornton3973@realtyco.com,Ridgeline Partners,Partner,Qualified,false,2023-09-14,ACC00620,2023-10-13
LEAD003974,Felix,Kaplan,felix.kaplan3974@realtyco.com,Blackwood Properties,Partner,Working,true,2024-01-19,,
LEAD003975,Tessa,Bautista,tessa.bautista3975@kw.com,Foxglove Properties,Partner,Working,true,2025-09-12,,
LEAD003976,Owen,Osei,owen.osei3976@outlook.com,Beacon Real Estate,paid search,New,false,2024-02-03,,
LEAD003977,Sasha,Kearney,sasha.kearney3977@compass.com,Ironwood Realty,organic search,Qualified,true,2023-10-04,ACC00549,2023-11-14
LEAD003978,Theo,Lindqvist,theo.lindqvist3978@kw.com,Stonebridge Realty,Cold Outreach,Qualified,false,2023-07-12,ACC00879,2023-07-22
LEAD003979,Sasha,Lindqvist,sasha.lindqvist3979@gmail.com,Ironwood Real Estate,Cold Outreach,New,false,2026-04-09,,
LEAD003980,Quinn,Nakamura,quinn.nakamura3980@gmail.com,Summit Real Estate,Social,Qualified,false,2025-10-24,ACC00350,2025-12-15
LEAD003981,Noel,Kaplan,noel.kaplan3981@kw.com,Cypress Real Estate,Referral,Qualified,true,2025-01-24,,
LEAD003982,Sasha,Bautista,sasha.bautista3982@outlook.com,Blackwood & Co.,paid search,Qualified,false,2024-11-17,,
LEAD003983,Camille,Kaplan,camille.kaplan3983@gmail.com,Foxglove Properties,,Nurturing,false,2023-06-10,,
LEAD003984,Owen,Thornton,owen.thornton3984@compass.com,Foxglove Properties,Cold Outreach,Qualified,false,2026-03-20,ACC00666,2026-03-31
LEAD003985,Jordan,Rinaldi,jordan.rinaldi3985@compass.com,Ridgeline Properties,Referral,Working,true,2023-11-09,,
LEAD003986,Sasha,Thornton,sasha.thornton3986@compass.com,Beacon & Co.,Organic Search,Qualified,true,2023-05-19,,
LEAD003987,Rowan,Kearney,rowan.kearney3987@kw.com,Cypress Properties,Referral,Working,true,2025-07-26,,
LEAD003988,Avery,Kearney,avery.kearney3988@kw.com,Lakeshore Realty,Referral,Qualified,true,2024-08-23,,
LEAD003989,Grant,Ahmed,grant.ahmed3989@gmail.com,Ironwood Properties,Partner,Working,false,2025-11-08,,
LEAD003990,Noel,Bautista,noel.bautista3990@compass.com,Foxglove Group,Conference,Disqualified,false,2023-05-13,,
LEAD003991,Bianca,Moreau,bianca.moreau3991@compass.com,Cypress Realty,Social,New,false,2026-04-18,,
LEAD003992,Riley,Delgado,riley.delgado3992@gmail.com,Meridian & Co.,Paid Search,Qualified,true,2023-01-21,ACC00476,2023-02-11
LEAD003993,Riley,Rinaldi,riley.rinaldi3993@realtyco.com,Summit Partners,Partner,New,false,2026-04-25,,
LEAD003994,Elena,Vasquez,elena.vasquez3994@compass.com,Ridgeline Real Estate,Conference,Qualified,true,2023-04-19,ACC00288,2023-04-28
LEAD003995,Naomi,Whitfield,naomi.whitfield3995@gmail.com,Ironwood Realty,Conference,Qualified,false,2023-10-18,,
LEAD003996,Bianca,Delgado,bianca.delgado3996@gmail.com,Foxglove & Co., Referral,Disqualified,false,2025-04-16,,
LEAD003997,Tessa,Bergstrom,tessa.bergstrom3997@gmail.com,Stonebridge Group,Webinar,New,false,2023-09-29,,
LEAD003998,Camille,Lindqvist,camille.lindqvist3998@kw.com,Stonebridge Group,Paid Search,New,false,2023-06-06,,
LEAD003999,Theo,Ahmed,theo.ahmed3999@compass.com,Cornerstone Real Estate,Cold Outreach,Disqualified,false,2023-09-08,,
LEAD004000,Devin,Kaplan,devin.kaplan4000@gmail.com,Ironwood Group,Webinar,Nurturing,false,2025-06-02,,
