contact_id,account_id,first_name,last_name,email,title,created_date
CON000001,ACC00001,Maya,Moreau,maya.moreau1@kw.com,Broker,2024-07-17
CON000002,ACC00002,Morgan,Bergstrom,morgan.bergstrom2@gmail.com,Team Lead,2026-05-17
CON000003,ACC00003,Riley,Vasquez,riley.vasquez3@gmail.com,Team Lead,2023-11-23
CON000004,ACC00003,Riley,Okonkwo,riley.okonkwo4@compass.com,Broker,2023-11-23
CON000005,ACC00004,Tessa,Bautista,tessa.bautista5@realtyco.com,Marketing Director,2026-05-21
CON000006,ACC00005,Grant,Osei,grant.osei6@outlook.com,Owner,2025-01-10
CON000007,ACC00006,Grant,Lindqvist,grant.lindqvist7@compass.com,Team Lead,2025-01-17
CON000008,ACC00007,Morgan,Ahmed,morgan.ahmed8@kw.com,Owner,2023-12-01
CON000009,ACC00007,Devin,Ahmed,devin.ahmed9@gmail.com,Agent,2023-12-01
CON000010,ACC00008,Naomi,Castellanos,naomi.castellanos10@realtyco.com,Broker,2024-10-08
CON000011,ACC00009,Noel,Rinaldi,noel.rinaldi11@kw.com,Agent,2023-10-13
CON000012,ACC00010,Bianca,Osei,bianca.osei12@realtyco.com,Broker,2023-10-11
CON000013,ACC00011,Riley,Vasquez,riley.vasquez13@outlook.com,Broker,2025-02-20
CON000014,ACC00012,Noel,Thornton,noel.thornton14@realtyco.com,Managing Broker,2023-11-20
CON000015,ACC00013,Camille,Osei,camille.osei15@compass.com,Owner,2025-11-05
CON000016,ACC00013,Priya,Castellanos,priya.castellanos16@outlook.com,Managing Broker,2025-11-05
CON000017,ACC00014,Tessa,Kearney,tessa.kearney17@kw.com,Marketing Director,2025-01-13
CON000018,ACC00015,Camille,Kearney,camille.kearney18@compass.com,Broker,2023-09-20
CON000019,ACC00015,Noel,Kaplan,noel.kaplan19@compass.com,Owner,2023-09-20
CON000020,ACC00015,Tessa,Bautista,tessa.bautista20@compass.com,Owner,2023-09-20
CON000021,ACC00016,Rowan,Kaplan,rowan.kaplan21@outlook.com,Team Lead,2025-03-28
CON000022,ACC00016,Avery,Delgado,avery.delgado22@gmail.com,Team Lead,2025-03-28
CON000023,ACC00016,Sasha,Halvorsen,sasha.halvorsen23@outlook.com,Agent,2025-03-28
CON000024,ACC00017,Devin,Thornton,devin.thornton24@outlook.com,Team Lead,2024-04-16
CON000025,ACC00018,Casey,Kearney,casey.kearney25@kw.com,Broker,2024-07-24
CON000026,ACC00018,Skyler,Bergstrom,skyler.bergstrom26@gmail.com,Owner,2024-07-24
CON000027,ACC00019,Casey,Moreau,casey.moreau27@outlook.com,Managing Broker,2025-06-01
CON000028,ACC00020,Felix,Whitfield,felix.whitfield28@kw.com,Team Lead,2024-01-25
CON000029,ACC00021,Jordan,Moreau,jordan.moreau29@compass.com,Agent,2026-01-12
CON000030,ACC00022,Camille,Nakamura,camille.nakamura30@gmail.com,Broker,2023-01-05
CON000031,ACC00023,Casey,Kaplan,casey.kaplan31@outlook.com,Agent,2026-04-01
CON000032,ACC00023,Avery,Osei,avery.osei32@outlook.com,Broker,2026-04-01
CON000033,ACC00024,Camille,Castellanos,camille.castellanos33@compass.com,Owner,2023-05-20
CON000034,ACC00025,Camille,Osei,camille.osei34@realtyco.com,Managing Broker,2024-06-18
CON000035,ACC00025,Naomi,Whitfield,naomi.whitfield35@realtyco.com,Agent,2024-06-18
CON000036,ACC00026,Casey,Okonkwo,casey.okonkwo36@gmail.com,Marketing Director,2023-05-29
CON000037,ACC00027,Owen,Nakamura,owen.nakamura37@gmail.com,Managing Broker,2024-05-15
CON000038,ACC00028,Grant,Rinaldi,grant.rinaldi38@compass.com,Owner,2023-10-03
CON000039,ACC00028,Elena,Bautista,elena.bautista39@realtyco.com,Owner,2023-10-03
CON000040,ACC00029,Rowan,Osei,rowan.osei40@outlook.com,Team Lead,2024-06-24
CON000041,ACC00030,Owen,Petrova,owen.petrova41@outlook.com,Owner,2024-06-20
CON000042,ACC00031,Noel,Okonkwo,noel.okonkwo42@outlook.com,Managing Broker,2025-01-26
CON000043,ACC00032,Felix,Kearney,felix.kearney43@compass.com,Agent,2024-12-25
CON000044,ACC00033,Maya,Rinaldi,maya.rinaldi44@kw.com,Team Lead,2024-11-11
CON000045,ACC00034,Naomi,Petrova,naomi.petrova45@kw.com,Broker,2024-03-31
CON000046,ACC00034,Jordan,Thornton,jordan.thornton46@kw.com,Broker,2024-03-31
CON000047,ACC00034,Elena,Moreau,elena.moreau47@gmail.com,Agent,2024-03-31
CON000048,ACC00035,Devin,Vasquez,devin.vasquez48@gmail.com,Broker,2024-07-24
CON000049,ACC00036,Quinn,Kearney,quinn.kearney49@gmail.com,Agent,2024-06-27
CON000050,ACC00036,Skyler,Whitfield,skyler.whitfield50@realtyco.com,Broker,2024-06-27
CON000051,ACC00037,Skyler,Okonkwo,skyler.okonkwo51@outlook.com,Team Lead,2024-01-25
CON000052,ACC00037,Riley,Okonkwo,riley.okonkwo52@compass.com,Managing Broker,2024-01-25
CON000053,ACC00037,Jordan,Okonkwo,jordan.okonkwo53@realtyco.com,Agent,2024-01-25
CON000054,ACC00038,Avery,Thornton,avery.thornton54@realtyco.com,Managing Broker,2023-09-13
CON000055,ACC00038,Owen,Delgado,owen.delgado55@realtyco.com,Managing Broker,2023-09-13
CON000056,ACC00039,Felix,Thornton,felix.thornton56@outlook.com,Owner,2025-02-15
CON000057,ACC00040,Morgan,Vasquez,morgan.vasquez57@kw.com,Owner,2024-10-21
CON000058,ACC00040,Owen,Moreau,owen.moreau58@compass.com,Broker,2024-10-21
CON000059,ACC00040,Avery,Petrova,avery.petrova59@kw.com,Marketing Director,2024-10-21
CON000060,ACC00041,Jordan,Lindqvist,jordan.lindqvist60@outlook.com,Broker,2024-11-17
CON000061,ACC00042,Grant,Rinaldi,grant.rinaldi61@gmail.com,Owner,2025-08-31
CON000062,ACC00043,Maya,Bergstrom,maya.bergstrom62@outlook.com,Owner,2023-01-12
CON000063,ACC00044,Naomi,Castellanos,naomi.castellanos63@outlook.com,Marketing Director,2025-08-09
CON000064,ACC00045,Felix,Bautista,felix.bautista64@realtyco.com,Managing Broker,2025-08-30
CON000065,ACC00045,Casey,Vasquez,casey.vasquez65@realtyco.com,Team Lead,2025-08-30
CON000066,ACC00045,Theo,Osei,theo.osei66@gmail.com,Owner,2025-08-30
CON000067,ACC00046,Grant,Petrova,grant.petrova67@outlook.com,Broker,2024-08-08
CON000068,ACC00047,Theo,Kaplan,theo.kaplan68@outlook.com,Marketing Director,2023-05-12
CON000069,ACC00047,Naomi,Halvorsen,naomi.halvorsen69@gmail.com,Agent,2023-05-12
CON000070,ACC00047,Casey,Lindqvist,casey.lindqvist70@compass.com,Agent,2023-05-12
CON000071,ACC00048,Morgan,Rinaldi,morgan.rinaldi71@realtyco.com,Broker,2023-02-10
CON000072,ACC00048,Marcus,Nakamura,marcus.nakamura72@gmail.com,Team Lead,2023-02-10
CON000073,ACC00049,Devin,Thornton,devin.thornton73@gmail.com,Agent,2024-07-12
CON000074,ACC00049,Quinn,Rinaldi,quinn.rinaldi74@realtyco.com,Managing Broker,2024-07-12
CON000075,ACC00049,Elena,Rinaldi,elena.rinaldi75@outlook.com,Agent,2024-07-12
CON000076,ACC00050,Camille,Okonkwo,camille.okonkwo76@realtyco.com,Team Lead,2025-03-17
CON000077,ACC00050,Noel,Osei,noel.osei77@compass.com,Owner,2025-03-17
CON000078,ACC00050,Casey,Rinaldi,casey.rinaldi78@realtyco.com,Marketing Director,2025-03-17
CON000079,ACC00051,Theo,Vasquez,theo.vasquez79@realtyco.com,Agent,2024-10-31
CON000080,ACC00052,Tessa,Bautista,tessa.bautista80@kw.com,Team Lead,2023-04-17
CON000081,ACC00052,Grant,Okonkwo,grant.okonkwo81@compass.com,Owner,2023-04-17
CON000082,ACC00052,Jordan,Bergstrom,jordan.bergstrom82@compass.com,Agent,2023-04-17
CON000083,ACC00053,Casey,Moreau,casey.moreau83@realtyco.com,Managing Broker,2023-09-16
CON000084,ACC00054,Bianca,Petrova,bianca.petrova84@gmail.com,Broker,2023-08-23
CON000085,ACC00055,Julian,Kaplan,julian.kaplan85@realtyco.com,Managing Broker,2024-02-11
CON000086,ACC00055,Julian,Kearney,julian.kearney86@kw.com,Agent,2024-02-11
CON000087,ACC00056,Quinn,Moreau,quinn.moreau87@kw.com,Managing Broker,2026-03-05
CON000088,ACC00057,Noel,Vasquez,noel.vasquez88@gmail.com,Team Lead,2025-09-30
CON000089,ACC00058,Theo,Halvorsen,theo.halvorsen89@outlook.com,Owner,2026-01-07
CON000090,ACC00058,Felix,Halvorsen,felix.halvorsen90@gmail.com,Team Lead,2026-01-07
CON000091,ACC00059,Jordan,Kearney,jordan.kearney91@outlook.com,Managing Broker,2024-05-14
CON000092,ACC00059,Casey,Delgado,casey.delgado92@realtyco.com,Marketing Director,2024-05-14
CON000093,ACC00060,Jordan,Petrova,jordan.petrova93@gmail.com,Team Lead,2024-06-13
CON000094,ACC00061,Camille,Delgado,camille.delgado94@gmail.com,Broker,2025-09-27
CON000095,ACC00061,Avery,Osei,avery.osei95@realtyco.com,Team Lead,2025-09-27
CON000096,ACC00062,Naomi,Nakamura,naomi.nakamura96@gmail.com,Broker,2024-05-13
CON000097,ACC00063,Elena,Petrova,elena.petrova97@gmail.com,Team Lead,2024-07-08
CON000098,ACC00064,Maya,Rinaldi,maya.rinaldi98@kw.com,Marketing Director,2025-09-18
CON000099,ACC00065,Skyler,Ahmed,skyler.ahmed99@outlook.com,Agent,2024-09-11
CON000100,ACC00066,Tessa,Vasquez,tessa.vasquez100@realtyco.com,Broker,2025-10-02
CON000101,ACC00067,Skyler,Thornton,skyler.thornton101@kw.com,Managing Broker,2025-09-05
CON000102,ACC00068,Camille,Kearney,camille.kearney102@outlook.com,Owner,2024-05-23
CON000103,ACC00069,Devin,Petrova,devin.petrova103@gmail.com,Marketing Director,2024-08-31
CON000104,ACC00069,Theo,Delgado,theo.delgado104@gmail.com,Owner,2024-08-31
CON000105,ACC00070,Grant,Castellanos,grant.castellanos105@realtyco.com,Owner,2023-06-16
CON000106,ACC00071,Felix,Vasquez,felix.vasquez106@gmail.com,Broker,2023-03-08
CON000107,ACC00071,Julian,Castellanos,julian.castellanos107@kw.com,Team Lead,2023-03-08
CON000108,ACC00071,Morgan,Osei,morgan.osei108@realtyco.com,Marketing Director,2023-03-08
CON000109,ACC00072,Avery,Rinaldi,avery.rinaldi109@outlook.com,Owner,2024-02-10
CON000110,ACC00072,Julian,Moreau,julian.moreau110@gmail.com,Broker,2024-02-10
CON000111,ACC00072,Felix,Delgado,felix.delgado111@kw.com,Owner,2024-02-10
CON000112,ACC00073,Sasha,Nakamura,sasha.nakamura112@compass.com,Managing Broker,2024-09-21
CON000113,ACC00074,Skyler,Thornton,skyler.thornton113@outlook.com,Broker,2026-05-09
CON000114,ACC00075,Bianca,Whitfield,bianca.whitfield114@realtyco.com,Team Lead,2023-02-12
CON000115,ACC00075,Avery,Lindqvist,avery.lindqvist115@realtyco.com,Marketing Director,2023-02-12
CON000116,ACC00075,Morgan,Halvorsen,morgan.halvorsen116@kw.com,Managing Broker,2023-02-12
CON000117,ACC00076,Devin,Thornton,devin.thornton117@compass.com,Managing Broker,2025-10-04
CON000118,ACC00076,Owen,Vasquez,owen.vasquez118@gmail.com,Broker,2025-10-04
CON000119,ACC00077,Tessa,Thornton,tessa.thornton119@outlook.com,Marketing Director,2024-08-13
CON000120,ACC00077,Theo,Nakamura,theo.nakamura120@compass.com,Managing Broker,2024-08-13
CON000121,ACC00078,Marcus,Osei,marcus.osei121@realtyco.com,Owner,2025-04-07
CON000122,ACC00078,Theo,Moreau,theo.moreau122@gmail.com,Agent,2025-04-07
CON000123,ACC00079,Naomi,Whitfield,naomi.whitfield123@compass.com,Managing Broker,2025-06-24
CON000124,ACC00080,Camille,Kearney,camille.kearney124@gmail.com,Owner,2026-05-31
CON000125,ACC00081,Owen,Okonkwo,owen.okonkwo125@realtyco.com,Managing Broker,2023-11-12
CON000126,ACC00081,Skyler,Bergstrom,skyler.bergstrom126@kw.com,Marketing Director,2023-11-12
CON000127,ACC00082,Noel,Moreau,noel.moreau127@outlook.com,Managing Broker,2023-10-24
CON000128,ACC00083,Morgan,Thornton,morgan.thornton128@kw.com,Managing Broker,2023-01-06
CON000129,ACC00084,Naomi,Petrova,naomi.petrova129@gmail.com,Team Lead,2026-01-17
CON000130,ACC00085,Owen,Lindqvist,owen.lindqvist130@realtyco.com,Owner,2025-02-19
CON000131,ACC00086,Marcus,Osei,marcus.osei131@outlook.com,Agent,2025-06-20
CON000132,ACC00086,Tessa,Okonkwo,tessa.okonkwo132@gmail.com,Agent,2025-06-20
CON000133,ACC00087,Devin,Bautista,devin.bautista133@compass.com,Team Lead,2024-06-26
CON000134,ACC00088,Quinn,Osei,quinn.osei134@outlook.com,Marketing Director,2025-09-26
CON000135,ACC00088,Noel,Delgado,noel.delgado135@compass.com,Owner,2025-09-26
CON000136,ACC00089,Jordan,Osei,jordan.osei136@outlook.com,Owner,2023-07-25
CON000137,ACC00089,Noel,Nakamura,noel.nakamura137@kw.com,Team Lead,2023-07-25
CON000138,ACC00090,Owen,Nakamura,owen.nakamura138@kw.com,Broker,2023-10-26
CON000139,ACC00091,Maya,Castellanos,maya.castellanos139@compass.com,Agent,2024-05-08
CON000140,ACC00092,Bianca,Petrova,bianca.petrova140@realtyco.com,Marketing Director,2025-08-10
CON000141,ACC00092,Quinn,Vasquez,quinn.vasquez141@outlook.com,Agent,2025-08-10
CON000142,ACC00092,Riley,Whitfield,riley.whitfield142@kw.com,Agent,2025-08-10
CON000143,ACC00093,Bianca,Castellanos,bianca.castellanos143@gmail.com,Marketing Director,2025-07-24
CON000144,ACC00093,Maya,Kearney,maya.kearney144@gmail.com,Marketing Director,2025-07-24
CON000145,ACC00093,Noel,Whitfield,noel.whitfield145@outlook.com,Managing Broker,2025-07-24
CON000146,ACC00094,Naomi,Thornton,naomi.thornton146@outlook.com,Broker,2024-08-27
CON000147,ACC00095,Rowan,Lindqvist,rowan.lindqvist147@outlook.com,Marketing Director,2024-08-09
CON000148,ACC00095,Rowan,Petrova,rowan.petrova148@realtyco.com,Owner,2024-08-09
CON000149,ACC00095,Jordan,Ahmed,jordan.ahmed149@gmail.com,Broker,2024-08-09
CON000150,ACC00096,Avery,Moreau,avery.moreau150@gmail.com,Managing Broker,2023-03-22
CON000151,ACC00096,Theo,Moreau,theo.moreau151@gmail.com,Broker,2023-03-22
CON000152,ACC00096,Marcus,Ahmed,marcus.ahmed152@outlook.com,Agent,2023-03-22
CON000153,ACC00097,Riley,Halvorsen,riley.halvorsen153@realtyco.com,Broker,2023-09-28
CON000154,ACC00098,Morgan,Halvorsen,morgan.halvorsen154@gmail.com,Managing Broker,2023-06-04
CON000155,ACC00098,Riley,Halvorsen,riley.halvorsen155@gmail.com,Broker,2023-06-04
CON000156,ACC00099,Tessa,Petrova,tessa.petrova156@realtyco.com,Owner,2025-07-20
CON000157,ACC00099,Julian,Nakamura,julian.nakamura157@outlook.com,Team Lead,2025-07-20
CON000158,ACC00099,Avery,Nakamura,avery.nakamura158@compass.com,Owner,2025-07-20
CON000159,ACC00100,Jordan,Moreau,jordan.moreau159@realtyco.com,Team Lead,2025-08-23
CON000160,ACC00100,Camille,Kearney,camille.kearney160@gmail.com,Broker,2025-08-23
CON000161,ACC00100,Owen,Ahmed,owen.ahmed161@gmail.com,Broker,2025-08-23
CON000162,ACC00101,Avery,Kearney,avery.kearney162@gmail.com,Marketing Director,2023-08-27
CON000163,ACC00101,Owen,Castellanos,owen.castellanos163@outlook.com,Team Lead,2023-08-27
CON000164,ACC00101,Morgan,Delgado,morgan.delgado164@gmail.com,Team Lead,2023-08-27
CON000165,ACC00102,Casey,Bergstrom,casey.bergstrom165@gmail.com,Owner,2025-01-29
CON000166,ACC00103,Casey,Ahmed,casey.ahmed166@realtyco.com,Managing Broker,2024-07-26
CON000167,ACC00103,Skyler,Kaplan,skyler.kaplan167@realtyco.com,Owner,2024-07-26
CON000168,ACC00103,Sasha,Lindqvist,sasha.lindqvist168@kw.com,Owner,2024-07-26
CON000169,ACC00104,Tessa,Bautista,tessa.bautista169@kw.com,Broker,2025-01-04
CON000170,ACC00104,Elena,Nakamura,elena.nakamura170@outlook.com,Owner,2025-01-04
CON000171,ACC00105,Elena,Petrova,elena.petrova171@gmail.com,Marketing Director,2023-04-14
CON000172,ACC00105,Bianca,Lindqvist,bianca.lindqvist172@outlook.com,Broker,2023-04-14
CON000173,ACC00105,Felix,Halvorsen,felix.halvorsen173@kw.com,Managing Broker,2023-04-14
CON000174,ACC00106,Tessa,Ahmed,tessa.ahmed174@realtyco.com,Marketing Director,2024-04-22
CON000175,ACC00107,Morgan,Petrova,morgan.petrova175@kw.com,Broker,2023-02-22
CON000176,ACC00108,Devin,Thornton,devin.thornton176@gmail.com,Managing Broker,2025-12-13
CON000177,ACC00108,Quinn,Okonkwo,quinn.okonkwo177@compass.com,Team Lead,2025-12-13
CON000178,ACC00108,Bianca,Osei,bianca.osei178@realtyco.com,Marketing Director,2025-12-13
CON000179,ACC00109,Naomi,Bautista,naomi.bautista179@realtyco.com,Managing Broker,2025-12-03
CON000180,ACC00110,Morgan,Nakamura,morgan.nakamura180@realtyco.com,Managing Broker,2025-06-27
CON000181,ACC00111,Devin,Bergstrom,devin.bergstrom181@gmail.com,Broker,2024-10-27
CON000182,ACC00112,Devin,Thornton,devin.thornton182@outlook.com,Team Lead,2024-03-16
CON000183,ACC00112,Morgan,Whitfield,morgan.whitfield183@realtyco.com,Owner,2024-03-16
CON000184,ACC00112,Avery,Vasquez,avery.vasquez184@outlook.com,Managing Broker,2024-03-16
CON000185,ACC00113,Bianca,Vasquez,bianca.vasquez185@outlook.com,Marketing Director,2024-06-06
CON000186,ACC00114,Riley,Petrova,riley.petrova186@realtyco.com,Marketing Director,2025-02-02
CON000187,ACC00115,Owen,Delgado,owen.delgado187@gmail.com,Marketing Director,2025-05-16
CON000188,ACC00116,Maya,Kaplan,maya.kaplan188@compass.com,Owner,2024-04-04
CON000189,ACC00116,Tessa,Osei,tessa.osei189@realtyco.com,Team Lead,2024-04-04
CON000190,ACC00117,Skyler,Okonkwo,skyler.okonkwo190@kw.com,Managing Broker,2026-02-14
CON000191,ACC00118,Elena,Osei,elena.osei191@gmail.com,Agent,2024-12-19
CON000192,ACC00119,Quinn,Vasquez,quinn.vasquez192@compass.com,Managing Broker,2024-03-16
CON000193,ACC00119,Rowan,Whitfield,rowan.whitfield193@realtyco.com,Agent,2024-03-16
CON000194,ACC00120,Naomi,Whitfield,naomi.whitfield194@kw.com,Team Lead,2023-04-18
CON000195,ACC00121,Noel,Okonkwo,noel.okonkwo195@compass.com,Marketing Director,2025-04-28
CON000196,ACC00122,Priya,Whitfield,priya.whitfield196@gmail.com,Managing Broker,2024-09-23
CON000197,ACC00123,Morgan,Osei,morgan.osei197@realtyco.com,Team Lead,2023-09-03
CON000198,ACC00124,Devin,Petrova,devin.petrova198@gmail.com,Marketing Director,2024-12-26
CON000199,ACC00124,Priya,Halvorsen,priya.halvorsen199@compass.com,Agent,2024-12-26
CON000200,ACC00125,Noel,Lindqvist,noel.lindqvist200@kw.com,Managing Broker,2025-04-08
CON000201,ACC00126,Naomi,Moreau,naomi.moreau201@realtyco.com,Marketing Director,2023-08-05
CON000202,ACC00127,Morgan,Whitfield,morgan.whitfield202@outlook.com,Agent,2023-12-11
CON000203,ACC00128,Avery,Castellanos,avery.castellanos203@gmail.com,Team Lead,2024-06-08
CON000204,ACC00129,Felix,Osei,felix.osei204@outlook.com,Broker,2026-04-01
CON000205,ACC00129,Riley,Delgado,riley.delgado205@realtyco.com,Marketing Director,2026-04-01
CON000206,ACC00129,Avery,Okonkwo,avery.okonkwo206@realtyco.com,Agent,2026-04-01
CON000207,ACC00130,Morgan,Okonkwo,morgan.okonkwo207@realtyco.com,Agent,2025-08-18
CON000208,ACC00131,Elena,Vasquez,elena.vasquez208@compass.com,Managing Broker,2023-04-27
CON000209,ACC00132,Elena,Nakamura,elena.nakamura209@outlook.com,Marketing Director,2026-03-16
CON000210,ACC00133,Morgan,Castellanos,morgan.castellanos210@realtyco.com,Broker,2023-12-20
CON000211,ACC00133,Bianca,Osei,bianca.osei211@kw.com,Owner,2023-12-20
CON000212,ACC00134,Owen,Bautista,owen.bautista212@outlook.com,Marketing Director,2026-05-09
CON000213,ACC00135,Camille,Halvorsen,camille.halvorsen213@realtyco.com,Team Lead,2026-05-19
CON000214,ACC00136,Felix,Halvorsen,felix.halvorsen214@outlook.com,Agent,2023-06-23
CON000215,ACC00137,Elena,Lindqvist,elena.lindqvist215@gmail.com,Team Lead,2025-01-12
CON000216,ACC00138,Sasha,Bergstrom,sasha.bergstrom216@outlook.com,Owner,2023-07-27
CON000217,ACC00139,Riley,Halvorsen,riley.halvorsen217@gmail.com,Broker,2023-12-06
CON000218,ACC00140,Grant,Delgado,grant.delgado218@kw.com,Managing Broker,2024-09-25
CON000219,ACC00141,Camille,Moreau,camille.moreau219@realtyco.com,Broker,2023-11-28
CON000220,ACC00142,Owen,Bautista,owen.bautista220@realtyco.com,Team Lead,2025-11-22
CON000221,ACC00142,Maya,Rinaldi,maya.rinaldi221@outlook.com,Marketing Director,2025-11-22
CON000222,ACC00142,Morgan,Castellanos,morgan.castellanos222@outlook.com,Team Lead,2025-11-22
CON000223,ACC00143,Julian,Bautista,julian.bautista223@outlook.com,Managing Broker,2024-12-16
CON000224,ACC00143,Skyler,Kaplan,skyler.kaplan224@realtyco.com,Managing Broker,2024-12-16
CON000225,ACC00144,Quinn,Lindqvist,quinn.lindqvist225@compass.com,Owner,2023-07-22
CON000226,ACC00145,Morgan,Castellanos,morgan.castellanos226@kw.com,Agent,2023-01-11
CON000227,ACC00146,Felix,Moreau,felix.moreau227@outlook.com,Agent,2024-05-03
CON000228,ACC00147,Julian,Nakamura,julian.nakamura228@realtyco.com,Agent,2025-11-21
CON000229,ACC00148,Grant,Bautista,grant.bautista229@kw.com,Team Lead,2023-06-25
CON000230,ACC00148,Elena,Moreau,elena.moreau230@compass.com,Agent,2023-06-25
CON000231,ACC00149,Tessa,Delgado,tessa.delgado231@outlook.com,Managing Broker,2024-06-03
CON000232,ACC00149,Owen,Osei,owen.osei232@compass.com,Team Lead,2024-06-03
CON000233,ACC00150,Jordan,Rinaldi,jordan.rinaldi233@realtyco.com,Team Lead,2026-01-23
CON000234,ACC00151,Jordan,Petrova,jordan.petrova234@kw.com,Broker,2025-07-26
CON000235,ACC00152,Skyler,Petrova,skyler.petrova235@outlook.com,Marketing Director,2023-03-16
CON000236,ACC00152,Elena,Bautista,elena.bautista236@compass.com,Managing Broker,2023-03-16
CON000237,ACC00153,Tessa,Moreau,tessa.moreau237@gmail.com,Owner,2025-03-02
CON000238,ACC00153,Rowan,Moreau,rowan.moreau238@outlook.com,Agent,2025-03-02
CON000239,ACC00153,Jordan,Okonkwo,jordan.okonkwo239@compass.com,Team Lead,2025-03-02
CON000240,ACC00154,Riley,Kearney,riley.kearney240@gmail.com,Team Lead,2023-06-11
CON000241,ACC00155,Rowan,Petrova,rowan.petrova241@kw.com,Managing Broker,2026-05-19
CON000242,ACC00156,Morgan,Bergstrom,morgan.bergstrom242@realtyco.com,Managing Broker,2023-04-28
CON000243,ACC00157,Skyler,Nakamura,skyler.nakamura243@outlook.com,Team Lead,2023-05-18
CON000244,ACC00158,Marcus,Lindqvist,marcus.lindqvist244@gmail.com,Agent,2025-01-31
CON000245,ACC00158,Quinn,Bautista,quinn.bautista245@compass.com,Managing Broker,2025-01-31
CON000246,ACC00158,Felix,Lindqvist,felix.lindqvist246@outlook.com,Broker,2025-01-31
CON000247,ACC00159,Priya,Kaplan,priya.kaplan247@outlook.com,Broker,2023-08-21
CON000248,ACC00160,Priya,Rinaldi,priya.rinaldi248@outlook.com,Agent,2024-08-07
CON000249,ACC00161,Camille,Osei,camille.osei249@realtyco.com,Agent,2023-05-13
CON000250,ACC00161,Quinn,Ahmed,quinn.ahmed250@gmail.com,Broker,2023-05-13
CON000251,ACC00161,Grant,Whitfield,grant.whitfield251@compass.com,Team Lead,2023-05-13
CON000252,ACC00162,Bianca,Whitfield,bianca.whitfield252@kw.com,Broker,2024-04-29
CON000253,ACC00162,Camille,Moreau,camille.moreau253@gmail.com,Agent,2024-04-29
CON000254,ACC00163,Grant,Lindqvist,grant.lindqvist254@outlook.com,Marketing Director,2023-05-15
CON000255,ACC00163,Owen,Nakamura,owen.nakamura255@outlook.com,Agent,2023-05-15
CON000256,ACC00163,Morgan,Lindqvist,morgan.lindqvist256@realtyco.com,Managing Broker,2023-05-15
CON000257,ACC00164,Camille,Thornton,camille.thornton257@compass.com,Team Lead,2024-10-11
CON000258,ACC00165,Grant,Halvorsen,grant.halvorsen258@realtyco.com,Team Lead,2023-09-22
CON000259,ACC00166,Avery,Thornton,avery.thornton259@realtyco.com,Owner,2024-04-06
CON000260,ACC00166,Priya,Bautista,priya.bautista260@compass.com,Managing Broker,2024-04-06
CON000261,ACC00167,Morgan,Ahmed,morgan.ahmed261@compass.com,Owner,2024-09-12
CON000262,ACC00168,Naomi,Whitfield,naomi.whitfield262@outlook.com,Managing Broker,2026-02-28
CON000263,ACC00169,Grant,Castellanos,grant.castellanos263@realtyco.com,Managing Broker,2023-03-04
CON000264,ACC00170,Avery,Bergstrom,avery.bergstrom264@compass.com,Owner,2023-05-03
CON000265,ACC00171,Tessa,Thornton,tessa.thornton265@outlook.com,Owner,2024-12-08
CON000266,ACC00171,Riley,Delgado,riley.delgado266@kw.com,Owner,2024-12-08
CON000267,ACC00171,Morgan,Ahmed,morgan.ahmed267@compass.com,Managing Broker,2024-12-08
CON000268,ACC00172,Owen,Nakamura,owen.nakamura268@realtyco.com,Owner,2024-05-22
CON000269,ACC00173,Priya,Petrova,priya.petrova269@compass.com,Managing Broker,2024-01-24
CON000270,ACC00173,Elena,Lindqvist,elena.lindqvist270@outlook.com,Agent,2024-01-24
CON000271,ACC00174,Owen,Vasquez,owen.vasquez271@compass.com,Agent,2024-05-08
CON000272,ACC00174,Tessa,Rinaldi,tessa.rinaldi272@compass.com,Team Lead,2024-05-08
CON000273,ACC00174,Marcus,Moreau,marcus.moreau273@gmail.com,Managing Broker,2024-05-08
CON000274,ACC00175,Grant,Castellanos,grant.castellanos274@kw.com,Owner,2023-01-17
CON000275,ACC00176,Owen,Lindqvist,owen.lindqvist275@compass.com,Marketing Director,2024-02-03
CON000276,ACC00177,Grant,Nakamura,grant.nakamura276@realtyco.com,Managing Broker,2023-07-18
CON000277,ACC00178,Riley,Lindqvist,riley.lindqvist277@gmail.com,Managing Broker,2023-04-03
CON000278,ACC00178,Jordan,Delgado,jordan.delgado278@realtyco.com,Marketing Director,2023-04-03
CON000279,ACC00179,Morgan,Okonkwo,morgan.okonkwo279@kw.com,Team Lead,2024-10-14
CON000280,ACC00180,Tessa,Thornton,tessa.thornton280@gmail.com,Agent,2024-09-05
CON000281,ACC00181,Casey,Thornton,casey.thornton281@realtyco.com,Marketing Director,2024-06-27
CON000282,ACC00181,Grant,Kearney,grant.kearney282@outlook.com,Agent,2024-06-27
CON000283,ACC00182,Elena,Castellanos,elena.castellanos283@outlook.com,Managing Broker,2023-08-14
CON000284,ACC00182,Bianca,Kaplan,bianca.kaplan284@realtyco.com,Broker,2023-08-14
CON000285,ACC00182,Jordan,Halvorsen,jordan.halvorsen285@realtyco.com,Broker,2023-08-14
CON000286,ACC00183,Naomi,Petrova,naomi.petrova286@kw.com,Managing Broker,2025-08-23
CON000287,ACC00183,Morgan,Ahmed,morgan.ahmed287@realtyco.com,Marketing Director,2025-08-23
CON000288,ACC00183,Marcus,Nakamura,marcus.nakamura288@compass.com,Managing Broker,2025-08-23
CON000289,ACC00184,Grant,Vasquez,grant.vasquez289@compass.com,Broker,2023-12-21
CON000290,ACC00185,Grant,Delgado,grant.delgado290@realtyco.com,Broker,2024-09-03
CON000291,ACC00186,Sasha,Delgado,sasha.delgado291@realtyco.com,Team Lead,2024-07-14
CON000292,ACC00186,Riley,Lindqvist,riley.lindqvist292@compass.com,Owner,2024-07-14
CON000293,ACC00187,Julian,Kearney,julian.kearney293@outlook.com,Managing Broker,2023-06-11
CON000294,ACC00188,Morgan,Castellanos,morgan.castellanos294@compass.com,Managing Broker,2023-10-09
CON000295,ACC00188,Maya,Vasquez,maya.vasquez295@compass.com,Owner,2023-10-09
CON000296,ACC00189,Maya,Thornton,maya.thornton296@kw.com,Team Lead,2025-04-26
CON000297,ACC00190,Julian,Osei,julian.osei297@kw.com,Managing Broker,2024-02-13
CON000298,ACC00190,Avery,Kearney,avery.kearney298@gmail.com,Managing Broker,2024-02-13
CON000299,ACC00191,Casey,Lindqvist,casey.lindqvist299@outlook.com,Marketing Director,2023-12-27
CON000300,ACC00192,Devin,Castellanos,devin.castellanos300@compass.com,Marketing Director,2024-11-17
CON000301,ACC00192,Bianca,Lindqvist,bianca.lindqvist301@gmail.com,Managing Broker,2024-11-17
CON000302,ACC00192,Casey,Petrova,casey.petrova302@gmail.com,Managing Broker,2024-11-17
CON000303,ACC00193,Owen,Rinaldi,owen.rinaldi303@gmail.com,Agent,2023-08-19
CON000304,ACC00194,Elena,Moreau,elena.moreau304@realtyco.com,Marketing Director,2024-01-31
CON000305,ACC00195,Morgan,Lindqvist,morgan.lindqvist305@compass.com,Managing Broker,2023-10-15
CON000306,ACC00196,Maya,Vasquez,maya.vasquez306@gmail.com,Agent,2026-03-19
CON000307,ACC00197,Felix,Bautista,felix.bautista307@gmail.com,Owner,2025-10-26
CON000308,ACC00198,Skyler,Bautista,skyler.bautista308@outlook.com,Marketing Director,2026-05-25
CON000309,ACC00199,Felix,Halvorsen,felix.halvorsen309@outlook.com,Broker,2025-01-10
CON000310,ACC00200,Grant,Castellanos,grant.castellanos310@realtyco.com,Owner,2025-12-01
CON000311,ACC00201,Marcus,Whitfield,marcus.whitfield311@kw.com,Marketing Director,2025-04-30
CON000312,ACC00202,Skyler,Moreau,skyler.moreau312@gmail.com,Agent,2023-04-03
CON000313,ACC00202,Casey,Moreau,casey.moreau313@compass.com,Agent,2023-04-03
CON000314,ACC00202,Rowan,Delgado,rowan.delgado314@gmail.com,Managing Broker,2023-04-03
CON000315,ACC00203,Avery,Bautista,avery.bautista315@kw.com,Managing Broker,2023-10-05
CON000316,ACC00204,Jordan,Moreau,jordan.moreau316@realtyco.com,Managing Broker,2024-12-13
CON000317,ACC00205,Quinn,Bergstrom,quinn.bergstrom317@compass.com,Team Lead,2025-08-06
CON000318,ACC00205,Theo,Rinaldi,theo.rinaldi318@compass.com,Agent,2025-08-06
CON000319,ACC00206,Tessa,Castellanos,tessa.castellanos319@gmail.com,Broker,2025-05-08
CON000320,ACC00207,Casey,Bergstrom,casey.bergstrom320@outlook.com,Marketing Director,2023-04-01
CON000321,ACC00208,Felix,Kearney,felix.kearney321@outlook.com,Managing Broker,2026-05-09
CON000322,ACC00209,Marcus,Lindqvist,marcus.lindqvist322@gmail.com,Marketing Director,2026-04-26
CON000323,ACC00209,Camille,Thornton,camille.thornton323@realtyco.com,Managing Broker,2026-04-26
CON000324,ACC00210,Maya,Moreau,maya.moreau324@kw.com,Managing Broker,2024-10-14
CON000325,ACC00210,Tessa,Castellanos,tessa.castellanos325@gmail.com,Team Lead,2024-10-14
CON000326,ACC00211,Morgan,Petrova,morgan.petrova326@gmail.com,Marketing Director,2023-04-29
CON000327,ACC00211,Marcus,Okonkwo,marcus.okonkwo327@compass.com,Managing Broker,2023-04-29
CON000328,ACC00212,Devin,Castellanos,devin.castellanos328@kw.com,Owner,2025-07-10
CON000329,ACC00213,Julian,Ahmed,julian.ahmed329@gmail.com,Broker,2023-05-30
CON000330,ACC00214,Owen,Bautista,owen.bautista330@outlook.com,Team Lead,2023-02-01
CON000331,ACC00214,Maya,Bautista,maya.bautista331@kw.com,Marketing Director,2023-02-01
CON000332,ACC00215,Riley,Nakamura,riley.nakamura332@outlook.com,Team Lead,2024-05-05
CON000333,ACC00216,Felix,Vasquez,felix.vasquez333@kw.com,Owner,2025-08-19
CON000334,ACC00216,Casey,Ahmed,casey.ahmed334@realtyco.com,Managing Broker,2025-08-19
CON000335,ACC00216,Riley,Halvorsen,riley.halvorsen335@kw.com,Managing Broker,2025-08-19
CON000336,ACC00217,Theo,Nakamura,theo.nakamura336@compass.com,Owner,2026-04-11
CON000337,ACC00218,Grant,Bautista,grant.bautista337@realtyco.com,Broker,2024-11-22
CON000338,ACC00218,Maya,Vasquez,maya.vasquez338@compass.com,Marketing Director,2024-11-22
CON000339,ACC00218,Devin,Petrova,devin.petrova339@gmail.com,Agent,2024-11-22
CON000340,ACC00219,Felix,Nakamura,felix.nakamura340@outlook.com,Agent,2025-09-27
CON000341,ACC00220,Morgan,Halvorsen,morgan.halvorsen341@kw.com,Team Lead,2025-04-24
CON000342,ACC00220,Rowan,Bergstrom,rowan.bergstrom342@gmail.com,Broker,2025-04-24
CON000343,ACC00220,Felix,Petrova,felix.petrova343@kw.com,Agent,2025-04-24
CON000344,ACC00221,Jordan,Ahmed,jordan.ahmed344@gmail.com,Agent,2025-09-16
CON000345,ACC00222,Riley,Rinaldi,riley.rinaldi345@realtyco.com,Marketing Director,2024-08-10
CON000346,ACC00222,Naomi,Whitfield,naomi.whitfield346@outlook.com,Team Lead,2024-08-10
CON000347,ACC00222,Morgan,Rinaldi,morgan.rinaldi347@kw.com,Broker,2024-08-10
CON000348,ACC00223,Naomi,Kearney,naomi.kearney348@outlook.com,Broker,2025-12-14
CON000349,ACC00224,Camille,Rinaldi,camille.rinaldi349@realtyco.com,Broker,2024-04-07
CON000350,ACC00224,Skyler,Nakamura,skyler.nakamura350@kw.com,Marketing Director,2024-04-07
CON000351,ACC00225,Riley,Whitfield,riley.whitfield351@gmail.com,Broker,2023-01-20
CON000352,ACC00226,Casey,Whitfield,casey.whitfield352@realtyco.com,Managing Broker,2026-03-06
CON000353,ACC00227,Sasha,Kaplan,sasha.kaplan353@realtyco.com,Broker,2025-03-26
CON000354,ACC00227,Grant,Bautista,grant.bautista354@kw.com,Broker,2025-03-26
CON000355,ACC00227,Skyler,Halvorsen,skyler.halvorsen355@compass.com,Team Lead,2025-03-26
CON000356,ACC00228,Theo,Kearney,theo.kearney356@outlook.com,Agent,2024-12-09
CON000357,ACC00228,Julian,Osei,julian.osei357@kw.com,Agent,2024-12-09
CON000358,ACC00229,Riley,Castellanos,riley.castellanos358@compass.com,Team Lead,2025-07-11
CON000359,ACC00229,Morgan,Moreau,morgan.moreau359@kw.com,Broker,2025-07-11
CON000360,ACC00229,Jordan,Kearney,jordan.kearney360@realtyco.com,Agent,2025-07-11
CON000361,ACC00230,Rowan,Lindqvist,rowan.lindqvist361@realtyco.com,Managing Broker,2024-08-27
CON000362,ACC00231,Maya,Thornton,maya.thornton362@gmail.com,Broker,2023-08-07
CON000363,ACC00232,Marcus,Kaplan,marcus.kaplan363@compass.com,Marketing Director,2026-02-14
CON000364,ACC00233,Rowan,Bautista,rowan.bautista364@compass.com,Marketing Director,2023-06-23
CON000365,ACC00234,Noel,Okonkwo,noel.okonkwo365@compass.com,Owner,2023-05-10
CON000366,ACC00234,Morgan,Halvorsen,morgan.halvorsen366@realtyco.com,Owner,2023-05-10
CON000367,ACC00235,Jordan,Vasquez,jordan.vasquez367@kw.com,Team Lead,2024-02-05
CON000368,ACC00236,Skyler,Vasquez,skyler.vasquez368@gmail.com,Broker,2025-05-31
CON000369,ACC00237,Skyler,Kearney,skyler.kearney369@realtyco.com,Owner,2025-10-02
CON000370,ACC00238,Jordan,Bergstrom,jordan.bergstrom370@kw.com,Agent,2026-01-31
CON000371,ACC00239,Theo,Okonkwo,theo.okonkwo371@realtyco.com,Agent,2025-04-17
CON000372,ACC00239,Tessa,Kaplan,tessa.kaplan372@compass.com,Managing Broker,2025-04-17
CON000373,ACC00239,Casey,Ahmed,casey.ahmed373@gmail.com,Agent,2025-04-17
CON000374,ACC00240,Jordan,Halvorsen,jordan.halvorsen374@compass.com,Broker,2026-05-09
CON000375,ACC00241,Devin,Osei,devin.osei375@kw.com,Team Lead,2023-06-24
CON000376,ACC00241,Rowan,Whitfield,rowan.whitfield376@gmail.com,Agent,2023-06-24
CON000377,ACC00241,Skyler,Kearney,skyler.kearney377@compass.com,Managing Broker,2023-06-24
CON000378,ACC00242,Grant,Whitfield,grant.whitfield378@compass.com,Managing Broker,2025-03-29
CON000379,ACC00242,Jordan,Petrova,jordan.petrova379@kw.com,Owner,2025-03-29
CON000380,ACC00242,Casey,Osei,casey.osei380@kw.com,Marketing Director,2025-03-29
CON000381,ACC00243,Morgan,Rinaldi,morgan.rinaldi381@gmail.com,Marketing Director,2026-03-24
CON000382,ACC00244,Devin,Thornton,devin.thornton382@outlook.com,Team Lead,2023-06-25
CON000383,ACC00245,Jordan,Bergstrom,jordan.bergstrom383@outlook.com,Agent,2025-09-02
CON000384,ACC00245,Bianca,Whitfield,bianca.whitfield384@outlook.com,Managing Broker,2025-09-02
CON000385,ACC00246,Felix,Kearney,felix.kearney385@compass.com,Agent,2024-12-03
CON000386,ACC00247,Avery,Bergstrom,avery.bergstrom386@gmail.com,Agent,2025-08-04
CON000387,ACC00248,Jordan,Castellanos,jordan.castellanos387@kw.com,Broker,2025-05-29
CON000388,ACC00249,Marcus,Okonkwo,marcus.okonkwo388@realtyco.com,Team Lead,2024-02-08
CON000389,ACC00250,Theo,Bergstrom,theo.bergstrom389@realtyco.com,Broker,2025-07-26
CON000390,ACC00251,Theo,Petrova,theo.petrova390@kw.com,Owner,2025-02-03
CON000391,ACC00252,Grant,Kaplan,grant.kaplan391@gmail.com,Team Lead,2023-12-21
CON000392,ACC00253,Skyler,Halvorsen,skyler.halvorsen392@realtyco.com,Broker,2024-02-04
CON000393,ACC00253,Julian,Lindqvist,julian.lindqvist393@realtyco.com,Marketing Director,2024-02-04
CON000394,ACC00253,Marcus,Bergstrom,marcus.bergstrom394@compass.com,Team Lead,2024-02-04
CON000395,ACC00254,Maya,Kearney,maya.kearney395@compass.com,Agent,2023-06-19
CON000396,ACC00254,Jordan,Thornton,jordan.thornton396@kw.com,Owner,2023-06-19
CON000397,ACC00255,Camille,Ahmed,camille.ahmed397@gmail.com,Broker,2026-03-04
CON000398,ACC00255,Casey,Bautista,casey.bautista398@outlook.com,Team Lead,2026-03-04
CON000399,ACC00255,Felix,Kearney,felix.kearney399@outlook.com,Agent,2026-03-04
CON000400,ACC00256,Felix,Castellanos,felix.castellanos400@gmail.com,Broker,2023-03-27
CON000401,ACC00256,Maya,Rinaldi,maya.rinaldi401@kw.com,Agent,2023-03-27
CON000402,ACC00257,Avery,Halvorsen,avery.halvorsen402@gmail.com,Team Lead,2023-06-28
CON000403,ACC00258,Elena,Petrova,elena.petrova403@realtyco.com,Agent,2023-10-13
CON000404,ACC00259,Elena,Petrova,elena.petrova404@kw.com,Agent,2024-08-22
CON000405,ACC00260,Noel,Rinaldi,noel.rinaldi405@gmail.com,Broker,2023-09-17
CON000406,ACC00260,Skyler,Petrova,skyler.petrova406@outlook.com,Owner,2023-09-17
CON000407,ACC00261,Sasha,Okonkwo,sasha.okonkwo407@realtyco.com,Agent,2025-02-07
CON000408,ACC00261,Sasha,Thornton,sasha.thornton408@gmail.com,Marketing Director,2025-02-07
CON000409,ACC00262,Priya,Ahmed,priya.ahmed409@compass.com,Broker,2023-01-06
CON000410,ACC00263,Priya,Osei,priya.osei410@kw.com,Owner,2024-03-09
CON000411,ACC00264,Felix,Okonkwo,felix.okonkwo411@gmail.com,Marketing Director,2025-07-30
CON000412,ACC00265,Felix,Lindqvist,felix.lindqvist412@compass.com,Managing Broker,2024-09-10
CON000413,ACC00265,Tessa,Bautista,tessa.bautista413@realtyco.com,Broker,2024-09-10
CON000414,ACC00266,Noel,Rinaldi,noel.rinaldi414@outlook.com,Broker,2024-09-17
CON000415,ACC00267,Elena,Ahmed,elena.ahmed415@gmail.com,Broker,2025-11-29
CON000416,ACC00268,Sasha,Lindqvist,sasha.lindqvist416@realtyco.com,Marketing Director,2023-07-02
CON000417,ACC00269,Noel,Okonkwo,noel.okonkwo417@compass.com,Team Lead,2026-02-27
CON000418,ACC00270,Elena,Ahmed,elena.ahmed418@compass.com,Agent,2024-03-20
CON000419,ACC00270,Morgan,Lindqvist,morgan.lindqvist419@compass.com,Owner,2024-03-20
CON000420,ACC00271,Priya,Ahmed,priya.ahmed420@outlook.com,Managing Broker,2023-06-22
CON000421,ACC00272,Avery,Rinaldi,avery.rinaldi421@gmail.com,Managing Broker,2025-11-09
CON000422,ACC00272,Jordan,Thornton,jordan.thornton422@kw.com,Owner,2025-11-09
CON000423,ACC00273,Skyler,Osei,skyler.osei423@gmail.com,Marketing Director,2026-05-01
CON000424,ACC00273,Riley,Ahmed,riley.ahmed424@compass.com,Marketing Director,2026-05-01
CON000425,ACC00273,Priya,Kaplan,priya.kaplan425@kw.com,Broker,2026-05-01
CON000426,ACC00274,Elena,Ahmed,elena.ahmed426@kw.com,Broker,2023-12-20
CON000427,ACC00274,Rowan,Nakamura,rowan.nakamura427@outlook.com,Marketing Director,2023-12-20
CON000428,ACC00275,Jordan,Bergstrom,jordan.bergstrom428@gmail.com,Owner,2025-03-26
CON000429,ACC00275,Jordan,Nakamura,jordan.nakamura429@compass.com,Managing Broker,2025-03-26
CON000430,ACC00275,Bianca,Vasquez,bianca.vasquez430@gmail.com,Marketing Director,2025-03-26
CON000431,ACC00276,Rowan,Okonkwo,rowan.okonkwo431@realtyco.com,Team Lead,2024-07-22
CON000432,ACC00276,Avery,Thornton,avery.thornton432@compass.com,Owner,2024-07-22
CON000433,ACC00276,Jordan,Bergstrom,jordan.bergstrom433@realtyco.com,Agent,2024-07-22
CON000434,ACC00277,Riley,Bautista,riley.bautista434@kw.com,Agent,2025-06-14
CON000435,ACC00278,Riley,Bergstrom,riley.bergstrom435@outlook.com,Team Lead,2023-12-26
CON000436,ACC00278,Bianca,Thornton,bianca.thornton436@kw.com,Agent,2023-12-26
CON000437,ACC00278,Naomi,Osei,naomi.osei437@realtyco.com,Broker,2023-12-26
CON000438,ACC00279,Priya,Thornton,priya.thornton438@realtyco.com,Managing Broker,2024-06-14
CON000439,ACC00280,Naomi,Thornton,naomi.thornton439@kw.com,Team Lead,2026-03-26
CON000440,ACC00281,Theo,Whitfield,theo.whitfield440@outlook.com,Team Lead,2023-07-30
CON000441,ACC00282,Jordan,Lindqvist,jordan.lindqvist441@outlook.com,Marketing Director,2023-11-04
CON000442,ACC00283,Avery,Moreau,avery.moreau442@compass.com,Broker,2023-06-09
CON000443,ACC00284,Priya,Bautista,priya.bautista443@compass.com,Marketing Director,2025-08-10
CON000444,ACC00285,Devin,Delgado,devin.delgado444@kw.com,Marketing Director,2024-09-14
CON000445,ACC00285,Jordan,Castellanos,jordan.castellanos445@kw.com,Owner,2024-09-14
CON000446,ACC00285,Riley,Kaplan,riley.kaplan446@outlook.com,Marketing Director,2024-09-14
CON000447,ACC00286,Owen,Kearney,owen.kearney447@kw.com,Marketing Director,2024-12-10
CON000448,ACC00287,Felix,Moreau,felix.moreau448@compass.com,Agent,2023-05-03
CON000449,ACC00288,Camille,Bautista,camille.bautista449@compass.com,Managing Broker,2025-11-01
CON000450,ACC00288,Priya,Ahmed,priya.ahmed450@outlook.com,Marketing Director,2025-11-01
CON000451,ACC00288,Marcus,Bergstrom,marcus.bergstrom451@realtyco.com,Broker,2025-11-01
CON000452,ACC00289,Devin,Bergstrom,devin.bergstrom452@kw.com,Team Lead,2024-10-07
CON000453,ACC00290,Felix,Moreau,felix.moreau453@outlook.com,Managing Broker,2026-04-12
CON000454,ACC00291,Tessa,Thornton,tessa.thornton454@gmail.com,Team Lead,2024-03-01
CON000455,ACC00291,Sasha,Bautista,sasha.bautista455@gmail.com,Team Lead,2024-03-01
CON000456,ACC00291,Naomi,Halvorsen,naomi.halvorsen456@compass.com,Broker,2024-03-01
CON000457,ACC00292,Julian,Osei,julian.osei457@outlook.com,Marketing Director,2024-11-02
CON000458,ACC00293,Casey,Kearney,casey.kearney458@outlook.com,Managing Broker,2025-04-08
CON000459,ACC00294,Grant,Castellanos,grant.castellanos459@compass.com,Team Lead,2024-03-31
CON000460,ACC00295,Marcus,Vasquez,marcus.vasquez460@realtyco.com,Agent,2025-06-27
CON000461,ACC00296,Tessa,Osei,tessa.osei461@compass.com,Broker,2025-03-19
CON000462,ACC00297,Bianca,Halvorsen,bianca.halvorsen462@outlook.com,Broker,2023-11-01
CON000463,ACC00298,Julian,Whitfield,julian.whitfield463@outlook.com,Agent,2025-02-23
CON000464,ACC00299,Elena,Kearney,elena.kearney464@kw.com,Owner,2024-12-05
CON000465,ACC00299,Morgan,Castellanos,morgan.castellanos465@gmail.com,Managing Broker,2024-12-05
CON000466,ACC00300,Maya,Nakamura,maya.nakamura466@gmail.com,Broker,2026-04-11
CON000467,ACC00301,Owen,Petrova,owen.petrova467@kw.com,Team Lead,2025-03-06
CON000468,ACC00301,Casey,Petrova,casey.petrova468@compass.com,Broker,2025-03-06
CON000469,ACC00301,Maya,Lindqvist,maya.lindqvist469@gmail.com,Team Lead,2025-03-06
CON000470,ACC00302,Bianca,Moreau,bianca.moreau470@gmail.com,Agent,2024-12-21
CON000471,ACC00302,Felix,Thornton,felix.thornton471@kw.com,Managing Broker,2024-12-21
CON000472,ACC00303,Naomi,Rinaldi,naomi.rinaldi472@kw.com,Team Lead,2024-03-24
CON000473,ACC00304,Camille,Castellanos,camille.castellanos473@outlook.com,Owner,2026-04-16
CON000474,ACC00305,Bianca,Bautista,bianca.bautista474@gmail.com,Broker,2024-09-10
CON000475,ACC00306,Bianca,Thornton,bianca.thornton475@kw.com,Managing Broker,2024-12-31
CON000476,ACC00307,Priya,Rinaldi,priya.rinaldi476@outlook.com,Marketing Director,2026-03-08
CON000477,ACC00308,Felix,Ahmed,felix.ahmed477@gmail.com,Broker,2024-10-16
CON000478,ACC00309,Camille,Vasquez,camille.vasquez478@gmail.com,Marketing Director,2024-12-18
CON000479,ACC00309,Owen,Bautista,owen.bautista479@compass.com,Marketing Director,2024-12-18
CON000480,ACC00310,Marcus,Vasquez,marcus.vasquez480@kw.com,Team Lead,2025-02-14
CON000481,ACC00310,Quinn,Castellanos,quinn.castellanos481@gmail.com,Owner,2025-02-14
CON000482,ACC00311,Felix,Delgado,felix.delgado482@kw.com,Marketing Director,2024-10-14
CON000483,ACC00312,Elena,Vasquez,elena.vasquez483@gmail.com,Team Lead,2025-09-15
CON000484,ACC00313,Quinn,Moreau,quinn.moreau484@realtyco.com,Team Lead,2025-04-18
CON000485,ACC00313,Camille,Rinaldi,camille.rinaldi485@outlook.com,Broker,2025-04-18
CON000486,ACC00314,Marcus,Ahmed,marcus.ahmed486@compass.com,Agent,2025-01-08
CON000487,ACC00315,Rowan,Ahmed,rowan.ahmed487@outlook.com,Agent,2024-08-20
CON000488,ACC00316,Sasha,Bautista,sasha.bautista488@outlook.com,Agent,2025-03-04
CON000489,ACC00317,Theo,Okonkwo,theo.okonkwo489@compass.com,Marketing Director,2024-07-04
CON000490,ACC00318,Avery,Halvorsen,avery.halvorsen490@gmail.com,Team Lead,2026-04-22
CON000491,ACC00319,Skyler,Lindqvist,skyler.lindqvist491@compass.com,Managing Broker,2023-03-13
CON000492,ACC00320,Felix,Rinaldi,felix.rinaldi492@compass.com,Broker,2025-06-10
CON000493,ACC00321,Marcus,Moreau,marcus.moreau493@gmail.com,Managing Broker,2026-02-04
CON000494,ACC00321,Tessa,Halvorsen,tessa.halvorsen494@realtyco.com,Agent,2026-02-04
CON000495,ACC00322,Elena,Moreau,elena.moreau495@realtyco.com,Agent,2026-04-08
CON000496,ACC00323,Rowan,Kaplan,rowan.kaplan496@realtyco.com,Broker,2025-08-26
CON000497,ACC00323,Owen,Vasquez,owen.vasquez497@realtyco.com,Managing Broker,2025-08-26
CON000498,ACC00323,Naomi,Bautista,naomi.bautista498@gmail.com,Owner,2025-08-26
CON000499,ACC00324,Maya,Vasquez,maya.vasquez499@gmail.com,Managing Broker,2025-08-31
CON000500,ACC00325,Maya,Bautista,maya.bautista500@realtyco.com,Broker,2024-04-11
CON000501,ACC00326,Sasha,Okonkwo,sasha.okonkwo501@gmail.com,Broker,2024-03-08
CON000502,ACC00327,Casey,Petrova,casey.petrova502@outlook.com,Owner,2025-12-09
CON000503,ACC00328,Skyler,Ahmed,skyler.ahmed503@kw.com,Broker,2025-08-08
CON000504,ACC00329,Camille,Nakamura,camille.nakamura504@kw.com,Team Lead,2025-08-29
CON000505,ACC00330,Skyler,Kaplan,skyler.kaplan505@compass.com,Owner,2024-03-14
CON000506,ACC00331,Skyler,Whitfield,skyler.whitfield506@kw.com,Agent,2023-09-28
CON000507,ACC00331,Camille,Kearney,camille.kearney507@compass.com,Broker,2023-09-28
CON000508,ACC00331,Maya,Nakamura,maya.nakamura508@gmail.com,Managing Broker,2023-09-28
CON000509,ACC00332,Elena,Petrova,elena.petrova509@compass.com,Broker,2024-12-15
CON000510,ACC00332,Naomi,Thornton,naomi.thornton510@kw.com,Marketing Director,2024-12-15
CON000511,ACC00332,Grant,Nakamura,grant.nakamura511@realtyco.com,Broker,2024-12-15
CON000512,ACC00333,Grant,Halvorsen,grant.halvorsen512@kw.com,Owner,2025-02-05
CON000513,ACC00333,Noel,Thornton,noel.thornton513@compass.com,Managing Broker,2025-02-05
CON000514,ACC00334,Marcus,Moreau,marcus.moreau514@outlook.com,Agent,2024-09-03
CON000515,ACC00335,Tessa,Rinaldi,tessa.rinaldi515@realtyco.com,Broker,2025-10-15
CON000516,ACC00335,Grant,Osei,grant.osei516@gmail.com,Broker,2025-10-15
CON000517,ACC00336,Priya,Moreau,priya.moreau517@realtyco.com,Owner,2024-03-31
CON000518,ACC00336,Noel,Castellanos,noel.castellanos518@kw.com,Managing Broker,2024-03-31
CON000519,ACC00337,Theo,Osei,theo.osei519@outlook.com,Agent,2023-07-19
CON000520,ACC00338,Marcus,Ahmed,marcus.ahmed520@compass.com,Broker,2024-04-02
CON000521,ACC00339,Jordan,Kearney,jordan.kearney521@realtyco.com,Team Lead,2026-04-10
CON000522,ACC00339,Grant,Vasquez,grant.vasquez522@kw.com,Managing Broker,2026-04-10
CON000523,ACC00340,Tessa,Petrova,tessa.petrova523@realtyco.com,Agent,2023-11-05
CON000524,ACC00340,Elena,Halvorsen,elena.halvorsen524@outlook.com,Team Lead,2023-11-05
CON000525,ACC00341,Naomi,Okonkwo,naomi.okonkwo525@realtyco.com,Managing Broker,2023-12-29
CON000526,ACC00342,Rowan,Nakamura,rowan.nakamura526@compass.com,Broker,2023-06-30
CON000527,ACC00342,Naomi,Moreau,naomi.moreau527@compass.com,Marketing Director,2023-06-30
CON000528,ACC00343,Casey,Kearney,casey.kearney528@gmail.com,Owner,2025-02-03
CON000529,ACC00343,Avery,Petrova,avery.petrova529@gmail.com,Owner,2025-02-03
CON000530,ACC00344,Priya,Thornton,priya.thornton530@compass.com,Agent,2023-07-30
CON000531,ACC00345,Jordan,Bautista,jordan.bautista531@outlook.com,Team Lead,2024-11-22
CON000532,ACC00345,Sasha,Delgado,sasha.delgado532@outlook.com,Marketing Director,2024-11-22
CON000533,ACC00345,Noel,Bergstrom,noel.bergstrom533@realtyco.com,Broker,2024-11-22
CON000534,ACC00346,Devin,Vasquez,devin.vasquez534@kw.com,Broker,2024-04-04
CON000535,ACC00347,Sasha,Bergstrom,sasha.bergstrom535@gmail.com,Agent,2024-06-07
CON000536,ACC00348,Avery,Bautista,avery.bautista536@gmail.com,Marketing Director,2026-01-25
CON000537,ACC00349,Noel,Halvorsen,noel.halvorsen537@gmail.com,Broker,2026-05-25
CON000538,ACC00350,Marcus,Lindqvist,marcus.lindqvist538@gmail.com,Broker,2024-02-14
CON000539,ACC00351,Maya,Bergstrom,maya.bergstrom539@gmail.com,Team Lead,2025-09-11
CON000540,ACC00351,Felix,Moreau,felix.moreau540@kw.com,Owner,2025-09-11
CON000541,ACC00351,Noel,Castellanos,noel.castellanos541@realtyco.com,Agent,2025-09-11
CON000542,ACC00352,Riley,Kaplan,riley.kaplan542@compass.com,Owner,2023-07-04
CON000543,ACC00353,Maya,Osei,maya.osei543@gmail.com,Agent,2023-12-24
CON000544,ACC00354,Felix,Kearney,felix.kearney544@compass.com,Broker,2023-10-11
CON000545,ACC00355,Morgan,Petrova,morgan.petrova545@outlook.com,Marketing Director,2025-07-23
CON000546,ACC00356,Priya,Osei,priya.osei546@compass.com,Owner,2023-11-23
CON000547,ACC00356,Avery,Lindqvist,avery.lindqvist547@realtyco.com,Managing Broker,2023-11-23
CON000548,ACC00357,Skyler,Moreau,skyler.moreau548@realtyco.com,Owner,2023-09-25
CON000549,ACC00358,Bianca,Halvorsen,bianca.halvorsen549@kw.com,Team Lead,2025-12-10
CON000550,ACC00359,Tessa,Kaplan,tessa.kaplan550@outlook.com,Managing Broker,2025-02-27
CON000551,ACC00360,Elena,Halvorsen,elena.halvorsen551@realtyco.com,Owner,2023-12-05
CON000552,ACC00360,Sasha,Bautista,sasha.bautista552@outlook.com,Managing Broker,2023-12-05
CON000553,ACC00360,Avery,Halvorsen,avery.halvorsen553@kw.com,Team Lead,2023-12-05
CON000554,ACC00361,Maya,Moreau,maya.moreau554@kw.com,Broker,2025-04-05
CON000555,ACC00361,Bianca,Whitfield,bianca.whitfield555@kw.com,Broker,2025-04-05
CON000556,ACC00361,Julian,Thornton,julian.thornton556@kw.com,Marketing Director,2025-04-05
CON000557,ACC00362,Morgan,Lindqvist,morgan.lindqvist557@realtyco.com,Broker,2025-10-15
CON000558,ACC00363,Riley,Moreau,riley.moreau558@compass.com,Broker,2025-11-07
CON000559,ACC00363,Skyler,Halvorsen,skyler.halvorsen559@compass.com,Broker,2025-11-07
CON000560,ACC00363,Riley,Castellanos,riley.castellanos560@kw.com,Marketing Director,2025-11-07
CON000561,ACC00364,Owen,Bergstrom,owen.bergstrom561@gmail.com,Managing Broker,2026-05-13
CON000562,ACC00364,Elena,Osei,elena.osei562@realtyco.com,Owner,2026-05-13
CON000563,ACC00365,Priya,Castellanos,priya.castellanos563@gmail.com,Team Lead,2024-08-20
CON000564,ACC00366,Bianca,Osei,bianca.osei564@gmail.com,Team Lead,2024-01-20
CON000565,ACC00366,Maya,Delgado,maya.delgado565@compass.com,Managing Broker,2024-01-20
CON000566,ACC00366,Sasha,Halvorsen,sasha.halvorsen566@realtyco.com,Owner,2024-01-20
CON000567,ACC00367,Rowan,Vasquez,rowan.vasquez567@kw.com,Owner,2026-04-20
CON000568,ACC00368,Owen,Kearney,owen.kearney568@gmail.com,Agent,2025-06-05
CON000569,ACC00368,Tessa,Kaplan,tessa.kaplan569@kw.com,Broker,2025-06-05
CON000570,ACC00369,Quinn,Bautista,quinn.bautista570@gmail.com,Broker,2024-10-21
CON000571,ACC00370,Julian,Moreau,julian.moreau571@gmail.com,Managing Broker,2023-10-10
CON000572,ACC00371,Camille,Nakamura,camille.nakamura572@compass.com,Managing Broker,2024-08-18
CON000573,ACC00372,Felix,Kearney,felix.kearney573@kw.com,Managing Broker,2026-03-14
CON000574,ACC00373,Avery,Lindqvist,avery.lindqvist574@gmail.com,Managing Broker,2023-04-26
CON000575,ACC00374,Marcus,Ahmed,marcus.ahmed575@compass.com,Team Lead,2026-01-13
CON000576,ACC00375,Theo,Thornton,theo.thornton576@compass.com,Owner,2024-08-12
CON000577,ACC00376,Casey,Lindqvist,casey.lindqvist577@compass.com,Owner,2025-06-26
CON000578,ACC00377,Skyler,Thornton,skyler.thornton578@compass.com,Marketing Director,2023-06-02
CON000579,ACC00378,Elena,Halvorsen,elena.halvorsen579@kw.com,Broker,2023-11-26
CON000580,ACC00379,Felix,Castellanos,felix.castellanos580@outlook.com,Marketing Director,2024-09-08
CON000581,ACC00379,Maya,Halvorsen,maya.halvorsen581@gmail.com,Team Lead,2024-09-08
CON000582,ACC00380,Tessa,Nakamura,tessa.nakamura582@outlook.com,Managing Broker,2025-10-31
CON000583,ACC00381,Riley,Whitfield,riley.whitfield583@realtyco.com,Owner,2024-08-24
CON000584,ACC00382,Skyler,Delgado,skyler.delgado584@gmail.com,Marketing Director,2024-05-14
CON000585,ACC00383,Priya,Moreau,priya.moreau585@gmail.com,Marketing Director,2025-02-06
CON000586,ACC00383,Julian,Nakamura,julian.nakamura586@gmail.com,Team Lead,2025-02-06
CON000587,ACC00384,Sasha,Bergstrom,sasha.bergstrom587@realtyco.com,Owner,2026-01-06
CON000588,ACC00384,Avery,Delgado,avery.delgado588@realtyco.com,Team Lead,2026-01-06
CON000589,ACC00384,Tessa,Lindqvist,tessa.lindqvist589@realtyco.com,Marketing Director,2026-01-06
CON000590,ACC00385,Elena,Kearney,elena.kearney590@compass.com,Owner,2025-06-10
CON000591,ACC00385,Grant,Delgado,grant.delgado591@gmail.com,Marketing Director,2025-06-10
CON000592,ACC00386,Casey,Moreau,casey.moreau592@outlook.com,Team Lead,2024-05-30
CON000593,ACC00387,Quinn,Ahmed,quinn.ahmed593@compass.com,Agent,2025-03-08
CON000594,ACC00388,Casey,Bautista,casey.bautista594@compass.com,Owner,2025-10-26
CON000595,ACC00389,Priya,Ahmed,priya.ahmed595@compass.com,Owner,2023-03-05
CON000596,ACC00389,Camille,Delgado,camille.delgado596@outlook.com,Agent,2023-03-05
CON000597,ACC00390,Skyler,Kaplan,skyler.kaplan597@compass.com,Broker,2023-01-23
CON000598,ACC00391,Casey,Nakamura,casey.nakamura598@kw.com,Agent,2024-12-05
CON000599,ACC00392,Priya,Kaplan,priya.kaplan599@gmail.com,Broker,2024-01-07
CON000600,ACC00393,Owen,Rinaldi,owen.rinaldi600@kw.com,Owner,2026-04-04
CON000601,ACC00394,Camille,Vasquez,camille.vasquez601@realtyco.com,Marketing Director,2025-07-11
CON000602,ACC00395,Morgan,Bergstrom,morgan.bergstrom602@compass.com,Managing Broker,2024-05-19
CON000603,ACC00396,Noel,Halvorsen,noel.halvorsen603@realtyco.com,Team Lead,2025-01-04
CON000604,ACC00396,Owen,Vasquez,owen.vasquez604@compass.com,Agent,2025-01-04
CON000605,ACC00397,Theo,Delgado,theo.delgado605@outlook.com,Owner,2023-06-06
CON000606,ACC00398,Maya,Castellanos,maya.castellanos606@kw.com,Marketing Director,2026-01-18
CON000607,ACC00398,Julian,Halvorsen,julian.halvorsen607@realtyco.com,Owner,2026-01-18
CON000608,ACC00399,Sasha,Osei,sasha.osei608@realtyco.com,Broker,2025-11-11
CON000609,ACC00400,Avery,Thornton,avery.thornton609@kw.com,Owner,2026-03-05
CON000610,ACC00401,Devin,Osei,devin.osei610@outlook.com,Marketing Director,2024-04-24
CON000611,ACC00402,Sasha,Delgado,sasha.delgado611@kw.com,Team Lead,2025-12-03
CON000612,ACC00403,Felix,Whitfield,felix.whitfield612@outlook.com,Managing Broker,2023-06-09
CON000613,ACC00404,Owen,Delgado,owen.delgado613@gmail.com,Marketing Director,2023-01-14
CON000614,ACC00404,Marcus,Vasquez,marcus.vasquez614@gmail.com,Team Lead,2023-01-14
CON000615,ACC00405,Elena,Bautista,elena.bautista615@gmail.com,Marketing Director,2023-08-31
CON000616,ACC00406,Jordan,Ahmed,jordan.ahmed616@kw.com,Managing Broker,2025-04-21
CON000617,ACC00406,Jordan,Ahmed,jordan.ahmed617@realtyco.com,Owner,2025-04-21
CON000618,ACC00407,Jordan,Whitfield,jordan.whitfield618@kw.com,Marketing Director,2023-12-07
CON000619,ACC00408,Naomi,Rinaldi,naomi.rinaldi619@kw.com,Broker,2026-05-27
CON000620,ACC00409,Felix,Kearney,felix.kearney620@gmail.com,Agent,2024-06-25
CON000621,ACC00409,Devin,Whitfield,devin.whitfield621@compass.com,Owner,2024-06-25
CON000622,ACC00410,Casey,Nakamura,casey.nakamura622@outlook.com,Agent,2024-02-19
CON000623,ACC00411,Morgan,Okonkwo,morgan.okonkwo623@kw.com,Owner,2023-08-29
CON000624,ACC00411,Maya,Okonkwo,maya.okonkwo624@realtyco.com,Agent,2023-08-29
CON000625,ACC00412,Elena,Delgado,elena.delgado625@compass.com,Owner,2025-01-28
CON000626,ACC00412,Avery,Vasquez,avery.vasquez626@realtyco.com,Owner,2025-01-28
CON000627,ACC00412,Quinn,Thornton,quinn.thornton627@compass.com,Agent,2025-01-28
CON000628,ACC00413,Grant,Petrova,grant.petrova628@kw.com,Owner,2023-10-02
CON000629,ACC00414,Jordan,Kaplan,jordan.kaplan629@outlook.com,Marketing Director,2023-08-30
CON000630,ACC00414,Casey,Ahmed,casey.ahmed630@gmail.com,Broker,2023-08-30
CON000631,ACC00414,Julian,Okonkwo,julian.okonkwo631@realtyco.com,Marketing Director,2023-08-30
CON000632,ACC00415,Maya,Bautista,maya.bautista632@kw.com,Broker,2024-06-03
CON000633,ACC00416,Felix,Whitfield,felix.whitfield633@realtyco.com,Team Lead,2026-02-15
CON000634,ACC00416,Sasha,Thornton,sasha.thornton634@gmail.com,Team Lead,2026-02-15
CON000635,ACC00416,Julian,Kaplan,julian.kaplan635@compass.com,Managing Broker,2026-02-15
CON000636,ACC00417,Morgan,Kaplan,morgan.kaplan636@outlook.com,Owner,2023-09-01
CON000637,ACC00418,Quinn,Vasquez,quinn.vasquez637@compass.com,Owner,2023-04-17
CON000638,ACC00419,Avery,Nakamura,avery.nakamura638@gmail.com,Broker,2024-03-30
CON000639,ACC00420,Devin,Rinaldi,devin.rinaldi639@gmail.com,Owner,2026-05-08
CON000640,ACC00420,Rowan,Lindqvist,rowan.lindqvist640@outlook.com,Owner,2026-05-08
CON000641,ACC00420,Felix,Castellanos,felix.castellanos641@realtyco.com,Agent,2026-05-08
CON000642,ACC00421,Noel,Lindqvist,noel.lindqvist642@outlook.com,Team Lead,2023-03-10
CON000643,ACC00422,Bianca,Vasquez,bianca.vasquez643@kw.com,Broker,2025-03-29
CON000644,ACC00423,Skyler,Ahmed,skyler.ahmed644@outlook.com,Broker,2026-02-19
CON000645,ACC00424,Marcus,Ahmed,marcus.ahmed645@kw.com,Team Lead,2025-04-13
CON000646,ACC00425,Camille,Thornton,camille.thornton646@compass.com,Team Lead,2026-03-23
CON000647,ACC00426,Naomi,Bautista,naomi.bautista647@kw.com,Owner,2023-02-26
CON000648,ACC00426,Grant,Nakamura,grant.nakamura648@gmail.com,Marketing Director,2023-02-26
CON000649,ACC00427,Casey,Kearney,casey.kearney649@compass.com,Broker,2023-01-20
CON000650,ACC00427,Maya,Osei,maya.osei650@realtyco.com,Owner,2023-01-20
CON000651,ACC00428,Grant,Lindqvist,grant.lindqvist651@outlook.com,Team Lead,2026-03-20
CON000652,ACC00429,Owen,Kearney,owen.kearney652@realtyco.com,Agent,2024-02-28
CON000653,ACC00429,Owen,Delgado,owen.delgado653@realtyco.com,Broker,2024-02-28
CON000654,ACC00429,Julian,Ahmed,julian.ahmed654@gmail.com,Agent,2024-02-28
CON000655,ACC00430,Grant,Nakamura,grant.nakamura655@kw.com,Broker,2025-10-05
CON000656,ACC00430,Julian,Vasquez,julian.vasquez656@realtyco.com,Marketing Director,2025-10-05
CON000657,ACC00430,Noel,Okonkwo,noel.okonkwo657@realtyco.com,Owner,2025-10-05
CON000658,ACC00431,Naomi,Thornton,naomi.thornton658@gmail.com,Broker,2025-10-02
CON000659,ACC00432,Camille,Vasquez,camille.vasquez659@realtyco.com,Owner,2025-05-16
CON000660,ACC00432,Morgan,Nakamura,morgan.nakamura660@realtyco.com,Team Lead,2025-05-16
CON000661,ACC00433,Julian,Kearney,julian.kearney661@outlook.com,Agent,2025-11-27
CON000662,ACC00434,Theo,Rinaldi,theo.rinaldi662@compass.com,Marketing Director,2024-06-15
CON000663,ACC00434,Maya,Osei,maya.osei663@kw.com,Managing Broker,2024-06-15
CON000664,ACC00435,Rowan,Ahmed,rowan.ahmed664@realtyco.com,Marketing Director,2025-02-01
CON000665,ACC00436,Camille,Petrova,camille.petrova665@realtyco.com,Agent,2024-04-27
CON000666,ACC00436,Rowan,Bautista,rowan.bautista666@gmail.com,Managing Broker,2024-04-27
CON000667,ACC00437,Elena,Petrova,elena.petrova667@compass.com,Agent,2025-11-24
CON000668,ACC00437,Quinn,Bautista,quinn.bautista668@outlook.com,Team Lead,2025-11-24
CON000669,ACC00438,Theo,Bautista,theo.bautista669@outlook.com,Marketing Director,2024-06-04
CON000670,ACC00439,Casey,Vasquez,casey.vasquez670@gmail.com,Agent,2024-06-11
CON000671,ACC00440,Marcus,Castellanos,marcus.castellanos671@realtyco.com,Managing Broker,2024-08-05
CON000672,ACC00441,Quinn,Rinaldi,quinn.rinaldi672@gmail.com,Owner,2023-10-24
CON000673,ACC00441,Casey,Delgado,casey.delgado673@outlook.com,Team Lead,2023-10-24
CON000674,ACC00442,Marcus,Kaplan,marcus.kaplan674@outlook.com,Broker,2024-10-04
CON000675,ACC00443,Tessa,Kaplan,tessa.kaplan675@outlook.com,Broker,2025-04-27
CON000676,ACC00444,Grant,Kearney,grant.kearney676@realtyco.com,Agent,2023-07-15
CON000677,ACC00445,Camille,Nakamura,camille.nakamura677@realtyco.com,Agent,2023-11-15
CON000678,ACC00446,Camille,Kearney,camille.kearney678@kw.com,Owner,2023-12-16
CON000679,ACC00447,Skyler,Halvorsen,skyler.halvorsen679@kw.com,Managing Broker,2026-01-09
CON000680,ACC00448,Maya,Bergstrom,maya.bergstrom680@gmail.com,Managing Broker,2024-12-12
CON000681,ACC00449,Casey,Vasquez,casey.vasquez681@outlook.com,Managing Broker,2025-12-07
CON000682,ACC00450,Marcus,Osei,marcus.osei682@compass.com,Managing Broker,2024-08-22
CON000683,ACC00450,Sasha,Kaplan,sasha.kaplan683@realtyco.com,Managing Broker,2024-08-22
CON000684,ACC00451,Grant,Whitfield,grant.whitfield684@outlook.com,Marketing Director,2025-03-09
CON000685,ACC00452,Quinn,Bergstrom,quinn.bergstrom685@realtyco.com,Team Lead,2023-05-21
CON000686,ACC00453,Priya,Bautista,priya.bautista686@gmail.com,Marketing Director,2023-11-08
CON000687,ACC00454,Noel,Kaplan,noel.kaplan687@outlook.com,Broker,2024-04-21
CON000688,ACC00454,Camille,Delgado,camille.delgado688@gmail.com,Broker,2024-04-21
CON000689,ACC00454,Marcus,Osei,marcus.osei689@gmail.com,Team Lead,2024-04-21
CON000690,ACC00455,Naomi,Nakamura,naomi.nakamura690@kw.com,Broker,2023-03-06
CON000691,ACC00455,Marcus,Lindqvist,marcus.lindqvist691@kw.com,Owner,2023-03-06
CON000692,ACC00456,Camille,Okonkwo,camille.okonkwo692@realtyco.com,Managing Broker,2024-05-27
CON000693,ACC00457,Quinn,Nakamura,quinn.nakamura693@kw.com,Owner,2023-07-12
CON000694,ACC00458,Owen,Moreau,owen.moreau694@kw.com,Agent,2025-09-12
CON000695,ACC00459,Devin,Moreau,devin.moreau695@kw.com,Agent,2024-07-19
CON000696,ACC00460,Priya,Castellanos,priya.castellanos696@compass.com,Marketing Director,2024-05-24
CON000697,ACC00461,Grant,Rinaldi,grant.rinaldi697@gmail.com,Managing Broker,2023-08-08
CON000698,ACC00461,Naomi,Petrova,naomi.petrova698@kw.com,Agent,2023-08-08
CON000699,ACC00462,Marcus,Osei,marcus.osei699@realtyco.com,Owner,2023-10-03
CON000700,ACC00463,Naomi,Moreau,naomi.moreau700@compass.com,Managing Broker,2024-12-13
CON000701,ACC00464,Owen,Thornton,owen.thornton701@kw.com,Owner,2024-06-23
CON000702,ACC00465,Priya,Kearney,priya.kearney702@realtyco.com,Agent,2023-05-10
CON000703,ACC00466,Tessa,Kearney,tessa.kearney703@kw.com,Owner,2023-08-15
CON000704,ACC00467,Casey,Whitfield,casey.whitfield704@realtyco.com,Owner,2023-07-22
CON000705,ACC00468,Elena,Delgado,elena.delgado705@compass.com,Marketing Director,2023-01-27
CON000706,ACC00468,Felix,Rinaldi,felix.rinaldi706@kw.com,Agent,2023-01-27
CON000707,ACC00468,Julian,Lindqvist,julian.lindqvist707@gmail.com,Agent,2023-01-27
CON000708,ACC00469,Julian,Thornton,julian.thornton708@gmail.com,Marketing Director,2024-06-28
CON000709,ACC00469,Grant,Thornton,grant.thornton709@realtyco.com,Managing Broker,2024-06-28
CON000710,ACC00470,Priya,Lindqvist,priya.lindqvist710@gmail.com,Marketing Director,2025-12-13
CON000711,ACC00471,Elena,Nakamura,elena.nakamura711@realtyco.com,Team Lead,2025-07-28
CON000712,ACC00472,Avery,Rinaldi,avery.rinaldi712@realtyco.com,Team Lead,2026-05-13
CON000713,ACC00472,Naomi,Okonkwo,naomi.okonkwo713@compass.com,Agent,2026-05-13
CON000714,ACC00473,Felix,Okonkwo,felix.okonkwo714@compass.com,Owner,2026-02-27
CON000715,ACC00473,Noel,Bergstrom,noel.bergstrom715@outlook.com,Agent,2026-02-27
CON000716,ACC00474,Morgan,Castellanos,morgan.castellanos716@outlook.com,Owner,2024-08-05
CON000717,ACC00474,Camille,Osei,camille.osei717@realtyco.com,Team Lead,2024-08-05
CON000718,ACC00474,Julian,Bergstrom,julian.bergstrom718@compass.com,Marketing Director,2024-08-05
CON000719,ACC00475,Jordan,Kaplan,jordan.kaplan719@realtyco.com,Team Lead,2025-11-13
CON000720,ACC00475,Jordan,Castellanos,jordan.castellanos720@compass.com,Owner,2025-11-13
CON000721,ACC00476,Naomi,Moreau,naomi.moreau721@kw.com,Marketing Director,2024-09-07
CON000722,ACC00477,Riley,Vasquez,riley.vasquez722@realtyco.com,Managing Broker,2026-03-26
CON000723,ACC00477,Noel,Whitfield,noel.whitfield723@outlook.com,Owner,2026-03-26
CON000724,ACC00477,Elena,Kaplan,elena.kaplan724@kw.com,Agent,2026-03-26
CON000725,ACC00478,Bianca,Ahmed,bianca.ahmed725@realtyco.com,Marketing Director,2025-06-08
CON000726,ACC00479,Owen,Kearney,owen.kearney726@outlook.com,Owner,2023-03-26
CON000727,ACC00480,Devin,Halvorsen,devin.halvorsen727@outlook.com,Managing Broker,2026-03-24
CON000728,ACC00481,Felix,Nakamura,felix.nakamura728@realtyco.com,Marketing Director,2026-01-27
CON000729,ACC00481,Grant,Okonkwo,grant.okonkwo729@compass.com,Managing Broker,2026-01-27
CON000730,ACC00482,Quinn,Lindqvist,quinn.lindqvist730@realtyco.com,Agent,2025-03-20
CON000731,ACC00483,Skyler,Whitfield,skyler.whitfield731@kw.com,Owner,2026-03-25
CON000732,ACC00483,Casey,Ahmed,casey.ahmed732@realtyco.com,Managing Broker,2026-03-25
CON000733,ACC00484,Naomi,Vasquez,naomi.vasquez733@gmail.com,Broker,2024-09-16
CON000734,ACC00484,Rowan,Whitfield,rowan.whitfield734@realtyco.com,Broker,2024-09-16
CON000735,ACC00484,Riley,Lindqvist,riley.lindqvist735@compass.com,Managing Broker,2024-09-16
CON000736,ACC00485,Tessa,Vasquez,tessa.vasquez736@compass.com,Managing Broker,2023-11-16
CON000737,ACC00485,Camille,Kearney,camille.kearney737@gmail.com,Team Lead,2023-11-16
CON000738,ACC00485,Priya,Vasquez,priya.vasquez738@realtyco.com,Managing Broker,2023-11-16
CON000739,ACC00486,Casey,Rinaldi,casey.rinaldi739@kw.com,Broker,2025-08-22
CON000740,ACC00487,Maya,Nakamura,maya.nakamura740@kw.com,Team Lead,2023-10-17
CON000741,ACC00487,Noel,Okonkwo,noel.okonkwo741@compass.com,Agent,2023-10-17
CON000742,ACC00487,Naomi,Halvorsen,naomi.halvorsen742@compass.com,Team Lead,2023-10-17
CON000743,ACC00488,Skyler,Bautista,skyler.bautista743@realtyco.com,Team Lead,2024-07-09
CON000744,ACC00489,Marcus,Vasquez,marcus.vasquez744@kw.com,Owner,2025-03-02
CON000745,ACC00490,Julian,Whitfield,julian.whitfield745@outlook.com,Marketing Director,2025-10-22
CON000746,ACC00491,Bianca,Nakamura,bianca.nakamura746@compass.com,Team Lead,2023-11-18
CON000747,ACC00492,Tessa,Osei,tessa.osei747@gmail.com,Team Lead,2023-03-02
CON000748,ACC00492,Sasha,Halvorsen,sasha.halvorsen748@outlook.com,Managing Broker,2023-03-02
CON000749,ACC00492,Sasha,Castellanos,sasha.castellanos749@kw.com,Marketing Director,2023-03-02
CON000750,ACC00493,Morgan,Petrova,morgan.petrova750@outlook.com,Broker,2024-04-10
CON000751,ACC00494,Bianca,Lindqvist,bianca.lindqvist751@outlook.com,Broker,2026-04-04
CON000752,ACC00495,Noel,Kearney,noel.kearney752@kw.com,Team Lead,2024-10-12
CON000753,ACC00495,Skyler,Osei,skyler.osei753@compass.com,Team Lead,2024-10-12
CON000754,ACC00495,Priya,Thornton,priya.thornton754@gmail.com,Owner,2024-10-12
CON000755,ACC00496,Naomi,Vasquez,naomi.vasquez755@compass.com,Marketing Director,2025-04-27
CON000756,ACC00496,Sasha,Petrova,sasha.petrova756@outlook.com,Managing Broker,2025-04-27
CON000757,ACC00496,Camille,Rinaldi,camille.rinaldi757@realtyco.com,Managing Broker,2025-04-27
CON000758,ACC00497,Quinn,Nakamura,quinn.nakamura758@kw.com,Team Lead,2024-06-30
CON000759,ACC00498,Sasha,Vasquez,sasha.vasquez759@kw.com,Owner,2025-08-18
CON000760,ACC00499,Quinn,Moreau,quinn.moreau760@kw.com,Marketing Director,2023-01-31
CON000761,ACC00500,Tessa,Osei,tessa.osei761@kw.com,Broker,2024-10-27
CON000762,ACC00500,Naomi,Whitfield,naomi.whitfield762@compass.com,Broker,2024-10-27
CON000763,ACC00500,Casey,Bautista,casey.bautista763@gmail.com,Marketing Director,2024-10-27
CON000764,ACC00501,Felix,Osei,felix.osei764@gmail.com,Team Lead,2026-03-17
CON000765,ACC00501,Theo,Bergstrom,theo.bergstrom765@outlook.com,Marketing Director,2026-03-17
CON000766,ACC00501,Naomi,Halvorsen,naomi.halvorsen766@gmail.com,Team Lead,2026-03-17
CON000767,ACC00502,Felix,Petrova,felix.petrova767@compass.com,Marketing Director,2025-11-23
CON000768,ACC00503,Quinn,Rinaldi,quinn.rinaldi768@realtyco.com,Owner,2023-04-22
CON000769,ACC00504,Rowan,Nakamura,rowan.nakamura769@kw.com,Owner,2025-04-26
CON000770,ACC00505,Priya,Castellanos,priya.castellanos770@realtyco.com,Agent,2023-12-02
CON000771,ACC00506,Skyler,Rinaldi,skyler.rinaldi771@kw.com,Broker,2025-02-14
CON000772,ACC00507,Grant,Rinaldi,grant.rinaldi772@outlook.com,Broker,2024-09-25
CON000773,ACC00508,Julian,Bautista,julian.bautista773@gmail.com,Marketing Director,2025-10-18
CON000774,ACC00509,Quinn,Bergstrom,quinn.bergstrom774@kw.com,Owner,2023-01-14
CON000775,ACC00509,Riley,Whitfield,riley.whitfield775@gmail.com,Owner,2023-01-14
CON000776,ACC00510,Grant,Osei,grant.osei776@compass.com,Managing Broker,2023-03-08
CON000777,ACC00511,Riley,Osei,riley.osei777@realtyco.com,Owner,2026-05-03
CON000778,ACC00511,Sasha,Moreau,sasha.moreau778@compass.com,Owner,2026-05-03
CON000779,ACC00512,Maya,Whitfield,maya.whitfield779@kw.com,Managing Broker,2023-05-19
CON000780,ACC00512,Felix,Okonkwo,felix.okonkwo780@realtyco.com,Managing Broker,2023-05-19
CON000781,ACC00512,Felix,Okonkwo,felix.okonkwo781@realtyco.com,Managing Broker,2023-05-19
CON000782,ACC00513,Maya,Bautista,maya.bautista782@kw.com,Managing Broker,2024-03-05
CON000783,ACC00514,Morgan,Moreau,morgan.moreau783@outlook.com,Team Lead,2024-10-10
CON000784,ACC00515,Morgan,Nakamura,morgan.nakamura784@realtyco.com,Managing Broker,2024-04-21
CON000785,ACC00515,Grant,Vasquez,grant.vasquez785@outlook.com,Broker,2024-04-21
CON000786,ACC00515,Camille,Delgado,camille.delgado786@realtyco.com,Agent,2024-04-21
CON000787,ACC00516,Naomi,Kaplan,naomi.kaplan787@kw.com,Owner,2025-04-27
CON000788,ACC00516,Camille,Bergstrom,camille.bergstrom788@realtyco.com,Team Lead,2025-04-27
CON000789,ACC00517,Marcus,Rinaldi,marcus.rinaldi789@realtyco.com,Managing Broker,2023-05-19
CON000790,ACC00518,Elena,Ahmed,elena.ahmed790@compass.com,Agent,2023-03-01
CON000791,ACC00518,Casey,Castellanos,casey.castellanos791@compass.com,Team Lead,2023-03-01
CON000792,ACC00518,Avery,Bergstrom,avery.bergstrom792@realtyco.com,Marketing Director,2023-03-01
CON000793,ACC00519,Maya,Lindqvist,maya.lindqvist793@realtyco.com,Owner,2025-08-01
CON000794,ACC00519,Quinn,Lindqvist,quinn.lindqvist794@kw.com,Owner,2025-08-01
CON000795,ACC00520,Grant,Lindqvist,grant.lindqvist795@outlook.com,Owner,2024-03-02
CON000796,ACC00520,Maya,Castellanos,maya.castellanos796@outlook.com,Marketing Director,2024-03-02
CON000797,ACC00521,Noel,Ahmed,noel.ahmed797@outlook.com,Agent,2023-12-06
CON000798,ACC00521,Skyler,Lindqvist,skyler.lindqvist798@outlook.com,Marketing Director,2023-12-06
CON000799,ACC00522,Elena,Thornton,elena.thornton799@compass.com,Owner,2025-01-31
CON000800,ACC00523,Noel,Halvorsen,noel.halvorsen800@compass.com,Broker,2023-07-09
CON000801,ACC00523,Devin,Castellanos,devin.castellanos801@compass.com,Marketing Director,2023-07-09
CON000802,ACC00523,Priya,Bautista,priya.bautista802@realtyco.com,Managing Broker,2023-07-09
CON000803,ACC00524,Naomi,Nakamura,naomi.nakamura803@compass.com,Managing Broker,2023-10-21
CON000804,ACC00524,Quinn,Halvorsen,quinn.halvorsen804@kw.com,Agent,2023-10-21
CON000805,ACC00525,Riley,Vasquez,riley.vasquez805@outlook.com,Team Lead,2025-12-05
CON000806,ACC00525,Skyler,Bergstrom,skyler.bergstrom806@outlook.com,Team Lead,2025-12-05
CON000807,ACC00525,Theo,Moreau,theo.moreau807@outlook.com,Team Lead,2025-12-05
CON000808,ACC00526,Julian,Whitfield,julian.whitfield808@compass.com,Broker,2024-10-01
CON000809,ACC00526,Felix,Delgado,felix.delgado809@realtyco.com,Owner,2024-10-01
CON000810,ACC00527,Noel,Moreau,noel.moreau810@realtyco.com,Marketing Director,2025-06-22
CON000811,ACC00528,Riley,Ahmed,riley.ahmed811@compass.com,Marketing Director,2024-12-18
CON000812,ACC00529,Sasha,Kaplan,sasha.kaplan812@gmail.com,Managing Broker,2023-04-14
CON000813,ACC00529,Bianca,Bautista,bianca.bautista813@outlook.com,Broker,2023-04-14
CON000814,ACC00529,Elena,Nakamura,elena.nakamura814@outlook.com,Broker,2023-04-14
CON000815,ACC00530,Maya,Rinaldi,maya.rinaldi815@outlook.com,Agent,2026-05-05
CON000816,ACC00531,Theo,Ahmed,theo.ahmed816@compass.com,Team Lead,2025-08-17
CON000817,ACC00532,Riley,Delgado,riley.delgado817@gmail.com,Broker,2025-01-14
CON000818,ACC00533,Owen,Lindqvist,owen.lindqvist818@gmail.com,Broker,2025-09-07
CON000819,ACC00534,Rowan,Bergstrom,rowan.bergstrom819@compass.com,Marketing Director,2023-05-26
CON000820,ACC00535,Julian,Moreau,julian.moreau820@compass.com,Agent,2025-02-25
CON000821,ACC00535,Priya,Kaplan,priya.kaplan821@outlook.com,Managing Broker,2025-02-25
CON000822,ACC00536,Morgan,Rinaldi,morgan.rinaldi822@gmail.com,Managing Broker,2023-06-09
CON000823,ACC00537,Morgan,Kearney,morgan.kearney823@compass.com,Broker,2023-05-23
CON000824,ACC00538,Theo,Halvorsen,theo.halvorsen824@realtyco.com,Marketing Director,2023-10-12
CON000825,ACC00539,Avery,Osei,avery.osei825@gmail.com,Owner,2024-10-10
CON000826,ACC00540,Naomi,Delgado,naomi.delgado826@compass.com,Owner,2025-04-07
CON000827,ACC00540,Theo,Rinaldi,theo.rinaldi827@gmail.com,Team Lead,2025-04-07
CON000828,ACC00541,Theo,Ahmed,theo.ahmed828@kw.com,Owner,2023-03-05
CON000829,ACC00541,Quinn,Vasquez,quinn.vasquez829@compass.com,Managing Broker,2023-03-05
CON000830,ACC00542,Owen,Lindqvist,owen.lindqvist830@realtyco.com,Team Lead,2023-12-22
CON000831,ACC00543,Sasha,Bergstrom,sasha.bergstrom831@realtyco.com,Team Lead,2023-05-27
CON000832,ACC00544,Sasha,Bautista,sasha.bautista832@realtyco.com,Owner,2026-05-22
CON000833,ACC00544,Julian,Moreau,julian.moreau833@outlook.com,Managing Broker,2026-05-22
CON000834,ACC00544,Avery,Vasquez,avery.vasquez834@compass.com,Managing Broker,2026-05-22
CON000835,ACC00545,Camille,Nakamura,camille.nakamura835@outlook.com,Agent,2023-01-16
CON000836,ACC00546,Grant,Lindqvist,grant.lindqvist836@gmail.com,Managing Broker,2026-03-09
CON000837,ACC00546,Priya,Kearney,priya.kearney837@outlook.com,Broker,2026-03-09
CON000838,ACC00547,Rowan,Delgado,rowan.delgado838@realtyco.com,Marketing Director,2025-12-07
CON000839,ACC00548,Priya,Bautista,priya.bautista839@kw.com,Agent,2025-08-18
CON000840,ACC00548,Grant,Lindqvist,grant.lindqvist840@compass.com,Broker,2025-08-18
CON000841,ACC00549,Bianca,Castellanos,bianca.castellanos841@realtyco.com,Broker,2026-05-08
CON000842,ACC00550,Noel,Nakamura,noel.nakamura842@outlook.com,Marketing Director,2024-08-20
CON000843,ACC00551,Grant,Nakamura,grant.nakamura843@realtyco.com,Marketing Director,2024-06-10
CON000844,ACC00552,Camille,Osei,camille.osei844@realtyco.com,Broker,2024-04-28
CON000845,ACC00553,Camille,Lindqvist,camille.lindqvist845@realtyco.com,Broker,2025-04-25
CON000846,ACC00553,Marcus,Vasquez,marcus.vasquez846@realtyco.com,Owner,2025-04-25
CON000847,ACC00554,Julian,Lindqvist,julian.lindqvist847@kw.com,Marketing Director,2023-08-26
CON000848,ACC00554,Noel,Osei,noel.osei848@gmail.com,Managing Broker,2023-08-26
CON000849,ACC00555,Tessa,Thornton,tessa.thornton849@outlook.com,Managing Broker,2025-03-09
CON000850,ACC00556,Avery,Delgado,avery.delgado850@outlook.com,Owner,2023-03-26
CON000851,ACC00556,Maya,Ahmed,maya.ahmed851@realtyco.com,Team Lead,2023-03-26
CON000852,ACC00557,Avery,Vasquez,avery.vasquez852@kw.com,Managing Broker,2026-04-11
CON000853,ACC00558,Priya,Kearney,priya.kearney853@compass.com,Owner,2023-01-22
CON000854,ACC00559,Skyler,Bautista,skyler.bautista854@kw.com,Team Lead,2024-05-30
CON000855,ACC00560,Morgan,Kaplan,morgan.kaplan855@outlook.com,Broker,2026-05-23
CON000856,ACC00561,Felix,Halvorsen,felix.halvorsen856@compass.com,Managing Broker,2023-06-05
CON000857,ACC00561,Jordan,Petrova,jordan.petrova857@kw.com,Broker,2023-06-05
CON000858,ACC00562,Elena,Petrova,elena.petrova858@gmail.com,Agent,2024-11-12
CON000859,ACC00563,Jordan,Vasquez,jordan.vasquez859@realtyco.com,Marketing Director,2025-10-04
CON000860,ACC00564,Devin,Rinaldi,devin.rinaldi860@realtyco.com,Agent,2026-03-16
CON000861,ACC00565,Camille,Castellanos,camille.castellanos861@gmail.com,Team Lead,2024-11-06
CON000862,ACC00566,Felix,Osei,felix.osei862@outlook.com,Broker,2025-02-26
CON000863,ACC00567,Bianca,Lindqvist,bianca.lindqvist863@compass.com,Broker,2024-11-27
CON000864,ACC00568,Sasha,Kaplan,sasha.kaplan864@kw.com,Broker,2025-03-09
CON000865,ACC00569,Priya,Kearney,priya.kearney865@realtyco.com,Marketing Director,2026-04-29
CON000866,ACC00570,Owen,Lindqvist,owen.lindqvist866@gmail.com,Broker,2024-11-22
CON000867,ACC00571,Riley,Vasquez,riley.vasquez867@realtyco.com,Managing Broker,2023-10-17
CON000868,ACC00572,Felix,Delgado,felix.delgado868@outlook.com,Team Lead,2023-04-13
CON000869,ACC00573,Rowan,Rinaldi,rowan.rinaldi869@realtyco.com,Team Lead,2024-03-27
CON000870,ACC00573,Skyler,Ahmed,skyler.ahmed870@realtyco.com,Marketing Director,2024-03-27
CON000871,ACC00574,Felix,Whitfield,felix.whitfield871@outlook.com,Agent,2024-03-12
CON000872,ACC00575,Tessa,Osei,tessa.osei872@kw.com,Managing Broker,2025-06-17
CON000873,ACC00575,Jordan,Bautista,jordan.bautista873@gmail.com,Marketing Director,2025-06-17
CON000874,ACC00575,Devin,Whitfield,devin.whitfield874@compass.com,Managing Broker,2025-06-17
CON000875,ACC00576,Jordan,Bautista,jordan.bautista875@realtyco.com,Marketing Director,2023-01-15
CON000876,ACC00577,Camille,Lindqvist,camille.lindqvist876@compass.com,Team Lead,2024-07-08
CON000877,ACC00578,Riley,Kaplan,riley.kaplan877@compass.com,Agent,2024-09-08
CON000878,ACC00578,Sasha,Moreau,sasha.moreau878@compass.com,Broker,2024-09-08
CON000879,ACC00578,Owen,Kaplan,owen.kaplan879@compass.com,Managing Broker,2024-09-08
CON000880,ACC00579,Naomi,Delgado,naomi.delgado880@gmail.com,Owner,2026-01-10
CON000881,ACC00579,Tessa,Ahmed,tessa.ahmed881@kw.com,Managing Broker,2026-01-10
CON000882,ACC00579,Felix,Castellanos,felix.castellanos882@realtyco.com,Agent,2026-01-10
CON000883,ACC00580,Naomi,Vasquez,naomi.vasquez883@kw.com,Marketing Director,2025-08-29
CON000884,ACC00581,Maya,Osei,maya.osei884@gmail.com,Managing Broker,2025-07-17
CON000885,ACC00582,Bianca,Lindqvist,bianca.lindqvist885@gmail.com,Marketing Director,2024-04-26
CON000886,ACC00583,Noel,Whitfield,noel.whitfield886@gmail.com,Broker,2025-04-24
CON000887,ACC00584,Tessa,Castellanos,tessa.castellanos887@realtyco.com,Broker,2025-07-20
CON000888,ACC00584,Bianca,Vasquez,bianca.vasquez888@compass.com,Managing Broker,2025-07-20
CON000889,ACC00585,Naomi,Delgado,naomi.delgado889@compass.com,Team Lead,2026-03-10
CON000890,ACC00586,Bianca,Castellanos,bianca.castellanos890@outlook.com,Broker,2023-12-15
CON000891,ACC00586,Skyler,Lindqvist,skyler.lindqvist891@outlook.com,Agent,2023-12-15
CON000892,ACC00586,Avery,Kearney,avery.kearney892@compass.com,Agent,2023-12-15
CON000893,ACC00587,Sasha,Thornton,sasha.thornton893@gmail.com,Team Lead,2024-05-20
CON000894,ACC00588,Rowan,Delgado,rowan.delgado894@outlook.com,Team Lead,2025-10-29
CON000895,ACC00588,Quinn,Osei,quinn.osei895@realtyco.com,Broker,2025-10-29
CON000896,ACC00589,Devin,Whitfield,devin.whitfield896@outlook.com,Managing Broker,2025-04-12
CON000897,ACC00590,Noel,Whitfield,noel.whitfield897@kw.com,Owner,2026-03-14
CON000898,ACC00591,Skyler,Petrova,skyler.petrova898@gmail.com,Managing Broker,2023-01-03
CON000899,ACC00591,Julian,Petrova,julian.petrova899@outlook.com,Broker,2023-01-03
CON000900,ACC00591,Noel,Moreau,noel.moreau900@gmail.com,Broker,2023-01-03
CON000901,ACC00592,Bianca,Bautista,bianca.bautista901@gmail.com,Broker,2024-02-29
CON000902,ACC00592,Skyler,Moreau,skyler.moreau902@kw.com,Owner,2024-02-29
CON000903,ACC00592,Theo,Thornton,theo.thornton903@realtyco.com,Managing Broker,2024-02-29
CON000904,ACC00593,Skyler,Kaplan,skyler.kaplan904@compass.com,Team Lead,2023-03-25
CON000905,ACC00594,Camille,Ahmed,camille.ahmed905@compass.com,Agent,2025-09-06
CON000906,ACC00595,Julian,Whitfield,julian.whitfield906@gmail.com,Managing Broker,2025-02-02
CON000907,ACC00596,Noel,Moreau,noel.moreau907@realtyco.com,Team Lead,2025-07-14
CON000908,ACC00596,Marcus,Kaplan,marcus.kaplan908@kw.com,Owner,2025-07-14
CON000909,ACC00597,Marcus,Bergstrom,marcus.bergstrom909@gmail.com,Owner,2023-06-07
CON000910,ACC00598,Naomi,Petrova,naomi.petrova910@kw.com,Agent,2026-01-13
CON000911,ACC00599,Felix,Vasquez,felix.vasquez911@gmail.com,Broker,2025-11-30
CON000912,ACC00599,Rowan,Nakamura,rowan.nakamura912@compass.com,Agent,2025-11-30
CON000913,ACC00600,Owen,Castellanos,owen.castellanos913@outlook.com,Owner,2025-06-30
CON000914,ACC00601,Jordan,Okonkwo,jordan.okonkwo914@compass.com,Broker,2023-04-07
CON000915,ACC00601,Felix,Lindqvist,felix.lindqvist915@realtyco.com,Marketing Director,2023-04-07
CON000916,ACC00602,Quinn,Osei,quinn.osei916@outlook.com,Broker,2023-11-11
CON000917,ACC00602,Owen,Castellanos,owen.castellanos917@outlook.com,Team Lead,2023-11-11
CON000918,ACC00603,Quinn,Whitfield,quinn.whitfield918@kw.com,Broker,2023-03-13
CON000919,ACC00604,Marcus,Petrova,marcus.petrova919@realtyco.com,Team Lead,2025-10-19
CON000920,ACC00605,Priya,Whitfield,priya.whitfield920@gmail.com,Team Lead,2026-03-20
CON000921,ACC00605,Avery,Halvorsen,avery.halvorsen921@gmail.com,Owner,2026-03-20
CON000922,ACC00605,Casey,Osei,casey.osei922@gmail.com,Marketing Director,2026-03-20
CON000923,ACC00606,Theo,Bautista,theo.bautista923@outlook.com,Broker,2023-08-28
CON000924,ACC00606,Morgan,Whitfield,morgan.whitfield924@realtyco.com,Broker,2023-08-28
CON000925,ACC00607,Tessa,Kaplan,tessa.kaplan925@gmail.com,Managing Broker,2026-04-09
CON000926,ACC00608,Tessa,Kearney,tessa.kearney926@kw.com,Broker,2025-03-18
CON000927,ACC00608,Theo,Whitfield,theo.whitfield927@realtyco.com,Managing Broker,2025-03-18
CON000928,ACC00609,Camille,Ahmed,camille.ahmed928@outlook.com,Team Lead,2025-02-02
CON000929,ACC00610,Grant,Kearney,grant.kearney929@realtyco.com,Marketing Director,2025-05-18
CON000930,ACC00611,Maya,Moreau,maya.moreau930@kw.com,Managing Broker,2023-05-16
CON000931,ACC00611,Felix,Delgado,felix.delgado931@outlook.com,Broker,2023-05-16
CON000932,ACC00611,Owen,Castellanos,owen.castellanos932@outlook.com,Broker,2023-05-16
CON000933,ACC00612,Riley,Moreau,riley.moreau933@kw.com,Team Lead,2023-10-08
CON000934,ACC00612,Theo,Moreau,theo.moreau934@outlook.com,Broker,2023-10-08
CON000935,ACC00612,Elena,Nakamura,elena.nakamura935@realtyco.com,Team Lead,2023-10-08
CON000936,ACC00613,Julian,Bautista,julian.bautista936@compass.com,Marketing Director,2025-08-07
CON000937,ACC00613,Elena,Castellanos,elena.castellanos937@realtyco.com,Managing Broker,2025-08-07
CON000938,ACC00613,Devin,Castellanos,devin.castellanos938@compass.com,Owner,2025-08-07
CON000939,ACC00614,Felix,Petrova,felix.petrova939@gmail.com,Broker,2024-08-12
CON000940,ACC00615,Avery,Castellanos,avery.castellanos940@gmail.com,Broker,2025-01-10
CON000941,ACC00616,Noel,Vasquez,noel.vasquez941@gmail.com,Marketing Director,2023-11-30
CON000942,ACC00617,Camille,Halvorsen,camille.halvorsen942@realtyco.com,Broker,2024-12-30
CON000943,ACC00618,Bianca,Petrova,bianca.petrova943@kw.com,Broker,2023-12-09
CON000944,ACC00618,Julian,Ahmed,julian.ahmed944@compass.com,Managing Broker,2023-12-09
CON000945,ACC00618,Morgan,Ahmed,morgan.ahmed945@compass.com,Team Lead,2023-12-09
CON000946,ACC00619,Quinn,Ahmed,quinn.ahmed946@realtyco.com,Managing Broker,2023-01-27
CON000947,ACC00619,Sasha,Rinaldi,sasha.rinaldi947@gmail.com,Owner,2023-01-27
CON000948,ACC00620,Owen,Ahmed,owen.ahmed948@gmail.com,Team Lead,2024-01-21
CON000949,ACC00620,Tessa,Whitfield,tessa.whitfield949@compass.com,Broker,2024-01-21
CON000950,ACC00621,Morgan,Bergstrom,morgan.bergstrom950@kw.com,Agent,2025-06-24
CON000951,ACC00622,Morgan,Kearney,morgan.kearney951@realtyco.com,Broker,2024-03-05
CON000952,ACC00623,Devin,Lindqvist,devin.lindqvist952@kw.com,Managing Broker,2023-03-09
CON000953,ACC00624,Riley,Bautista,riley.bautista953@outlook.com,Managing Broker,2024-02-25
CON000954,ACC00624,Owen,Delgado,owen.delgado954@outlook.com,Owner,2024-02-25
CON000955,ACC00624,Rowan,Whitfield,rowan.whitfield955@outlook.com,Owner,2024-02-25
CON000956,ACC00625,Felix,Thornton,felix.thornton956@compass.com,Marketing Director,2025-10-22
CON000957,ACC00626,Bianca,Bautista,bianca.bautista957@compass.com,Agent,2023-12-18
CON000958,ACC00627,Devin,Kearney,devin.kearney958@outlook.com,Owner,2023-08-08
CON000959,ACC00627,Owen,Nakamura,owen.nakamura959@realtyco.com,Broker,2023-08-08
CON000960,ACC00627,Morgan,Nakamura,morgan.nakamura960@compass.com,Broker,2023-08-08
CON000961,ACC00628,Casey,Kearney,casey.kearney961@compass.com,Managing Broker,2025-11-30
CON000962,ACC00628,Skyler,Ahmed,skyler.ahmed962@gmail.com,Managing Broker,2025-11-30
CON000963,ACC00628,Marcus,Petrova,marcus.petrova963@compass.com,Managing Broker,2025-11-30
CON000964,ACC00629,Camille,Rinaldi,camille.rinaldi964@realtyco.com,Broker,2025-07-24
CON000965,ACC00630,Marcus,Whitfield,marcus.whitfield965@gmail.com,Team Lead,2025-09-01
CON000966,ACC00630,Maya,Kearney,maya.kearney966@realtyco.com,Broker,2025-09-01
CON000967,ACC00630,Felix,Kaplan,felix.kaplan967@gmail.com,Managing Broker,2025-09-01
CON000968,ACC00631,Casey,Castellanos,casey.castellanos968@kw.com,Broker,2025-03-19
CON000969,ACC00632,Noel,Nakamura,noel.nakamura969@kw.com,Managing Broker,2025-04-07
CON000970,ACC00633,Skyler,Bergstrom,skyler.bergstrom970@realtyco.com,Agent,2025-03-30
CON000971,ACC00633,Rowan,Ahmed,rowan.ahmed971@outlook.com,Managing Broker,2025-03-30
CON000972,ACC00633,Morgan,Castellanos,morgan.castellanos972@outlook.com,Managing Broker,2025-03-30
CON000973,ACC00634,Casey,Ahmed,casey.ahmed973@realtyco.com,Agent,2025-10-15
CON000974,ACC00635,Morgan,Bautista,morgan.bautista974@realtyco.com,Marketing Director,2025-02-22
CON000975,ACC00635,Morgan,Halvorsen,morgan.halvorsen975@outlook.com,Owner,2025-02-22
CON000976,ACC00635,Julian,Lindqvist,julian.lindqvist976@gmail.com,Marketing Director,2025-02-22
CON000977,ACC00636,Felix,Rinaldi,felix.rinaldi977@outlook.com,Agent,2025-10-16
CON000978,ACC00637,Felix,Vasquez,felix.vasquez978@realtyco.com,Agent,2024-10-06
CON000979,ACC00638,Noel,Ahmed,noel.ahmed979@gmail.com,Owner,2025-03-07
CON000980,ACC00639,Julian,Osei,julian.osei980@compass.com,Broker,2024-06-23
CON000981,ACC00640,Maya,Halvorsen,maya.halvorsen981@realtyco.com,Broker,2025-01-20
CON000982,ACC00641,Owen,Moreau,owen.moreau982@gmail.com,Owner,2023-04-26
CON000983,ACC00642,Theo,Thornton,theo.thornton983@outlook.com,Owner,2023-02-10
CON000984,ACC00643,Maya,Osei,maya.osei984@kw.com,Agent,2025-02-12
CON000985,ACC00643,Naomi,Moreau,naomi.moreau985@realtyco.com,Owner,2025-02-12
CON000986,ACC00644,Felix,Ahmed,felix.ahmed986@realtyco.com,Owner,2024-09-05
CON000987,ACC00645,Priya,Osei,priya.osei987@realtyco.com,Team Lead,2025-04-03
CON000988,ACC00645,Riley,Whitfield,riley.whitfield988@gmail.com,Owner,2025-04-03
CON000989,ACC00645,Camille,Bergstrom,camille.bergstrom989@compass.com,Managing Broker,2025-04-03
CON000990,ACC00646,Bianca,Osei,bianca.osei990@realtyco.com,Agent,2025-12-23
CON000991,ACC00647,Maya,Halvorsen,maya.halvorsen991@compass.com,Marketing Director,2025-04-03
CON000992,ACC00648,Noel,Bautista,noel.bautista992@kw.com,Agent,2026-03-27
CON000993,ACC00648,Theo,Moreau,theo.moreau993@compass.com,Owner,2026-03-27
CON000994,ACC00648,Morgan,Moreau,morgan.moreau994@gmail.com,Broker,2026-03-27
CON000995,ACC00649,Devin,Osei,devin.osei995@kw.com,Owner,2025-08-05
CON000996,ACC00650,Jordan,Thornton,jordan.thornton996@kw.com,Managing Broker,2024-06-30
CON000997,ACC00650,Bianca,Bautista,bianca.bautista997@gmail.com,Managing Broker,2024-06-30
CON000998,ACC00650,Naomi,Osei,naomi.osei998@gmail.com,Broker,2024-06-30
CON000999,ACC00651,Bianca,Nakamura,bianca.nakamura999@gmail.com,Owner,2024-09-27
CON001000,ACC00652,Priya,Moreau,priya.moreau1000@realtyco.com,Managing Broker,2024-07-22
CON001001,ACC00653,Avery,Rinaldi,avery.rinaldi1001@realtyco.com,Team Lead,2023-05-11
CON001002,ACC00654,Devin,Thornton,devin.thornton1002@outlook.com,Team Lead,2025-10-21
CON001003,ACC00654,Julian,Okonkwo,julian.okonkwo1003@realtyco.com,Managing Broker,2025-10-21
CON001004,ACC00654,Maya,Ahmed,maya.ahmed1004@outlook.com,Broker,2025-10-21
CON001005,ACC00655,Sasha,Vasquez,sasha.vasquez1005@kw.com,Team Lead,2024-10-03
CON001006,ACC00655,Quinn,Halvorsen,quinn.halvorsen1006@gmail.com,Team Lead,2024-10-03
CON001007,ACC00655,Devin,Kearney,devin.kearney1007@outlook.com,Team Lead,2024-10-03
CON001008,ACC00656,Marcus,Moreau,marcus.moreau1008@gmail.com,Owner,2024-07-16
CON001009,ACC00657,Noel,Vasquez,noel.vasquez1009@compass.com,Managing Broker,2024-05-19
CON001010,ACC00658,Naomi,Nakamura,naomi.nakamura1010@kw.com,Broker,2023-04-22
CON001011,ACC00659,Elena,Halvorsen,elena.halvorsen1011@realtyco.com,Team Lead,2025-03-15
CON001012,ACC00660,Devin,Nakamura,devin.nakamura1012@outlook.com,Team Lead,2024-07-15
CON001013,ACC00660,Avery,Moreau,avery.moreau1013@outlook.com,Marketing Director,2024-07-15
CON001014,ACC00661,Owen,Kearney,owen.kearney1014@realtyco.com,Marketing Director,2025-11-02
CON001015,ACC00661,Sasha,Nakamura,sasha.nakamura1015@kw.com,Marketing Director,2025-11-02
CON001016,ACC00662,Riley,Delgado,riley.delgado1016@gmail.com,Agent,2023-10-06
CON001017,ACC00662,Maya,Petrova,maya.petrova1017@realtyco.com,Broker,2023-10-06
CON001018,ACC00662,Maya,Vasquez,maya.vasquez1018@compass.com,Team Lead,2023-10-06
CON001019,ACC00663,Casey,Petrova,casey.petrova1019@gmail.com,Owner,2023-09-24
CON001020,ACC00663,Marcus,Kaplan,marcus.kaplan1020@realtyco.com,Broker,2023-09-24
CON001021,ACC00664,Jordan,Bergstrom,jordan.bergstrom1021@compass.com,Broker,2024-07-31
CON001022,ACC00664,Grant,Ahmed,grant.ahmed1022@gmail.com,Managing Broker,2024-07-31
CON001023,ACC00665,Maya,Bergstrom,maya.bergstrom1023@outlook.com,Broker,2026-02-17
CON001024,ACC00666,Naomi,Delgado,naomi.delgado1024@outlook.com,Agent,2023-11-02
CON001025,ACC00666,Marcus,Bergstrom,marcus.bergstrom1025@gmail.com,Marketing Director,2023-11-02
CON001026,ACC00667,Julian,Osei,julian.osei1026@compass.com,Marketing Director,2025-10-09
CON001027,ACC00667,Bianca,Delgado,bianca.delgado1027@kw.com,Broker,2025-10-09
CON001028,ACC00668,Owen,Petrova,owen.petrova1028@compass.com,Managing Broker,2024-02-28
CON001029,ACC00669,Felix,Ahmed,felix.ahmed1029@realtyco.com,Team Lead,2024-06-20
CON001030,ACC00670,Devin,Thornton,devin.thornton1030@outlook.com,Team Lead,2025-03-25
CON001031,ACC00670,Sasha,Thornton,sasha.thornton1031@gmail.com,Owner,2025-03-25
CON001032,ACC00671,Casey,Vasquez,casey.vasquez1032@outlook.com,Marketing Director,2024-04-25
CON001033,ACC00672,Bianca,Castellanos,bianca.castellanos1033@gmail.com,Marketing Director,2025-03-19
CON001034,ACC00673,Camille,Kearney,camille.kearney1034@realtyco.com,Agent,2025-08-16
CON001035,ACC00673,Theo,Bergstrom,theo.bergstrom1035@realtyco.com,Owner,2025-08-16
CON001036,ACC00673,Maya,Kearney,maya.kearney1036@outlook.com,Managing Broker,2025-08-16
CON001037,ACC00674,Bianca,Okonkwo,bianca.okonkwo1037@kw.com,Marketing Director,2025-10-19
CON001038,ACC00674,Julian,Halvorsen,julian.halvorsen1038@compass.com,Managing Broker,2025-10-19
CON001039,ACC00675,Riley,Nakamura,riley.nakamura1039@gmail.com,Marketing Director,2025-10-03
CON001040,ACC00676,Julian,Kearney,julian.kearney1040@gmail.com,Team Lead,2025-08-21
CON001041,ACC00677,Maya,Castellanos,maya.castellanos1041@gmail.com,Owner,2025-10-06
CON001042,ACC00677,Devin,Kaplan,devin.kaplan1042@realtyco.com,Marketing Director,2025-10-06
CON001043,ACC00678,Felix,Whitfield,felix.whitfield1043@compass.com,Managing Broker,2024-07-12
CON001044,ACC00678,Tessa,Castellanos,tessa.castellanos1044@kw.com,Broker,2024-07-12
CON001045,ACC00679,Julian,Lindqvist,julian.lindqvist1045@compass.com,Owner,2023-02-23
CON001046,ACC00679,Grant,Lindqvist,grant.lindqvist1046@realtyco.com,Broker,2023-02-23
CON001047,ACC00679,Bianca,Bautista,bianca.bautista1047@kw.com,Broker,2023-02-23
CON001048,ACC00680,Sasha,Vasquez,sasha.vasquez1048@gmail.com,Marketing Director,2025-07-31
CON001049,ACC00681,Jordan,Thornton,jordan.thornton1049@compass.com,Agent,2026-03-11
CON001050,ACC00682,Theo,Kaplan,theo.kaplan1050@compass.com,Managing Broker,2025-02-20
CON001051,ACC00683,Quinn,Delgado,quinn.delgado1051@outlook.com,Marketing Director,2024-08-06
CON001052,ACC00683,Quinn,Nakamura,quinn.nakamura1052@gmail.com,Owner,2024-08-06
CON001053,ACC00683,Camille,Moreau,camille.moreau1053@realtyco.com,Agent,2024-08-06
CON001054,ACC00684,Noel,Petrova,noel.petrova1054@kw.com,Managing Broker,2025-09-29
CON001055,ACC00685,Maya,Halvorsen,maya.halvorsen1055@outlook.com,Team Lead,2025-05-22
CON001056,ACC00686,Quinn,Moreau,quinn.moreau1056@realtyco.com,Team Lead,2025-08-16
CON001057,ACC00687,Quinn,Osei,quinn.osei1057@realtyco.com,Managing Broker,2026-03-10
CON001058,ACC00688,Quinn,Ahmed,quinn.ahmed1058@kw.com,Broker,2024-12-28
CON001059,ACC00689,Rowan,Thornton,rowan.thornton1059@gmail.com,Team Lead,2024-09-01
CON001060,ACC00690,Julian,Moreau,julian.moreau1060@compass.com,Team Lead,2026-05-22
CON001061,ACC00691,Theo,Okonkwo,theo.okonkwo1061@compass.com,Agent,2025-07-31
CON001062,ACC00692,Devin,Moreau,devin.moreau1062@outlook.com,Agent,2023-06-29
CON001063,ACC00692,Owen,Whitfield,owen.whitfield1063@gmail.com,Team Lead,2023-06-29
CON001064,ACC00692,Noel,Lindqvist,noel.lindqvist1064@gmail.com,Marketing Director,2023-06-29
CON001065,ACC00693,Devin,Kaplan,devin.kaplan1065@outlook.com,Broker,2024-05-10
CON001066,ACC00693,Naomi,Halvorsen,naomi.halvorsen1066@outlook.com,Marketing Director,2024-05-10
CON001067,ACC00693,Skyler,Thornton,skyler.thornton1067@gmail.com,Owner,2024-05-10
CON001068,ACC00694,Casey,Thornton,casey.thornton1068@compass.com,Broker,2023-08-27
CON001069,ACC00695,Julian,Nakamura,julian.nakamura1069@compass.com,Broker,2024-08-26
CON001070,ACC00696,Avery,Okonkwo,avery.okonkwo1070@compass.com,Agent,2024-08-18
CON001071,ACC00696,Marcus,Lindqvist,marcus.lindqvist1071@gmail.com,Team Lead,2024-08-18
CON001072,ACC00697,Grant,Nakamura,grant.nakamura1072@compass.com,Marketing Director,2024-10-08
CON001073,ACC00698,Quinn,Moreau,quinn.moreau1073@kw.com,Broker,2025-06-12
CON001074,ACC00699,Casey,Vasquez,casey.vasquez1074@kw.com,Owner,2024-11-25
CON001075,ACC00699,Sasha,Petrova,sasha.petrova1075@kw.com,Agent,2024-11-25
CON001076,ACC00699,Grant,Kearney,grant.kearney1076@gmail.com,Team Lead,2024-11-25
CON001077,ACC00700,Devin,Castellanos,devin.castellanos1077@outlook.com,Managing Broker,2023-11-28
CON001078,ACC00701,Noel,Okonkwo,noel.okonkwo1078@realtyco.com,Agent,2025-05-01
CON001079,ACC00702,Camille,Moreau,camille.moreau1079@compass.com,Agent,2025-10-28
CON001080,ACC00703,Grant,Vasquez,grant.vasquez1080@compass.com,Marketing Director,2024-11-27
CON001081,ACC00704,Maya,Kearney,maya.kearney1081@compass.com,Managing Broker,2023-08-16
CON001082,ACC00704,Sasha,Delgado,sasha.delgado1082@realtyco.com,Team Lead,2023-08-16
CON001083,ACC00704,Casey,Rinaldi,casey.rinaldi1083@outlook.com,Team Lead,2023-08-16
CON001084,ACC00705,Tessa,Petrova,tessa.petrova1084@kw.com,Managing Broker,2025-01-10
CON001085,ACC00705,Riley,Halvorsen,riley.halvorsen1085@gmail.com,Managing Broker,2025-01-10
CON001086,ACC00705,Morgan,Vasquez,morgan.vasquez1086@compass.com,Managing Broker,2025-01-10
CON001087,ACC00706,Noel,Lindqvist,noel.lindqvist1087@kw.com,Team Lead,2023-09-09
CON001088,ACC00706,Grant,Okonkwo,grant.okonkwo1088@compass.com,Agent,2023-09-09
CON001089,ACC00706,Skyler,Kaplan,skyler.kaplan1089@realtyco.com,Marketing Director,2023-09-09
CON001090,ACC00707,Felix,Kearney,felix.kearney1090@outlook.com,Owner,2025-02-01
CON001091,ACC00708,Priya,Okonkwo,priya.okonkwo1091@compass.com,Agent,2025-04-18
CON001092,ACC00709,Marcus,Petrova,marcus.petrova1092@outlook.com,Team Lead,2023-06-23
CON001093,ACC00710,Jordan,Osei,jordan.osei1093@compass.com,Marketing Director,2023-04-29
CON001094,ACC00710,Quinn,Bautista,quinn.bautista1094@realtyco.com,Owner,2023-04-29
CON001095,ACC00710,Maya,Okonkwo,maya.okonkwo1095@outlook.com,Agent,2023-04-29
CON001096,ACC00711,Quinn,Bergstrom,quinn.bergstrom1096@realtyco.com,Agent,2023-10-28
CON001097,ACC00711,Maya,Delgado,maya.delgado1097@kw.com,Broker,2023-10-28
CON001098,ACC00712,Naomi,Whitfield,naomi.whitfield1098@gmail.com,Managing Broker,2024-09-09
CON001099,ACC00712,Skyler,Moreau,skyler.moreau1099@realtyco.com,Agent,2024-09-09
CON001100,ACC00712,Rowan,Vasquez,rowan.vasquez1100@outlook.com,Managing Broker,2024-09-09
CON001101,ACC00713,Rowan,Thornton,rowan.thornton1101@kw.com,Agent,2024-11-28
CON001102,ACC00714,Casey,Castellanos,casey.castellanos1102@compass.com,Broker,2023-05-03
CON001103,ACC00715,Theo,Ahmed,theo.ahmed1103@kw.com,Owner,2023-01-11
CON001104,ACC00716,Maya,Lindqvist,maya.lindqvist1104@outlook.com,Owner,2025-02-12
CON001105,ACC00716,Felix,Ahmed,felix.ahmed1105@kw.com,Owner,2025-02-12
CON001106,ACC00716,Avery,Osei,avery.osei1106@kw.com,Managing Broker,2025-02-12
CON001107,ACC00717,Skyler,Halvorsen,skyler.halvorsen1107@realtyco.com,Marketing Director,2023-06-17
CON001108,ACC00717,Avery,Petrova,avery.petrova1108@gmail.com,Owner,2023-06-17
CON001109,ACC00718,Julian,Castellanos,julian.castellanos1109@outlook.com,Agent,2026-02-18
CON001110,ACC00719,Naomi,Moreau,naomi.moreau1110@gmail.com,Broker,2023-09-18
CON001111,ACC00720,Riley,Nakamura,riley.nakamura1111@compass.com,Team Lead,2025-01-26
CON001112,ACC00720,Quinn,Ahmed,quinn.ahmed1112@kw.com,Team Lead,2025-01-26
CON001113,ACC00721,Sasha,Lindqvist,sasha.lindqvist1113@realtyco.com,Marketing Director,2025-01-30
CON001114,ACC00722,Elena,Moreau,elena.moreau1114@gmail.com,Managing Broker,2024-09-16
CON001115,ACC00723,Skyler,Kaplan,skyler.kaplan1115@compass.com,Managing Broker,2026-03-19
CON001116,ACC00724,Casey,Bautista,casey.bautista1116@gmail.com,Managing Broker,2025-07-08
CON001117,ACC00725,Morgan,Moreau,morgan.moreau1117@outlook.com,Agent,2025-06-26
CON001118,ACC00725,Noel,Nakamura,noel.nakamura1118@gmail.com,Owner,2025-06-26
CON001119,ACC00726,Riley,Bergstrom,riley.bergstrom1119@kw.com,Marketing Director,2026-01-14
CON001120,ACC00727,Julian,Castellanos,julian.castellanos1120@kw.com,Marketing Director,2024-07-17
CON001121,ACC00727,Jordan,Bautista,jordan.bautista1121@outlook.com,Broker,2024-07-17
CON001122,ACC00728,Felix,Vasquez,felix.vasquez1122@gmail.com,Marketing Director,2023-04-03
CON001123,ACC00729,Avery,Castellanos,avery.castellanos1123@realtyco.com,Team Lead,2023-07-06
CON001124,ACC00730,Quinn,Thornton,quinn.thornton1124@kw.com,Broker,2025-04-14
CON001125,ACC00731,Naomi,Okonkwo,naomi.okonkwo1125@kw.com,Managing Broker,2024-10-25
CON001126,ACC00732,Marcus,Bautista,marcus.bautista1126@gmail.com,Broker,2025-10-30
CON001127,ACC00733,Quinn,Delgado,quinn.delgado1127@realtyco.com,Owner,2024-04-23
CON001128,ACC00734,Felix,Rinaldi,felix.rinaldi1128@gmail.com,Managing Broker,2025-04-13
CON001129,ACC00735,Rowan,Bautista,rowan.bautista1129@realtyco.com,Marketing Director,2025-05-17
CON001130,ACC00736,Casey,Kearney,casey.kearney1130@realtyco.com,Agent,2025-02-17
CON001131,ACC00737,Morgan,Kaplan,morgan.kaplan1131@kw.com,Marketing Director,2023-07-03
CON001132,ACC00738,Avery,Nakamura,avery.nakamura1132@realtyco.com,Team Lead,2024-10-13
CON001133,ACC00738,Jordan,Castellanos,jordan.castellanos1133@gmail.com,Owner,2024-10-13
CON001134,ACC00738,Rowan,Whitfield,rowan.whitfield1134@kw.com,Agent,2024-10-13
CON001135,ACC00739,Bianca,Okonkwo,bianca.okonkwo1135@kw.com,Marketing Director,2026-05-12
CON001136,ACC00740,Morgan,Bergstrom,morgan.bergstrom1136@gmail.com,Marketing Director,2025-09-28
CON001137,ACC00741,Sasha,Kaplan,sasha.kaplan1137@gmail.com,Owner,2025-02-09
CON001138,ACC00742,Camille,Petrova,camille.petrova1138@realtyco.com,Owner,2023-02-10
CON001139,ACC00743,Noel,Rinaldi,noel.rinaldi1139@outlook.com,Owner,2024-03-28
CON001140,ACC00743,Camille,Ahmed,camille.ahmed1140@realtyco.com,Owner,2024-03-28
CON001141,ACC00743,Julian,Halvorsen,julian.halvorsen1141@outlook.com,Managing Broker,2024-03-28
CON001142,ACC00744,Sasha,Thornton,sasha.thornton1142@outlook.com,Broker,2025-03-22
CON001143,ACC00745,Naomi,Nakamura,naomi.nakamura1143@kw.com,Team Lead,2026-05-19
CON001144,ACC00745,Quinn,Thornton,quinn.thornton1144@gmail.com,Managing Broker,2026-05-19
CON001145,ACC00746,Casey,Okonkwo,casey.okonkwo1145@kw.com,Managing Broker,2024-07-15
CON001146,ACC00746,Maya,Kearney,maya.kearney1146@outlook.com,Managing Broker,2024-07-15
CON001147,ACC00747,Naomi,Thornton,naomi.thornton1147@outlook.com,Managing Broker,2023-04-17
CON001148,ACC00748,Tessa,Rinaldi,tessa.rinaldi1148@kw.com,Managing Broker,2024-04-04
CON001149,ACC00748,Noel,Rinaldi,noel.rinaldi1149@realtyco.com,Team Lead,2024-04-04
CON001150,ACC00749,Priya,Petrova,priya.petrova1150@outlook.com,Owner,2026-03-17
CON001151,ACC00750,Owen,Delgado,owen.delgado1151@outlook.com,Broker,2023-07-18
CON001152,ACC00751,Skyler,Delgado,skyler.delgado1152@compass.com,Team Lead,2023-04-22
CON001153,ACC00751,Julian,Kearney,julian.kearney1153@kw.com,Team Lead,2023-04-22
CON001154,ACC00751,Naomi,Lindqvist,naomi.lindqvist1154@outlook.com,Managing Broker,2023-04-22
CON001155,ACC00752,Casey,Halvorsen,casey.halvorsen1155@gmail.com,Marketing Director,2023-05-05
CON001156,ACC00753,Julian,Lindqvist,julian.lindqvist1156@compass.com,Managing Broker,2025-06-03
CON001157,ACC00753,Jordan,Delgado,jordan.delgado1157@outlook.com,Team Lead,2025-06-03
CON001158,ACC00753,Sasha,Nakamura,sasha.nakamura1158@kw.com,Marketing Director,2025-06-03
CON001159,ACC00754,Quinn,Rinaldi,quinn.rinaldi1159@gmail.com,Owner,2025-04-21
CON001160,ACC00754,Skyler,Petrova,skyler.petrova1160@compass.com,Owner,2025-04-21
CON001161,ACC00755,Elena,Castellanos,elena.castellanos1161@kw.com,Marketing Director,2024-11-26
CON001162,ACC00756,Casey,Osei,casey.osei1162@realtyco.com,Managing Broker,2024-02-01
CON001163,ACC00757,Rowan,Castellanos,rowan.castellanos1163@kw.com,Team Lead,2023-04-01
CON001164,ACC00758,Theo,Bautista,theo.bautista1164@gmail.com,Owner,2026-05-20
CON001165,ACC00758,Morgan,Kaplan,morgan.kaplan1165@gmail.com,Agent,2026-05-20
CON001166,ACC00758,Avery,Okonkwo,avery.okonkwo1166@realtyco.com,Agent,2026-05-20
CON001167,ACC00759,Priya,Thornton,priya.thornton1167@outlook.com,Owner,2024-02-05
CON001168,ACC00760,Skyler,Lindqvist,skyler.lindqvist1168@gmail.com,Team Lead,2024-11-09
CON001169,ACC00761,Priya,Rinaldi,priya.rinaldi1169@kw.com,Team Lead,2024-04-01
CON001170,ACC00761,Maya,Nakamura,maya.nakamura1170@realtyco.com,Team Lead,2024-04-01
CON001171,ACC00761,Morgan,Kearney,morgan.kearney1171@outlook.com,Broker,2024-04-01
CON001172,ACC00762,Quinn,Osei,quinn.osei1172@gmail.com,Marketing Director,2023-01-14
CON001173,ACC00763,Tessa,Nakamura,tessa.nakamura1173@compass.com,Marketing Director,2025-01-07
CON001174,ACC00763,Naomi,Halvorsen,naomi.halvorsen1174@realtyco.com,Owner,2025-01-07
CON001175,ACC00763,Rowan,Moreau,rowan.moreau1175@outlook.com,Managing Broker,2025-01-07
CON001176,ACC00764,Morgan,Okonkwo,morgan.okonkwo1176@outlook.com,Managing Broker,2026-02-09
CON001177,ACC00765,Noel,Halvorsen,noel.halvorsen1177@outlook.com,Agent,2023-08-16
CON001178,ACC00765,Bianca,Thornton,bianca.thornton1178@kw.com,Marketing Director,2023-08-16
CON001179,ACC00766,Quinn,Rinaldi,quinn.rinaldi1179@gmail.com,Managing Broker,2025-06-07
CON001180,ACC00766,Grant,Thornton,grant.thornton1180@realtyco.com,Agent,2025-06-07
CON001181,ACC00766,Devin,Kaplan,devin.kaplan1181@outlook.com,Broker,2025-06-07
CON001182,ACC00767,Theo,Lindqvist,theo.lindqvist1182@kw.com,Broker,2024-05-15
CON001183,ACC00768,Morgan,Delgado,morgan.delgado1183@realtyco.com,Team Lead,2024-07-27
CON001184,ACC00769,Maya,Kaplan,maya.kaplan1184@realtyco.com,Marketing Director,2025-11-07
CON001185,ACC00770,Avery,Osei,avery.osei1185@outlook.com,Team Lead,2025-12-12
CON001186,ACC00770,Elena,Delgado,elena.delgado1186@compass.com,Team Lead,2025-12-12
CON001187,ACC00771,Owen,Whitfield,owen.whitfield1187@kw.com,Team Lead,2024-02-20
CON001188,ACC00772,Quinn,Okonkwo,quinn.okonkwo1188@outlook.com,Owner,2023-06-23
CON001189,ACC00773,Elena,Rinaldi,elena.rinaldi1189@kw.com,Team Lead,2024-11-19
CON001190,ACC00773,Jordan,Ahmed,jordan.ahmed1190@kw.com,Owner,2024-11-19
CON001191,ACC00774,Riley,Vasquez,riley.vasquez1191@compass.com,Agent,2024-04-23
CON001192,ACC00775,Casey,Whitfield,casey.whitfield1192@compass.com,Agent,2025-01-07
CON001193,ACC00776,Noel,Delgado,noel.delgado1193@kw.com,Managing Broker,2023-10-10
CON001194,ACC00776,Noel,Okonkwo,noel.okonkwo1194@realtyco.com,Owner,2023-10-10
CON001195,ACC00777,Priya,Thornton,priya.thornton1195@compass.com,Managing Broker,2025-11-15
CON001196,ACC00777,Tessa,Vasquez,tessa.vasquez1196@outlook.com,Team Lead,2025-11-15
CON001197,ACC00778,Elena,Kearney,elena.kearney1197@outlook.com,Managing Broker,2025-08-02
CON001198,ACC00778,Marcus,Ahmed,marcus.ahmed1198@gmail.com,Managing Broker,2025-08-02
CON001199,ACC00778,Grant,Kaplan,grant.kaplan1199@realtyco.com,Marketing Director,2025-08-02
CON001200,ACC00779,Morgan,Whitfield,morgan.whitfield1200@outlook.com,Agent,2023-10-12
CON001201,ACC00780,Riley,Nakamura,riley.nakamura1201@realtyco.com,Agent,2025-04-06
CON001202,ACC00781,Bianca,Bergstrom,bianca.bergstrom1202@gmail.com,Agent,2026-03-21
CON001203,ACC00782,Felix,Whitfield,felix.whitfield1203@realtyco.com,Marketing Director,2025-07-13
CON001204,ACC00783,Riley,Castellanos,riley.castellanos1204@compass.com,Owner,2023-05-23
CON001205,ACC00784,Julian,Vasquez,julian.vasquez1205@gmail.com,Marketing Director,2025-04-21
CON001206,ACC00785,Morgan,Okonkwo,morgan.okonkwo1206@outlook.com,Broker,2024-02-26
CON001207,ACC00786,Felix,Kaplan,felix.kaplan1207@outlook.com,Agent,2025-07-28
CON001208,ACC00787,Riley,Whitfield,riley.whitfield1208@kw.com,Owner,2025-10-02
CON001209,ACC00787,Rowan,Delgado,rowan.delgado1209@gmail.com,Owner,2025-10-02
CON001210,ACC00787,Riley,Petrova,riley.petrova1210@realtyco.com,Owner,2025-10-02
CON001211,ACC00788,Owen,Delgado,owen.delgado1211@kw.com,Broker,2023-12-25
CON001212,ACC00789,Maya,Halvorsen,maya.halvorsen1212@compass.com,Owner,2023-03-31
CON001213,ACC00790,Camille,Lindqvist,camille.lindqvist1213@compass.com,Agent,2025-04-22
CON001214,ACC00791,Quinn,Bautista,quinn.bautista1214@gmail.com,Agent,2025-08-04
CON001215,ACC00791,Quinn,Delgado,quinn.delgado1215@realtyco.com,Broker,2025-08-04
CON001216,ACC00792,Sasha,Delgado,sasha.delgado1216@gmail.com,Owner,2024-05-28
CON001217,ACC00793,Skyler,Nakamura,skyler.nakamura1217@realtyco.com,Broker,2025-06-15
CON001218,ACC00794,Quinn,Petrova,quinn.petrova1218@compass.com,Team Lead,2025-03-11
CON001219,ACC00795,Tessa,Bautista,tessa.bautista1219@realtyco.com,Broker,2025-12-26
CON001220,ACC00795,Tessa,Ahmed,tessa.ahmed1220@realtyco.com,Owner,2025-12-26
CON001221,ACC00795,Rowan,Bautista,rowan.bautista1221@gmail.com,Owner,2025-12-26
CON001222,ACC00796,Elena,Lindqvist,elena.lindqvist1222@outlook.com,Agent,2023-04-10
CON001223,ACC00796,Jordan,Kaplan,jordan.kaplan1223@kw.com,Team Lead,2023-04-10
CON001224,ACC00796,Felix,Okonkwo,felix.okonkwo1224@compass.com,Managing Broker,2023-04-10
CON001225,ACC00797,Grant,Rinaldi,grant.rinaldi1225@gmail.com,Owner,2024-11-21
CON001226,ACC00798,Riley,Vasquez,riley.vasquez1226@compass.com,Team Lead,2024-10-31
CON001227,ACC00798,Maya,Kaplan,maya.kaplan1227@compass.com,Team Lead,2024-10-31
CON001228,ACC00798,Felix,Vasquez,felix.vasquez1228@kw.com,Team Lead,2024-10-31
CON001229,ACC00799,Felix,Halvorsen,felix.halvorsen1229@realtyco.com,Managing Broker,2024-10-24
CON001230,ACC00800,Camille,Vasquez,camille.vasquez1230@compass.com,Owner,2024-07-24
CON001231,ACC00800,Skyler,Bergstrom,skyler.bergstrom1231@compass.com,Broker,2024-07-24
CON001232,ACC00801,Jordan,Thornton,jordan.thornton1232@kw.com,Managing Broker,2023-07-14
CON001233,ACC00802,Priya,Petrova,priya.petrova1233@kw.com,Managing Broker,2025-09-14
CON001234,ACC00802,Julian,Castellanos,julian.castellanos1234@outlook.com,Owner,2025-09-14
CON001235,ACC00803,Tessa,Whitfield,tessa.whitfield1235@outlook.com,Team Lead,2023-01-28
CON001236,ACC00803,Noel,Castellanos,noel.castellanos1236@kw.com,Team Lead,2023-01-28
CON001237,ACC00804,Avery,Osei,avery.osei1237@outlook.com,Broker,2025-02-06
CON001238,ACC00805,Bianca,Nakamura,bianca.nakamura1238@outlook.com,Agent,2024-10-12
CON001239,ACC00806,Avery,Petrova,avery.petrova1239@kw.com,Broker,2023-04-21
CON001240,ACC00807,Priya,Delgado,priya.delgado1240@gmail.com,Managing Broker,2023-05-13
CON001241,ACC00807,Noel,Nakamura,noel.nakamura1241@realtyco.com,Marketing Director,2023-05-13
CON001242,ACC00808,Rowan,Delgado,rowan.delgado1242@kw.com,Marketing Director,2024-02-23
CON001243,ACC00808,Felix,Halvorsen,felix.halvorsen1243@kw.com,Managing Broker,2024-02-23
CON001244,ACC00809,Quinn,Halvorsen,quinn.halvorsen1244@gmail.com,Team Lead,2024-05-24
CON001245,ACC00810,Morgan,Kaplan,morgan.kaplan1245@realtyco.com,Owner,2023-12-10
CON001246,ACC00811,Camille,Lindqvist,camille.lindqvist1246@outlook.com,Broker,2023-06-20
CON001247,ACC00812,Owen,Halvorsen,owen.halvorsen1247@outlook.com,Managing Broker,2026-02-25
CON001248,ACC00813,Avery,Lindqvist,avery.lindqvist1248@outlook.com,Team Lead,2025-02-05
CON001249,ACC00813,Naomi,Lindqvist,naomi.lindqvist1249@compass.com,Managing Broker,2025-02-05
CON001250,ACC00814,Theo,Moreau,theo.moreau1250@compass.com,Broker,2023-03-21
CON001251,ACC00815,Marcus,Vasquez,marcus.vasquez1251@realtyco.com,Owner,2025-01-24
CON001252,ACC00815,Casey,Thornton,casey.thornton1252@compass.com,Managing Broker,2025-01-24
CON001253,ACC00815,Riley,Whitfield,riley.whitfield1253@kw.com,Team Lead,2025-01-24
CON001254,ACC00816,Rowan,Delgado,rowan.delgado1254@realtyco.com,Owner,2023-10-30
CON001255,ACC00816,Rowan,Vasquez,rowan.vasquez1255@kw.com,Team Lead,2023-10-30
CON001256,ACC00817,Sasha,Vasquez,sasha.vasquez1256@compass.com,Team Lead,2023-07-09
CON001257,ACC00818,Skyler,Castellanos,skyler.castellanos1257@realtyco.com,Owner,2025-12-27
CON001258,ACC00818,Bianca,Bergstrom,bianca.bergstrom1258@compass.com,Marketing Director,2025-12-27
CON001259,ACC00818,Rowan,Bergstrom,rowan.bergstrom1259@kw.com,Marketing Director,2025-12-27
CON001260,ACC00819,Camille,Whitfield,camille.whitfield1260@realtyco.com,Marketing Director,2024-03-05
CON001261,ACC00820,Noel,Castellanos,noel.castellanos1261@compass.com,Team Lead,2024-08-13
CON001262,ACC00821,Riley,Bautista,riley.bautista1262@kw.com,Managing Broker,2024-03-11
CON001263,ACC00822,Theo,Ahmed,theo.ahmed1263@gmail.com,Managing Broker,2023-12-07
CON001264,ACC00823,Skyler,Ahmed,skyler.ahmed1264@outlook.com,Team Lead,2023-07-26
CON001265,ACC00823,Jordan,Halvorsen,jordan.halvorsen1265@outlook.com,Broker,2023-07-26
CON001266,ACC00824,Avery,Vasquez,avery.vasquez1266@realtyco.com,Marketing Director,2024-06-28
CON001267,ACC00824,Camille,Kearney,camille.kearney1267@outlook.com,Team Lead,2024-06-28
CON001268,ACC00824,Priya,Halvorsen,priya.halvorsen1268@realtyco.com,Marketing Director,2024-06-28
CON001269,ACC00825,Skyler,Delgado,skyler.delgado1269@compass.com,Marketing Director,2025-01-09
CON001270,ACC00825,Morgan,Lindqvist,morgan.lindqvist1270@gmail.com,Owner,2025-01-09
CON001271,ACC00825,Skyler,Bautista,skyler.bautista1271@compass.com,Team Lead,2025-01-09
CON001272,ACC00826,Noel,Osei,noel.osei1272@gmail.com,Team Lead,2023-10-12
CON001273,ACC00827,Skyler,Castellanos,skyler.castellanos1273@realtyco.com,Agent,2024-01-20
CON001274,ACC00827,Avery,Osei,avery.osei1274@gmail.com,Team Lead,2024-01-20
CON001275,ACC00828,Julian,Castellanos,julian.castellanos1275@kw.com,Owner,2025-09-19
CON001276,ACC00829,Sasha,Nakamura,sasha.nakamura1276@compass.com,Managing Broker,2023-10-21
CON001277,ACC00829,Priya,Moreau,priya.moreau1277@realtyco.com,Managing Broker,2023-10-21
CON001278,ACC00830,Skyler,Rinaldi,skyler.rinaldi1278@realtyco.com,Broker,2024-05-08
CON001279,ACC00830,Bianca,Castellanos,bianca.castellanos1279@realtyco.com,Agent,2024-05-08
CON001280,ACC00831,Jordan,Vasquez,jordan.vasquez1280@compass.com,Managing Broker,2024-07-28
CON001281,ACC00832,Casey,Vasquez,casey.vasquez1281@kw.com,Marketing Director,2024-11-12
CON001282,ACC00832,Avery,Osei,avery.osei1282@realtyco.com,Managing Broker,2024-11-12
CON001283,ACC00833,Priya,Okonkwo,priya.okonkwo1283@realtyco.com,Team Lead,2025-06-13
CON001284,ACC00834,Bianca,Okonkwo,bianca.okonkwo1284@compass.com,Agent,2023-08-26
CON001285,ACC00834,Felix,Castellanos,felix.castellanos1285@kw.com,Agent,2023-08-26
CON001286,ACC00834,Riley,Castellanos,riley.castellanos1286@outlook.com,Agent,2023-08-26
CON001287,ACC00835,Quinn,Bergstrom,quinn.bergstrom1287@gmail.com,Team Lead,2025-05-17
CON001288,ACC00835,Devin,Vasquez,devin.vasquez1288@gmail.com,Managing Broker,2025-05-17
CON001289,ACC00835,Priya,Kaplan,priya.kaplan1289@kw.com,Managing Broker,2025-05-17
CON001290,ACC00836,Sasha,Okonkwo,sasha.okonkwo1290@compass.com,Managing Broker,2024-08-30
CON001291,ACC00837,Noel,Castellanos,noel.castellanos1291@compass.com,Agent,2024-09-24
CON001292,ACC00837,Skyler,Rinaldi,skyler.rinaldi1292@outlook.com,Agent,2024-09-24
CON001293,ACC00837,Elena,Bergstrom,elena.bergstrom1293@outlook.com,Agent,2024-09-24
CON001294,ACC00838,Naomi,Kearney,naomi.kearney1294@gmail.com,Agent,2024-11-13
CON001295,ACC00839,Naomi,Bergstrom,naomi.bergstrom1295@kw.com,Agent,2023-11-23
CON001296,ACC00840,Rowan,Bergstrom,rowan.bergstrom1296@outlook.com,Broker,2024-08-02
CON001297,ACC00841,Priya,Vasquez,priya.vasquez1297@kw.com,Owner,2024-09-14
CON001298,ACC00841,Grant,Petrova,grant.petrova1298@gmail.com,Marketing Director,2024-09-14
CON001299,ACC00841,Marcus,Halvorsen,marcus.halvorsen1299@gmail.com,Owner,2024-09-14
CON001300,ACC00842,Maya,Osei,maya.osei1300@compass.com,Agent,2024-02-05
CON001301,ACC00842,Jordan,Delgado,jordan.delgado1301@compass.com,Agent,2024-02-05
CON001302,ACC00842,Skyler,Bergstrom,skyler.bergstrom1302@compass.com,Managing Broker,2024-02-05
CON001303,ACC00843,Avery,Thornton,avery.thornton1303@gmail.com,Marketing Director,2025-08-28
CON001304,ACC00844,Devin,Bautista,devin.bautista1304@outlook.com,Managing Broker,2023-09-01
CON001305,ACC00845,Casey,Kearney,casey.kearney1305@gmail.com,Owner,2025-02-21
CON001306,ACC00846,Theo,Lindqvist,theo.lindqvist1306@realtyco.com,Marketing Director,2025-11-09
CON001307,ACC00846,Devin,Bautista,devin.bautista1307@kw.com,Broker,2025-11-09
CON001308,ACC00846,Skyler,Ahmed,skyler.ahmed1308@realtyco.com,Broker,2025-11-09
CON001309,ACC00847,Priya,Ahmed,priya.ahmed1309@kw.com,Agent,2025-06-07
CON001310,ACC00848,Marcus,Rinaldi,marcus.rinaldi1310@gmail.com,Managing Broker,2025-12-21
CON001311,ACC00848,Theo,Bautista,theo.bautista1311@kw.com,Broker,2025-12-21
CON001312,ACC00848,Quinn,Moreau,quinn.moreau1312@gmail.com,Managing Broker,2025-12-21
CON001313,ACC00849,Felix,Delgado,felix.delgado1313@outlook.com,Marketing Director,2023-01-11
CON001314,ACC00850,Felix,Lindqvist,felix.lindqvist1314@outlook.com,Marketing Director,2023-03-13
CON001315,ACC00851,Marcus,Thornton,marcus.thornton1315@kw.com,Agent,2025-11-29
CON001316,ACC00852,Naomi,Bergstrom,naomi.bergstrom1316@compass.com,Team Lead,2023-07-22
CON001317,ACC00852,Skyler,Bautista,skyler.bautista1317@gmail.com,Team Lead,2023-07-22
CON001318,ACC00852,Avery,Delgado,avery.delgado1318@outlook.com,Team Lead,2023-07-22
CON001319,ACC00853,Camille,Petrova,camille.petrova1319@realtyco.com,Managing Broker,2024-07-22
CON001320,ACC00854,Noel,Nakamura,noel.nakamura1320@kw.com,Managing Broker,2024-06-04
CON001321,ACC00855,Theo,Lindqvist,theo.lindqvist1321@outlook.com,Agent,2026-02-28
CON001322,ACC00855,Theo,Moreau,theo.moreau1322@gmail.com,Agent,2026-02-28
CON001323,ACC00855,Theo,Okonkwo,theo.okonkwo1323@gmail.com,Team Lead,2026-02-28
CON001324,ACC00856,Avery,Lindqvist,avery.lindqvist1324@kw.com,Managing Broker,2025-12-24
CON001325,ACC00857,Bianca,Nakamura,bianca.nakamura1325@gmail.com,Agent,2024-04-07
CON001326,ACC00857,Devin,Delgado,devin.delgado1326@outlook.com,Managing Broker,2024-04-07
CON001327,ACC00857,Felix,Thornton,felix.thornton1327@gmail.com,Team Lead,2024-04-07
CON001328,ACC00858,Naomi,Whitfield,naomi.whitfield1328@realtyco.com,Agent,2024-09-19
CON001329,ACC00858,Morgan,Lindqvist,morgan.lindqvist1329@outlook.com,Team Lead,2024-09-19
CON001330,ACC00859,Skyler,Moreau,skyler.moreau1330@gmail.com,Managing Broker,2023-12-16
CON001331,ACC00859,Quinn,Whitfield,quinn.whitfield1331@gmail.com,Agent,2023-12-16
CON001332,ACC00860,Felix,Bergstrom,felix.bergstrom1332@kw.com,Marketing Director,2025-11-17
CON001333,ACC00861,Sasha,Ahmed,sasha.ahmed1333@realtyco.com,Agent,2025-05-06
CON001334,ACC00861,Maya,Halvorsen,maya.halvorsen1334@gmail.com,Owner,2025-05-06
CON001335,ACC00861,Maya,Castellanos,maya.castellanos1335@outlook.com,Agent,2025-05-06
CON001336,ACC00862,Noel,Petrova,noel.petrova1336@gmail.com,Agent,2023-06-28
CON001337,ACC00863,Tessa,Rinaldi,tessa.rinaldi1337@kw.com,Broker,2023-06-23
CON001338,ACC00863,Avery,Okonkwo,avery.okonkwo1338@gmail.com,Team Lead,2023-06-23
CON001339,ACC00864,Marcus,Halvorsen,marcus.halvorsen1339@outlook.com,Team Lead,2025-04-10
CON001340,ACC00864,Avery,Ahmed,avery.ahmed1340@outlook.com,Broker,2025-04-10
CON001341,ACC00864,Maya,Rinaldi,maya.rinaldi1341@gmail.com,Owner,2025-04-10
CON001342,ACC00865,Jordan,Osei,jordan.osei1342@compass.com,Owner,2025-07-07
CON001343,ACC00866,Rowan,Okonkwo,rowan.okonkwo1343@realtyco.com,Team Lead,2025-05-15
CON001344,ACC00866,Riley,Thornton,riley.thornton1344@kw.com,Managing Broker,2025-05-15
CON001345,ACC00867,Sasha,Nakamura,sasha.nakamura1345@realtyco.com,Owner,2024-08-24
CON001346,ACC00868,Felix,Kearney,felix.kearney1346@compass.com,Broker,2023-03-14
CON001347,ACC00868,Priya,Thornton,priya.thornton1347@kw.com,Broker,2023-03-14
CON001348,ACC00869,Bianca,Petrova,bianca.petrova1348@realtyco.com,Managing Broker,2023-01-11
CON001349,ACC00870,Devin,Lindqvist,devin.lindqvist1349@outlook.com,Owner,2025-11-19
CON001350,ACC00871,Camille,Kearney,camille.kearney1350@kw.com,Team Lead,2025-05-27
CON001351,ACC00872,Tessa,Kaplan,tessa.kaplan1351@compass.com,Team Lead,2024-02-11
CON001352,ACC00873,Priya,Thornton,priya.thornton1352@kw.com,Managing Broker,2025-09-08
CON001353,ACC00874,Sasha,Nakamura,sasha.nakamura1353@gmail.com,Team Lead,2023-08-09
CON001354,ACC00875,Naomi,Castellanos,naomi.castellanos1354@compass.com,Team Lead,2023-01-17
CON001355,ACC00875,Sasha,Nakamura,sasha.nakamura1355@compass.com,Broker,2023-01-17
CON001356,ACC00875,Skyler,Petrova,skyler.petrova1356@gmail.com,Managing Broker,2023-01-17
CON001357,ACC00876,Morgan,Bautista,morgan.bautista1357@compass.com,Agent,2024-07-29
CON001358,ACC00877,Morgan,Whitfield,morgan.whitfield1358@realtyco.com,Marketing Director,2024-01-22
CON001359,ACC00877,Grant,Nakamura,grant.nakamura1359@outlook.com,Owner,2024-01-22
CON001360,ACC00877,Maya,Vasquez,maya.vasquez1360@kw.com,Agent,2024-01-22
CON001361,ACC00878,Felix,Thornton,felix.thornton1361@compass.com,Managing Broker,2023-07-06
CON001362,ACC00878,Owen,Petrova,owen.petrova1362@outlook.com,Marketing Director,2023-07-06
CON001363,ACC00879,Felix,Osei,felix.osei1363@gmail.com,Broker,2023-04-16
CON001364,ACC00879,Naomi,Rinaldi,naomi.rinaldi1364@outlook.com,Owner,2023-04-16
CON001365,ACC00880,Skyler,Whitfield,skyler.whitfield1365@compass.com,Agent,2023-04-17
CON001366,ACC00881,Camille,Castellanos,camille.castellanos1366@gmail.com,Owner,2023-08-17
CON001367,ACC00882,Rowan,Petrova,rowan.petrova1367@realtyco.com,Broker,2024-05-02
CON001368,ACC00882,Sasha,Moreau,sasha.moreau1368@outlook.com,Agent,2024-05-02
CON001369,ACC00883,Avery,Lindqvist,avery.lindqvist1369@gmail.com,Broker,2024-01-26
CON001370,ACC00884,Grant,Kaplan,grant.kaplan1370@gmail.com,Team Lead,2023-03-31
CON001371,ACC00885,Morgan,Osei,morgan.osei1371@realtyco.com,Owner,2023-05-19
CON001372,ACC00885,Noel,Whitfield,noel.whitfield1372@compass.com,Team Lead,2023-05-19
CON001373,ACC00886,Noel,Thornton,noel.thornton1373@outlook.com,Team Lead,2023-05-05
CON001374,ACC00886,Tessa,Halvorsen,tessa.halvorsen1374@compass.com,Marketing Director,2023-05-05
CON001375,ACC00887,Grant,Halvorsen,grant.halvorsen1375@gmail.com,Managing Broker,2025-03-31
CON001376,ACC00888,Devin,Whitfield,devin.whitfield1376@realtyco.com,Owner,2025-12-11
CON001377,ACC00888,Camille,Petrova,camille.petrova1377@compass.com,Agent,2025-12-11
CON001378,ACC00889,Tessa,Thornton,tessa.thornton1378@kw.com,Agent,2023-03-22
CON001379,ACC00890,Noel,Okonkwo,noel.okonkwo1379@kw.com,Agent,2024-12-12
CON001380,ACC00891,Elena,Kearney,elena.kearney1380@gmail.com,Agent,2023-01-22
CON001381,ACC00891,Rowan,Moreau,rowan.moreau1381@kw.com,Managing Broker,2023-01-22
CON001382,ACC00892,Priya,Bergstrom,priya.bergstrom1382@compass.com,Managing Broker,2025-02-21
CON001383,ACC00892,Jordan,Vasquez,jordan.vasquez1383@realtyco.com,Marketing Director,2025-02-21
CON001384,ACC00892,Maya,Rinaldi,maya.rinaldi1384@outlook.com,Marketing Director,2025-02-21
CON001385,ACC00893,Morgan,Whitfield,morgan.whitfield1385@outlook.com,Marketing Director,2025-03-20
CON001386,ACC00893,Grant,Whitfield,grant.whitfield1386@compass.com,Managing Broker,2025-03-20
CON001387,ACC00894,Riley,Bautista,riley.bautista1387@outlook.com,Managing Broker,2024-01-14
CON001388,ACC00895,Maya,Petrova,maya.petrova1388@compass.com,Owner,2026-05-29
CON001389,ACC00895,Felix,Okonkwo,felix.okonkwo1389@realtyco.com,Marketing Director,2026-05-29
CON001390,ACC00896,Morgan,Bautista,morgan.bautista1390@kw.com,Broker,2023-01-25
CON001391,ACC00897,Julian,Lindqvist,julian.lindqvist1391@outlook.com,Agent,2026-05-13
CON001392,ACC00898,Theo,Vasquez,theo.vasquez1392@kw.com,Agent,2026-02-26
CON001393,ACC00898,Grant,Castellanos,grant.castellanos1393@gmail.com,Broker,2026-02-26
CON001394,ACC00899,Camille,Bergstrom,camille.bergstrom1394@gmail.com,Managing Broker,2023-09-10
CON001395,ACC00899,Felix,Nakamura,felix.nakamura1395@kw.com,Agent,2023-09-10
CON001396,ACC00900,Quinn,Bergstrom,quinn.bergstrom1396@realtyco.com,Owner,2023-02-19
CON001397,ACC00900,Bianca,Halvorsen,bianca.halvorsen1397@outlook.com,Owner,2023-02-19
CON001398,ACC00599,Felix,Vasquez,felix.vasquez911@gmail.com,Broker,2025-11-30
CON001399,ACC00153,Rowan,Moreau,rowan.moreau238@outlook.com,Agent,2025-03-02
CON001400,ACC00131,Elena,Vasquez,elena.vasquez208@compass.com,Managing Broker,2023-04-27
CON001401,ACC00218,Grant,Bautista,grant.bautista337@realtyco.com,Broker,2024-11-22
CON001402,ACC00183,Naomi,Petrova,naomi.petrova286@kw.com,Managing Broker,2025-08-23
CON001403,ACC00174,Owen,Vasquez,owen.vasquez271@compass.com,Agent,2024-05-08
CON001404,ACC00807,Priya,Delgado,priya.delgado1240@gmail.com,Managing Broker,2023-05-13
CON001405,ACC00751,Julian,Kearney,julian.kearney1153@kw.com,Team Lead,2023-04-22
CON001406,ACC00036,Quinn,Kearney,quinn.kearney49@gmail.com,Agent,2024-06-27
CON001407,ACC00591,Skyler,Petrova,skyler.petrova898@gmail.com,Managing Broker,2023-01-03
CON001408,ACC00662,Maya,Petrova,maya.petrova1017@realtyco.com,Broker,2023-10-06
CON001409,ACC00494,Bianca,Lindqvist,bianca.lindqvist751@outlook.com,Broker,2026-04-04
CON001410,ACC00579,Tessa,Ahmed,tessa.ahmed881@kw.com,Managing Broker,2026-01-10
CON001411,ACC00032,Felix,Kearney,felix.kearney43@compass.com,Agent,2024-12-25
CON001412,ACC00699,Grant,Kearney,grant.kearney1076@gmail.com,Team Lead,2024-11-25
CON001413,ACC00496,Naomi,Vasquez,naomi.vasquez755@compass.com,Marketing Director,2025-04-27
CON001414,ACC00842,Jordan,Delgado,jordan.delgado1301@compass.com,Agent,2024-02-05
CON001415,ACC00722,Elena,Moreau,elena.moreau1114@gmail.com,Managing Broker,2024-09-16
CON001416,ACC00140,Grant,Delgado,grant.delgado218@kw.com,Managing Broker,2024-09-25
CON001417,ACC00562,Elena,Petrova,elena.petrova858@gmail.com,Agent,2024-11-12
CON001418,ACC00633,Rowan,Ahmed,rowan.ahmed971@outlook.com,Managing Broker,2025-03-30
CON001419,ACC00047,Naomi,Halvorsen,naomi.halvorsen69@gmail.com,Agent,2023-05-12
CON001420,ACC00371,Camille,Nakamura,camille.nakamura572@compass.com,Managing Broker,2024-08-18
CON001421,ACC00588,Rowan,Delgado,rowan.delgado894@outlook.com,Team Lead,2025-10-29
CON001422,ACC00744,Sasha,Thornton,sasha.thornton1142@outlook.com,Broker,2025-03-22
CON001423,ACC00569,Priya,Kearney,priya.kearney865@realtyco.com,Marketing Director,2026-04-29
CON001424,ACC00090,Owen,Nakamura,owen.nakamura138@kw.com,Broker,2023-10-26
CON001425,ACC94305,Riley,Kaplan,riley.kaplan1425@realtyco.com,Agent,2025-08-30
CON001426,ACC93985,Noel,Bautista,noel.bautista1426@outlook.com,Agent,2023-09-05
CON001427,ACC91415,Avery,Nakamura,avery.nakamura1427@compass.com,Agent,2024-01-18
CON001428,ACC97308,Grant,Delgado,grant.delgado1428@compass.com,Agent,2025-02-03
CON001429,ACC97829,Sasha,Ahmed,sasha.ahmed1429@gmail.com,Agent,2024-01-15
CON001430,ACC91898,Bianca,Osei,bianca.osei1430@compass.com,Agent,2023-03-23
